  failed 3449987949_Preview001.jpg: <urlopen error timed out>
  failed 3449979074_Preview001.jpg: <urlopen error timed out>
  failed 3449953358_Preview001.jpg: <urlopen error timed out>
  failed 3449943128_Preview001.jpg: <urlopen error timed out>
  failed 3449934212_Preview001.jpg: <urlopen error timed out>
Loaded 32095 occurrence records
Total multimedia rows: 42152

Done. total=42006, downloaded=0, skipped=42001, errors=5
Device: cuda
Loading datasets...
Classes: 317, total samples: 40902
Discarded 247 species (1087 records) below MIN_GBIFIDS=10
Classes: 317 | train: 28370 | val: 5933
Building model...
Mixed precision (autocast + GradScaler) enabled
--resume set but no last.pt found; starting from scratch
  train [----------------------------------------] 4/444  loss=5.7200
  train [----------------------------------------] 8/444  loss=5.7309
  train [#---------------------------------------] 12/444  loss=5.7678
  train [#---------------------------------------] 16/444  loss=5.7651
  train [#---------------------------------------] 20/444  loss=5.7268
  train [##--------------------------------------] 24/444  loss=5.7073
  train [##--------------------------------------] 28/444  loss=5.6983
  train [##--------------------------------------] 32/444  loss=5.6883
  train [###-------------------------------------] 36/444  loss=5.6711
  train [###-------------------------------------] 40/444  loss=5.6607
  train [###-------------------------------------] 44/444  loss=5.6510
  train [####------------------------------------] 48/444  loss=5.6362
  train [####------------------------------------] 52/444  loss=5.6215
  train [#####-----------------------------------] 56/444  loss=5.6121
  train [#####-----------------------------------] 60/444  loss=5.6043
  train [#####-----------------------------------] 64/444  loss=5.5850
  train [######----------------------------------] 68/444  loss=5.5655
  train [######----------------------------------] 72/444  loss=5.5492
  train [######----------------------------------] 76/444  loss=5.5317
  train [#######---------------------------------] 80/444  loss=5.5057
  train [#######---------------------------------] 84/444  loss=5.4908
  train [#######---------------------------------] 88/444  loss=5.4646
  train [########--------------------------------] 92/444  loss=5.4364
  train [########--------------------------------] 96/444  loss=5.4073
  train [#########-------------------------------] 100/444  loss=5.3756
  train [#########-------------------------------] 104/444  loss=5.3397
  train [#########-------------------------------] 108/444  loss=5.3089
  train [##########------------------------------] 112/444  loss=5.2771
  train [##########------------------------------] 116/444  loss=5.2413
  train [##########------------------------------] 120/444  loss=5.2135
  train [###########-----------------------------] 124/444  loss=5.1899
  train [###########-----------------------------] 128/444  loss=5.1631
  train [###########-----------------------------] 132/444  loss=5.1330
  train [############----------------------------] 136/444  loss=5.1069
  train [############----------------------------] 140/444  loss=5.0757
  train [############----------------------------] 144/444  loss=5.0471
  train [#############---------------------------] 148/444  loss=5.0207
  train [#############---------------------------] 152/444  loss=4.9893
  train [##############--------------------------] 156/444  loss=4.9575
  train [##############--------------------------] 160/444  loss=4.9279
  train [##############--------------------------] 164/444  loss=4.9050
  train [###############-------------------------] 168/444  loss=4.8769
  train [###############-------------------------] 172/444  loss=4.8445
  train [###############-------------------------] 176/444  loss=4.8157
  train [################------------------------] 180/444  loss=4.7881
  train [################------------------------] 184/444  loss=4.7610
  train [################------------------------] 188/444  loss=4.7337
  train [#################-----------------------] 192/444  loss=4.7051
  train [#################-----------------------] 196/444  loss=4.6753
  train [##################----------------------] 200/444  loss=4.6443
  train [##################----------------------] 204/444  loss=4.6138
  train [##################----------------------] 208/444  loss=4.5887
  train [###################---------------------] 212/444  loss=4.5625
  train [###################---------------------] 216/444  loss=4.5359
  train [###################---------------------] 220/444  loss=4.5134
  train [####################--------------------] 224/444  loss=4.4877
  train [####################--------------------] 228/444  loss=4.4632
  train [####################--------------------] 232/444  loss=4.4395
  train [#####################-------------------] 236/444  loss=4.4113
  train [#####################-------------------] 240/444  loss=4.3867
  train [#####################-------------------] 244/444  loss=4.3618
  train [######################------------------] 248/444  loss=4.3400
  train [######################------------------] 252/444  loss=4.3131
  train [#######################-----------------] 256/444  loss=4.2908
  train [#######################-----------------] 260/444  loss=4.2654
  train [#######################-----------------] 264/444  loss=4.2427
  train [########################----------------] 268/444  loss=4.2218
  train [########################----------------] 272/444  loss=4.2004
  train [########################----------------] 276/444  loss=4.1795
  train [#########################---------------] 280/444  loss=4.1576
  train [#########################---------------] 284/444  loss=4.1380
  train [#########################---------------] 288/444  loss=4.1188
  train [##########################--------------] 292/444  loss=4.1025
  train [##########################--------------] 296/444  loss=4.0812
  train [###########################-------------] 300/444  loss=4.0615
  train [###########################-------------] 304/444  loss=4.0422
  train [###########################-------------] 308/444  loss=4.0208
  train [############################------------] 312/444  loss=4.0022
  train [############################------------] 316/444  loss=3.9782
  train [############################------------] 320/444  loss=3.9597
  train [#############################-----------] 324/444  loss=3.9384
  train [#############################-----------] 328/444  loss=3.9197
  train [#############################-----------] 332/444  loss=3.9025
  train [##############################----------] 336/444  loss=3.8848
  train [##############################----------] 340/444  loss=3.8646
  train [##############################----------] 344/444  loss=3.8488
  train [###############################---------] 348/444  loss=3.8310
  train [###############################---------] 352/444  loss=3.8155
  train [################################--------] 356/444  loss=3.7995
  train [################################--------] 360/444  loss=3.7814
  train [################################--------] 364/444  loss=3.7649
  train [#################################-------] 368/444  loss=3.7499
  train [#################################-------] 372/444  loss=3.7386
  train [#################################-------] 376/444  loss=3.7218
  train [##################################------] 380/444  loss=3.7067
  train [##################################------] 384/444  loss=3.6911
  train [##################################------] 388/444  loss=3.6756
  train [###################################-----] 392/444  loss=3.6610
  train [###################################-----] 396/444  loss=3.6452
  train [####################################----] 400/444  loss=3.6320
  train [####################################----] 404/444  loss=3.6187
  train [####################################----] 408/444  loss=3.6047
  train [#####################################---] 412/444  loss=3.5909
  train [#####################################---] 416/444  loss=3.5770
  train [#####################################---] 420/444  loss=3.5621
  train [######################################--] 424/444  loss=3.5493
  train [######################################--] 428/444  loss=3.5359
  train [######################################--] 432/444  loss=3.5248
  train [#######################################-] 436/444  loss=3.5104
  train [#######################################-] 440/444  loss=3.4957
  train [########################################] 444/444  loss=3.4791
  val   [----------------------------------------] 1/93
  val   [----------------------------------------] 2/93
  val   [#---------------------------------------] 3/93
  val   [#---------------------------------------] 4/93
  val   [##--------------------------------------] 5/93
  val   [##--------------------------------------] 6/93
  val   [###-------------------------------------] 7/93
  val   [###-------------------------------------] 8/93
  val   [###-------------------------------------] 9/93
  val   [####------------------------------------] 10/93
  val   [####------------------------------------] 11/93
  val   [#####-----------------------------------] 12/93
  val   [#####-----------------------------------] 13/93
  val   [######----------------------------------] 14/93
  val   [######----------------------------------] 15/93
  val   [######----------------------------------] 16/93
  val   [#######---------------------------------] 17/93
  val   [#######---------------------------------] 18/93
  val   [########--------------------------------] 19/93
  val   [########--------------------------------] 20/93
  val   [#########-------------------------------] 21/93
  val   [#########-------------------------------] 22/93
  val   [#########-------------------------------] 23/93
  val   [##########------------------------------] 24/93
  val   [##########------------------------------] 25/93
  val   [###########-----------------------------] 26/93
  val   [###########-----------------------------] 27/93
  val   [############----------------------------] 28/93
  val   [############----------------------------] 29/93
  val   [############----------------------------] 30/93
  val   [#############---------------------------] 31/93
  val   [#############---------------------------] 32/93
  val   [##############--------------------------] 33/93
  val   [##############--------------------------] 34/93
  val   [###############-------------------------] 35/93
  val   [###############-------------------------] 36/93
  val   [###############-------------------------] 37/93
  val   [################------------------------] 38/93
  val   [################------------------------] 39/93
  val   [#################-----------------------] 40/93
  val   [#################-----------------------] 41/93
  val   [##################----------------------] 42/93
  val   [##################----------------------] 43/93
  val   [##################----------------------] 44/93
  val   [###################---------------------] 45/93
  val   [###################---------------------] 46/93
  val   [####################--------------------] 47/93
  val   [####################--------------------] 48/93
  val   [#####################-------------------] 49/93
  val   [#####################-------------------] 50/93
  val   [#####################-------------------] 51/93
  val   [######################------------------] 52/93
  val   [######################------------------] 53/93
  val   [#######################-----------------] 54/93
  val   [#######################-----------------] 55/93
  val   [########################----------------] 56/93
  val   [########################----------------] 57/93
  val   [########################----------------] 58/93
  val   [#########################---------------] 59/93
  val   [#########################---------------] 60/93
  val   [##########################--------------] 61/93
  val   [##########################--------------] 62/93
  val   [###########################-------------] 63/93
  val   [###########################-------------] 64/93
  val   [###########################-------------] 65/93
  val   [############################------------] 66/93
  val   [############################------------] 67/93
  val   [#############################-----------] 68/93
  val   [#############################-----------] 69/93
  val   [##############################----------] 70/93
  val   [##############################----------] 71/93
  val   [##############################----------] 72/93
  val   [###############################---------] 73/93
  val   [###############################---------] 74/93
  val   [################################--------] 75/93
  val   [################################--------] 76/93
  val   [#################################-------] 77/93
  val   [#################################-------] 78/93
  val   [#################################-------] 79/93
  val   [##################################------] 80/93
  val   [##################################------] 81/93
  val   [###################################-----] 82/93
  val   [###################################-----] 83/93
  val   [####################################----] 84/93
  val   [####################################----] 85/93
  val   [####################################----] 86/93
  val   [#####################################---] 87/93
  val   [#####################################---] 88/93
  val   [######################################--] 89/93
  val   [######################################--] 90/93
  val   [#######################################-] 91/93
  val   [#######################################-] 92/93
  val   [########################################] 93/93
Epoch   0 | train_loss=3.4848 | val_loss=1.7005 | val_acc=0.6314
  -> best model saved (val_loss=1.7005)
  train [----------------------------------------] 4/444  loss=1.6640
  train [----------------------------------------] 8/444  loss=1.6251
  train [#---------------------------------------] 12/444  loss=1.6181
  train [#---------------------------------------] 16/444  loss=1.6615
  train [#---------------------------------------] 20/444  loss=1.6538
  train [##--------------------------------------] 24/444  loss=1.6505
  train [##--------------------------------------] 28/444  loss=1.6999
  train [##--------------------------------------] 32/444  loss=1.7027
  train [###-------------------------------------] 36/444  loss=1.7005
  train [###-------------------------------------] 40/444  loss=1.7005
  train [###-------------------------------------] 44/444  loss=1.6784
  train [####------------------------------------] 48/444  loss=1.6679
  train [####------------------------------------] 52/444  loss=1.6634
  train [#####-----------------------------------] 56/444  loss=1.6610
  train [#####-----------------------------------] 60/444  loss=1.6542
  train [#####-----------------------------------] 64/444  loss=1.6517
  train [######----------------------------------] 68/444  loss=1.6544
  train [######----------------------------------] 72/444  loss=1.6554
  train [######----------------------------------] 76/444  loss=1.6445
  train [#######---------------------------------] 80/444  loss=1.6492
  train [#######---------------------------------] 84/444  loss=1.6481
  train [#######---------------------------------] 88/444  loss=1.6438
  train [########--------------------------------] 92/444  loss=1.6477
  train [########--------------------------------] 96/444  loss=1.6354
  train [#########-------------------------------] 100/444  loss=1.6366
  train [#########-------------------------------] 104/444  loss=1.6333
  train [#########-------------------------------] 108/444  loss=1.6231
  train [##########------------------------------] 112/444  loss=1.6129
  train [##########------------------------------] 116/444  loss=1.6093
  train [##########------------------------------] 120/444  loss=1.6052
  train [###########-----------------------------] 124/444  loss=1.6061
  train [###########-----------------------------] 128/444  loss=1.6041
  train [###########-----------------------------] 132/444  loss=1.6009
  train [############----------------------------] 136/444  loss=1.5963
  train [############----------------------------] 140/444  loss=1.5970
  train [############----------------------------] 144/444  loss=1.5953
  train [#############---------------------------] 148/444  loss=1.5909
  train [#############---------------------------] 152/444  loss=1.5879
  train [##############--------------------------] 156/444  loss=1.5840
  train [##############--------------------------] 160/444  loss=1.5835
  train [##############--------------------------] 164/444  loss=1.5804
  train [###############-------------------------] 168/444  loss=1.5769
  train [###############-------------------------] 172/444  loss=1.5727
  train [###############-------------------------] 176/444  loss=1.5717
  train [################------------------------] 180/444  loss=1.5697
  train [################------------------------] 184/444  loss=1.5655
  train [################------------------------] 188/444  loss=1.5647
  train [#################-----------------------] 192/444  loss=1.5631
  train [#################-----------------------] 196/444  loss=1.5607
  train [##################----------------------] 200/444  loss=1.5582
  train [##################----------------------] 204/444  loss=1.5557
  train [##################----------------------] 208/444  loss=1.5478
  train [###################---------------------] 212/444  loss=1.5418
  train [###################---------------------] 216/444  loss=1.5397
  train [###################---------------------] 220/444  loss=1.5341
  train [####################--------------------] 224/444  loss=1.5319
  train [####################--------------------] 228/444  loss=1.5304
  train [####################--------------------] 232/444  loss=1.5276
  train [#####################-------------------] 236/444  loss=1.5252
  train [#####################-------------------] 240/444  loss=1.5253
  train [#####################-------------------] 244/444  loss=1.5211
  train [######################------------------] 248/444  loss=1.5197
  train [######################------------------] 252/444  loss=1.5151
  train [#######################-----------------] 256/444  loss=1.5156
  train [#######################-----------------] 260/444  loss=1.5134
  train [#######################-----------------] 264/444  loss=1.5074
  train [########################----------------] 268/444  loss=1.5037
  train [########################----------------] 272/444  loss=1.5003
  train [########################----------------] 276/444  loss=1.4956
  train [#########################---------------] 280/444  loss=1.4943
  train [#########################---------------] 284/444  loss=1.4915
  train [#########################---------------] 288/444  loss=1.4905
  train [##########################--------------] 292/444  loss=1.4864
  train [##########################--------------] 296/444  loss=1.4858
  train [###########################-------------] 300/444  loss=1.4849
  train [###########################-------------] 304/444  loss=1.4832
  train [###########################-------------] 308/444  loss=1.4821
  train [############################------------] 312/444  loss=1.4778
  train [############################------------] 316/444  loss=1.4743
  train [############################------------] 320/444  loss=1.4719
  train [#############################-----------] 324/444  loss=1.4680
  train [#############################-----------] 328/444  loss=1.4635
  train [#############################-----------] 332/444  loss=1.4591
  train [##############################----------] 336/444  loss=1.4570
  train [##############################----------] 340/444  loss=1.4532
  train [##############################----------] 344/444  loss=1.4507
  train [###############################---------] 348/444  loss=1.4465
  train [###############################---------] 352/444  loss=1.4421
  train [################################--------] 356/444  loss=1.4424
  train [################################--------] 360/444  loss=1.4402
  train [################################--------] 364/444  loss=1.4376
  train [#################################-------] 368/444  loss=1.4360
  train [#################################-------] 372/444  loss=1.4347
  train [#################################-------] 376/444  loss=1.4322
  train [##################################------] 380/444  loss=1.4290
  train [##################################------] 384/444  loss=1.4264
  train [##################################------] 388/444  loss=1.4228
  train [###################################-----] 392/444  loss=1.4204
  train [###################################-----] 396/444  loss=1.4169
  train [####################################----] 400/444  loss=1.4155
  train [####################################----] 404/444  loss=1.4143
  train [####################################----] 408/444  loss=1.4122
  train [#####################################---] 412/444  loss=1.4093
  train [#####################################---] 416/444  loss=1.4075
  train [#####################################---] 420/444  loss=1.4050
  train [######################################--] 424/444  loss=1.4027
  train [######################################--] 428/444  loss=1.3996
  train [######################################--] 432/444  loss=1.3978
  train [#######################################-] 436/444  loss=1.3949
  train [#######################################-] 440/444  loss=1.3943
  train [########################################] 444/444  loss=1.3909
  val   [----------------------------------------] 1/93
  val   [----------------------------------------] 2/93
  val   [#---------------------------------------] 3/93
  val   [#---------------------------------------] 4/93
  val   [##--------------------------------------] 5/93
  val   [##--------------------------------------] 6/93
  val   [###-------------------------------------] 7/93
  val   [###-------------------------------------] 8/93
  val   [###-------------------------------------] 9/93
  val   [####------------------------------------] 10/93
  val   [####------------------------------------] 11/93
  val   [#####-----------------------------------] 12/93
  val   [#####-----------------------------------] 13/93
  val   [######----------------------------------] 14/93
  val   [######----------------------------------] 15/93
  val   [######----------------------------------] 16/93
  val   [#######---------------------------------] 17/93
  val   [#######---------------------------------] 18/93
  val   [########--------------------------------] 19/93
  val   [########--------------------------------] 20/93
  val   [#########-------------------------------] 21/93
  val   [#########-------------------------------] 22/93
  val   [#########-------------------------------] 23/93
  val   [##########------------------------------] 24/93
  val   [##########------------------------------] 25/93
  val   [###########-----------------------------] 26/93
  val   [###########-----------------------------] 27/93
  val   [############----------------------------] 28/93
  val   [############----------------------------] 29/93
  val   [############----------------------------] 30/93
  val   [#############---------------------------] 31/93
  val   [#############---------------------------] 32/93
  val   [##############--------------------------] 33/93
  val   [##############--------------------------] 34/93
  val   [###############-------------------------] 35/93
  val   [###############-------------------------] 36/93
  val   [###############-------------------------] 37/93
  val   [################------------------------] 38/93
  val   [################------------------------] 39/93
  val   [#################-----------------------] 40/93
  val   [#################-----------------------] 41/93
  val   [##################----------------------] 42/93
  val   [##################----------------------] 43/93
  val   [##################----------------------] 44/93
  val   [###################---------------------] 45/93
  val   [###################---------------------] 46/93
  val   [####################--------------------] 47/93
  val   [####################--------------------] 48/93
  val   [#####################-------------------] 49/93
  val   [#####################-------------------] 50/93
  val   [#####################-------------------] 51/93
  val   [######################------------------] 52/93
  val   [######################------------------] 53/93
  val   [#######################-----------------] 54/93
  val   [#######################-----------------] 55/93
  val   [########################----------------] 56/93
  val   [########################----------------] 57/93
  val   [########################----------------] 58/93
  val   [#########################---------------] 59/93
  val   [#########################---------------] 60/93
  val   [##########################--------------] 61/93
  val   [##########################--------------] 62/93
  val   [###########################-------------] 63/93
  val   [###########################-------------] 64/93
  val   [###########################-------------] 65/93
  val   [############################------------] 66/93
  val   [############################------------] 67/93
  val   [#############################-----------] 68/93
  val   [#############################-----------] 69/93
  val   [##############################----------] 70/93
  val   [##############################----------] 71/93
  val   [##############################----------] 72/93
  val   [###############################---------] 73/93
  val   [###############################---------] 74/93
  val   [################################--------] 75/93
  val   [################################--------] 76/93
  val   [#################################-------] 77/93
  val   [#################################-------] 78/93
  val   [#################################-------] 79/93
  val   [##################################------] 80/93
  val   [##################################------] 81/93
  val   [###################################-----] 82/93
  val   [###################################-----] 83/93
  val   [####################################----] 84/93
  val   [####################################----] 85/93
  val   [####################################----] 86/93
  val   [#####################################---] 87/93
  val   [#####################################---] 88/93
  val   [######################################--] 89/93
  val   [######################################--] 90/93
  val   [#######################################-] 91/93
  val   [#######################################-] 92/93
  val   [########################################] 93/93
Epoch   1 | train_loss=1.3932 | val_loss=1.1103 | val_acc=0.7361
  -> best model saved (val_loss=1.1103)
  train [----------------------------------------] 4/444  loss=0.8642
  train [----------------------------------------] 8/444  loss=0.9013
  train [#---------------------------------------] 12/444  loss=0.9125
  train [#---------------------------------------] 16/444  loss=0.8989
  train [#---------------------------------------] 20/444  loss=0.9109
  train [##--------------------------------------] 24/444  loss=0.9238
  train [##--------------------------------------] 28/444  loss=0.9241
  train [##--------------------------------------] 32/444  loss=0.9095
  train [###-------------------------------------] 36/444  loss=0.9144
  train [###-------------------------------------] 40/444  loss=0.9148
  train [###-------------------------------------] 44/444  loss=0.9228
  train [####------------------------------------] 48/444  loss=0.9254
  train [####------------------------------------] 52/444  loss=0.9177
  train [#####-----------------------------------] 56/444  loss=0.9077
  train [#####-----------------------------------] 60/444  loss=0.8974
  train [#####-----------------------------------] 64/444  loss=0.9044
  train [######----------------------------------] 68/444  loss=0.8937
  train [######----------------------------------] 72/444  loss=0.8917
  train [######----------------------------------] 76/444  loss=0.8894
  train [#######---------------------------------] 80/444  loss=0.8958
  train [#######---------------------------------] 84/444  loss=0.8979
  train [#######---------------------------------] 88/444  loss=0.9009
  train [########--------------------------------] 92/444  loss=0.9091
  train [########--------------------------------] 96/444  loss=0.9071
  train [#########-------------------------------] 100/444  loss=0.9117
  train [#########-------------------------------] 104/444  loss=0.9091
  train [#########-------------------------------] 108/444  loss=0.9098
  train [##########------------------------------] 112/444  loss=0.9105
  train [##########------------------------------] 116/444  loss=0.9152
  train [##########------------------------------] 120/444  loss=0.9117
  train [###########-----------------------------] 124/444  loss=0.9127
  train [###########-----------------------------] 128/444  loss=0.9109
  train [###########-----------------------------] 132/444  loss=0.9068
  train [############----------------------------] 136/444  loss=0.9071
  train [############----------------------------] 140/444  loss=0.9039
  train [############----------------------------] 144/444  loss=0.8994
  train [#############---------------------------] 148/444  loss=0.9029
  train [#############---------------------------] 152/444  loss=0.9017
  train [##############--------------------------] 156/444  loss=0.9031
  train [##############--------------------------] 160/444  loss=0.8995
  train [##############--------------------------] 164/444  loss=0.9019
  train [###############-------------------------] 168/444  loss=0.8996
  train [###############-------------------------] 172/444  loss=0.9000
  train [###############-------------------------] 176/444  loss=0.8987
  train [################------------------------] 180/444  loss=0.8980
  train [################------------------------] 184/444  loss=0.8991
  train [################------------------------] 188/444  loss=0.9001
  train [#################-----------------------] 192/444  loss=0.8980
  train [#################-----------------------] 196/444  loss=0.8981
  train [##################----------------------] 200/444  loss=0.8953
  train [##################----------------------] 204/444  loss=0.8912
  train [##################----------------------] 208/444  loss=0.8902
  train [###################---------------------] 212/444  loss=0.8919
  train [###################---------------------] 216/444  loss=0.8888
  train [###################---------------------] 220/444  loss=0.8877
  train [####################--------------------] 224/444  loss=0.8867
  train [####################--------------------] 228/444  loss=0.8850
  train [####################--------------------] 232/444  loss=0.8836
  train [#####################-------------------] 236/444  loss=0.8808
  train [#####################-------------------] 240/444  loss=0.8803
  train [#####################-------------------] 244/444  loss=0.8802
  train [######################------------------] 248/444  loss=0.8790
  train [######################------------------] 252/444  loss=0.8810
  train [#######################-----------------] 256/444  loss=0.8786
  train [#######################-----------------] 260/444  loss=0.8785
  train [#######################-----------------] 264/444  loss=0.8778
  train [########################----------------] 268/444  loss=0.8770
  train [########################----------------] 272/444  loss=0.8754
  train [########################----------------] 276/444  loss=0.8744
  train [#########################---------------] 280/444  loss=0.8739
  train [#########################---------------] 284/444  loss=0.8748
  train [#########################---------------] 288/444  loss=0.8729
  train [##########################--------------] 292/444  loss=0.8731
  train [##########################--------------] 296/444  loss=0.8708
  train [###########################-------------] 300/444  loss=0.8706
  train [###########################-------------] 304/444  loss=0.8703
  train [###########################-------------] 308/444  loss=0.8690
  train [############################------------] 312/444  loss=0.8699
  train [############################------------] 316/444  loss=0.8679
  train [############################------------] 320/444  loss=0.8662
  train [#############################-----------] 324/444  loss=0.8647
  train [#############################-----------] 328/444  loss=0.8635
  train [#############################-----------] 332/444  loss=0.8619
  train [##############################----------] 336/444  loss=0.8620
  train [##############################----------] 340/444  loss=0.8611
  train [##############################----------] 344/444  loss=0.8605
  train [###############################---------] 348/444  loss=0.8612
  train [###############################---------] 352/444  loss=0.8598
  train [################################--------] 356/444  loss=0.8590
  train [################################--------] 360/444  loss=0.8601
  train [################################--------] 364/444  loss=0.8591
  train [#################################-------] 368/444  loss=0.8589
  train [#################################-------] 372/444  loss=0.8566
  train [#################################-------] 376/444  loss=0.8554
  train [##################################------] 380/444  loss=0.8560
  train [##################################------] 384/444  loss=0.8560
  train [##################################------] 388/444  loss=0.8560
  train [###################################-----] 392/444  loss=0.8547
  train [###################################-----] 396/444  loss=0.8530
  train [####################################----] 400/444  loss=0.8522
  train [####################################----] 404/444  loss=0.8523
  train [####################################----] 408/444  loss=0.8519
  train [#####################################---] 412/444  loss=0.8521
  train [#####################################---] 416/444  loss=0.8522
  train [#####################################---] 420/444  loss=0.8534
  train [######################################--] 424/444  loss=0.8534
  train [######################################--] 428/444  loss=0.8531
  train [######################################--] 432/444  loss=0.8531
  train [#######################################-] 436/444  loss=0.8520
  train [#######################################-] 440/444  loss=0.8521
  train [########################################] 444/444  loss=0.8505
  val   [----------------------------------------] 1/93
  val   [----------------------------------------] 2/93
  val   [#---------------------------------------] 3/93
  val   [#---------------------------------------] 4/93
  val   [##--------------------------------------] 5/93
  val   [##--------------------------------------] 6/93
  val   [###-------------------------------------] 7/93
  val   [###-------------------------------------] 8/93
  val   [###-------------------------------------] 9/93
  val   [####------------------------------------] 10/93
  val   [####------------------------------------] 11/93
  val   [#####-----------------------------------] 12/93
  val   [#####-----------------------------------] 13/93
  val   [######----------------------------------] 14/93
  val   [######----------------------------------] 15/93
  val   [######----------------------------------] 16/93
  val   [#######---------------------------------] 17/93
  val   [#######---------------------------------] 18/93
  val   [########--------------------------------] 19/93
  val   [########--------------------------------] 20/93
  val   [#########-------------------------------] 21/93
  val   [#########-------------------------------] 22/93
  val   [#########-------------------------------] 23/93
  val   [##########------------------------------] 24/93
  val   [##########------------------------------] 25/93
  val   [###########-----------------------------] 26/93
  val   [###########-----------------------------] 27/93
  val   [############----------------------------] 28/93
  val   [############----------------------------] 29/93
  val   [############----------------------------] 30/93
  val   [#############---------------------------] 31/93
  val   [#############---------------------------] 32/93
  val   [##############--------------------------] 33/93
  val   [##############--------------------------] 34/93
  val   [###############-------------------------] 35/93
  val   [###############-------------------------] 36/93
  val   [###############-------------------------] 37/93
  val   [################------------------------] 38/93
  val   [################------------------------] 39/93
  val   [#################-----------------------] 40/93
  val   [#################-----------------------] 41/93
  val   [##################----------------------] 42/93
  val   [##################----------------------] 43/93
  val   [##################----------------------] 44/93
  val   [###################---------------------] 45/93
  val   [###################---------------------] 46/93
  val   [####################--------------------] 47/93
  val   [####################--------------------] 48/93
  val   [#####################-------------------] 49/93
  val   [#####################-------------------] 50/93
  val   [#####################-------------------] 51/93
  val   [######################------------------] 52/93
  val   [######################------------------] 53/93
  val   [#######################-----------------] 54/93
  val   [#######################-----------------] 55/93
  val   [########################----------------] 56/93
  val   [########################----------------] 57/93
  val   [########################----------------] 58/93
  val   [#########################---------------] 59/93
  val   [#########################---------------] 60/93
  val   [##########################--------------] 61/93
  val   [##########################--------------] 62/93
  val   [###########################-------------] 63/93
  val   [###########################-------------] 64/93
  val   [###########################-------------] 65/93
  val   [############################------------] 66/93
  val   [############################------------] 67/93
  val   [#############################-----------] 68/93
  val   [#############################-----------] 69/93
  val   [##############################----------] 70/93
  val   [##############################----------] 71/93
  val   [##############################----------] 72/93
  val   [###############################---------] 73/93
  val   [###############################---------] 74/93
  val   [################################--------] 75/93
  val   [################################--------] 76/93
  val   [#################################-------] 77/93
  val   [#################################-------] 78/93
  val   [#################################-------] 79/93
  val   [##################################------] 80/93
  val   [##################################------] 81/93
  val   [###################################-----] 82/93
  val   [###################################-----] 83/93
  val   [####################################----] 84/93
  val   [####################################----] 85/93
  val   [####################################----] 86/93
  val   [#####################################---] 87/93
  val   [#####################################---] 88/93
  val   [######################################--] 89/93
  val   [######################################--] 90/93
  val   [#######################################-] 91/93
  val   [#######################################-] 92/93
  val   [########################################] 93/93
Epoch   2 | train_loss=0.8519 | val_loss=0.8949 | val_acc=0.7827
  -> best model saved (val_loss=0.8949)
  train [----------------------------------------] 4/444  loss=0.5303
  train [----------------------------------------] 8/444  loss=0.5275
  train [#---------------------------------------] 12/444  loss=0.5442
  train [#---------------------------------------] 16/444  loss=0.5466
  train [#---------------------------------------] 20/444  loss=0.5691
  train [##--------------------------------------] 24/444  loss=0.5780
  train [##--------------------------------------] 28/444  loss=0.5738
  train [##--------------------------------------] 32/444  loss=0.5732
  train [###-------------------------------------] 36/444  loss=0.5685
  train [###-------------------------------------] 40/444  loss=0.5862
  train [###-------------------------------------] 44/444  loss=0.5912
  train [####------------------------------------] 48/444  loss=0.5918
  train [####------------------------------------] 52/444  loss=0.5827
  train [#####-----------------------------------] 56/444  loss=0.5851
  train [#####-----------------------------------] 60/444  loss=0.5801
  train [#####-----------------------------------] 64/444  loss=0.5794
  train [######----------------------------------] 68/444  loss=0.5782
  train [######----------------------------------] 72/444  loss=0.5740
  train [######----------------------------------] 76/444  loss=0.5698
  train [#######---------------------------------] 80/444  loss=0.5662
  train [#######---------------------------------] 84/444  loss=0.5654
  train [#######---------------------------------] 88/444  loss=0.5624
  train [########--------------------------------] 92/444  loss=0.5603
  train [########--------------------------------] 96/444  loss=0.5594
  train [#########-------------------------------] 100/444  loss=0.5578
  train [#########-------------------------------] 104/444  loss=0.5556
  train [#########-------------------------------] 108/444  loss=0.5619
  train [##########------------------------------] 112/444  loss=0.5609
  train [##########------------------------------] 116/444  loss=0.5605
  train [##########------------------------------] 120/444  loss=0.5634
  train [###########-----------------------------] 124/444  loss=0.5673
  train [###########-----------------------------] 128/444  loss=0.5709
  train [###########-----------------------------] 132/444  loss=0.5692
  train [############----------------------------] 136/444  loss=0.5706
  train [############----------------------------] 140/444  loss=0.5721
  train [############----------------------------] 144/444  loss=0.5737
  train [#############---------------------------] 148/444  loss=0.5747
  train [#############---------------------------] 152/444  loss=0.5750
  train [##############--------------------------] 156/444  loss=0.5730
  train [##############--------------------------] 160/444  loss=0.5727
  train [##############--------------------------] 164/444  loss=0.5744
  train [###############-------------------------] 168/444  loss=0.5759
  train [###############-------------------------] 172/444  loss=0.5765
  train [###############-------------------------] 176/444  loss=0.5778
  train [################------------------------] 180/444  loss=0.5808
  train [################------------------------] 184/444  loss=0.5812
  train [################------------------------] 188/444  loss=0.5829
  train [#################-----------------------] 192/444  loss=0.5816
  train [#################-----------------------] 196/444  loss=0.5843
  train [##################----------------------] 200/444  loss=0.5884
  train [##################----------------------] 204/444  loss=0.5895
  train [##################----------------------] 208/444  loss=0.5905
  train [###################---------------------] 212/444  loss=0.5918
  train [###################---------------------] 216/444  loss=0.5923
  train [###################---------------------] 220/444  loss=0.5908
  train [####################--------------------] 224/444  loss=0.5909
  train [####################--------------------] 228/444  loss=0.5883
  train [####################--------------------] 232/444  loss=0.5887
  train [#####################-------------------] 236/444  loss=0.5888
  train [#####################-------------------] 240/444  loss=0.5879
  train [#####################-------------------] 244/444  loss=0.5885
  train [######################------------------] 248/444  loss=0.5887
  train [######################------------------] 252/444  loss=0.5885
  train [#######################-----------------] 256/444  loss=0.5903
  train [#######################-----------------] 260/444  loss=0.5902
  train [#######################-----------------] 264/444  loss=0.5902
  train [########################----------------] 268/444  loss=0.5892
  train [########################----------------] 272/444  loss=0.5894
  train [########################----------------] 276/444  loss=0.5894
  train [#########################---------------] 280/444  loss=0.5894
  train [#########################---------------] 284/444  loss=0.5904
  train [#########################---------------] 288/444  loss=0.5909
  train [##########################--------------] 292/444  loss=0.5904
  train [##########################--------------] 296/444  loss=0.5899
  train [###########################-------------] 300/444  loss=0.5888
  train [###########################-------------] 304/444  loss=0.5890
  train [###########################-------------] 308/444  loss=0.5879
  train [############################------------] 312/444  loss=0.5893
  train [############################------------] 316/444  loss=0.5899
  train [############################------------] 320/444  loss=0.5903
  train [#############################-----------] 324/444  loss=0.5906
  train [#############################-----------] 328/444  loss=0.5918
  train [#############################-----------] 332/444  loss=0.5914
  train [##############################----------] 336/444  loss=0.5924
  train [##############################----------] 340/444  loss=0.5919
  train [##############################----------] 344/444  loss=0.5919
  train [###############################---------] 348/444  loss=0.5936
  train [###############################---------] 352/444  loss=0.5944
  train [################################--------] 356/444  loss=0.5925
  train [################################--------] 360/444  loss=0.5921
  train [################################--------] 364/444  loss=0.5923
  train [#################################-------] 368/444  loss=0.5926
  train [#################################-------] 372/444  loss=0.5939
  train [#################################-------] 376/444  loss=0.5938
  train [##################################------] 380/444  loss=0.5943
  train [##################################------] 384/444  loss=0.5939
  train [##################################------] 388/444  loss=0.5941
  train [###################################-----] 392/444  loss=0.5937
  train [###################################-----] 396/444  loss=0.5934
  train [####################################----] 400/444  loss=0.5933
  train [####################################----] 404/444  loss=0.5939
  train [####################################----] 408/444  loss=0.5947
  train [#####################################---] 412/444  loss=0.5941
  train [#####################################---] 416/444  loss=0.5935
  train [#####################################---] 420/444  loss=0.5935
  train [######################################--] 424/444  loss=0.5940
  train [######################################--] 428/444  loss=0.5938
  train [######################################--] 432/444  loss=0.5944
  train [#######################################-] 436/444  loss=0.5950
  train [#######################################-] 440/444  loss=0.5971
  train [########################################] 444/444  loss=0.5972
  val   [----------------------------------------] 1/93
  val   [----------------------------------------] 2/93
  val   [#---------------------------------------] 3/93
  val   [#---------------------------------------] 4/93
  val   [##--------------------------------------] 5/93
  val   [##--------------------------------------] 6/93
  val   [###-------------------------------------] 7/93
  val   [###-------------------------------------] 8/93
  val   [###-------------------------------------] 9/93
  val   [####------------------------------------] 10/93
  val   [####------------------------------------] 11/93
  val   [#####-----------------------------------] 12/93
  val   [#####-----------------------------------] 13/93
  val   [######----------------------------------] 14/93
  val   [######----------------------------------] 15/93
  val   [######----------------------------------] 16/93
  val   [#######---------------------------------] 17/93
  val   [#######---------------------------------] 18/93
  val   [########--------------------------------] 19/93
  val   [########--------------------------------] 20/93
  val   [#########-------------------------------] 21/93
  val   [#########-------------------------------] 22/93
  val   [#########-------------------------------] 23/93
  val   [##########------------------------------] 24/93
  val   [##########------------------------------] 25/93
  val   [###########-----------------------------] 26/93
  val   [###########-----------------------------] 27/93
  val   [############----------------------------] 28/93
  val   [############----------------------------] 29/93
  val   [############----------------------------] 30/93
  val   [#############---------------------------] 31/93
  val   [#############---------------------------] 32/93
  val   [##############--------------------------] 33/93
  val   [##############--------------------------] 34/93
  val   [###############-------------------------] 35/93
  val   [###############-------------------------] 36/93
  val   [###############-------------------------] 37/93
  val   [################------------------------] 38/93
  val   [################------------------------] 39/93
  val   [#################-----------------------] 40/93
  val   [#################-----------------------] 41/93
  val   [##################----------------------] 42/93
  val   [##################----------------------] 43/93
  val   [##################----------------------] 44/93
  val   [###################---------------------] 45/93
  val   [###################---------------------] 46/93
  val   [####################--------------------] 47/93
  val   [####################--------------------] 48/93
  val   [#####################-------------------] 49/93
  val   [#####################-------------------] 50/93
  val   [#####################-------------------] 51/93
  val   [######################------------------] 52/93
  val   [######################------------------] 53/93
  val   [#######################-----------------] 54/93
  val   [#######################-----------------] 55/93
  val   [########################----------------] 56/93
  val   [########################----------------] 57/93
  val   [########################----------------] 58/93
  val   [#########################---------------] 59/93
  val   [#########################---------------] 60/93
  val   [##########################--------------] 61/93
  val   [##########################--------------] 62/93
  val   [###########################-------------] 63/93
  val   [###########################-------------] 64/93
  val   [###########################-------------] 65/93
  val   [############################------------] 66/93
  val   [############################------------] 67/93
  val   [#############################-----------] 68/93
  val   [#############################-----------] 69/93
  val   [##############################----------] 70/93
  val   [##############################----------] 71/93
  val   [##############################----------] 72/93
  val   [###############################---------] 73/93
  val   [###############################---------] 74/93
  val   [################################--------] 75/93
  val   [################################--------] 76/93
  val   [#################################-------] 77/93
  val   [#################################-------] 78/93
  val   [#################################-------] 79/93
  val   [##################################------] 80/93
  val   [##################################------] 81/93
  val   [###################################-----] 82/93
  val   [###################################-----] 83/93
  val   [####################################----] 84/93
  val   [####################################----] 85/93
  val   [####################################----] 86/93
  val   [#####################################---] 87/93
  val   [#####################################---] 88/93
  val   [######################################--] 89/93
  val   [######################################--] 90/93
  val   [#######################################-] 91/93
  val   [#######################################-] 92/93
  val   [########################################] 93/93
Epoch   3 | train_loss=0.5981 | val_loss=0.8200 | val_acc=0.7859
  -> best model saved (val_loss=0.8200)
  train [----------------------------------------] 4/444  loss=0.4931
  train [----------------------------------------] 8/444  loss=0.5095
  train [#---------------------------------------] 12/444  loss=0.5097
  train [#---------------------------------------] 16/444  loss=0.5020
  train [#---------------------------------------] 20/444  loss=0.4924
  train [##--------------------------------------] 24/444  loss=0.4919
  train [##--------------------------------------] 28/444  loss=0.4926
  train [##--------------------------------------] 32/444  loss=0.5038
  train [###-------------------------------------] 36/444  loss=0.4982
  train [###-------------------------------------] 40/444  loss=0.4993
  train [###-------------------------------------] 44/444  loss=0.4987
  train [####------------------------------------] 48/444  loss=0.4970
  train [####------------------------------------] 52/444  loss=0.4905
  train [#####-----------------------------------] 56/444  loss=0.4895
  train [#####-----------------------------------] 60/444  loss=0.4887
  train [#####-----------------------------------] 64/444  loss=0.4949
  train [######----------------------------------] 68/444  loss=0.4964
  train [######----------------------------------] 72/444  loss=0.4898
  train [######----------------------------------] 76/444  loss=0.4887
  train [#######---------------------------------] 80/444  loss=0.4851
  train [#######---------------------------------] 84/444  loss=0.4825
  train [#######---------------------------------] 88/444  loss=0.4836
  train [########--------------------------------] 92/444  loss=0.4792
  train [########--------------------------------] 96/444  loss=0.4754
  train [#########-------------------------------] 100/444  loss=0.4688
  train [#########-------------------------------] 104/444  loss=0.4661
  train [#########-------------------------------] 108/444  loss=0.4685
  train [##########------------------------------] 112/444  loss=0.4703
  train [##########------------------------------] 116/444  loss=0.4698
  train [##########------------------------------] 120/444  loss=0.4693
  train [###########-----------------------------] 124/444  loss=0.4716
  train [###########-----------------------------] 128/444  loss=0.4679
  train [###########-----------------------------] 132/444  loss=0.4681
  train [############----------------------------] 136/444  loss=0.4678
  train [############----------------------------] 140/444  loss=0.4643
  train [############----------------------------] 144/444  loss=0.4606
  train [#############---------------------------] 148/444  loss=0.4574
  train [#############---------------------------] 152/444  loss=0.4592
  train [##############--------------------------] 156/444  loss=0.4594
  train [##############--------------------------] 160/444  loss=0.4580
  train [##############--------------------------] 164/444  loss=0.4567
  train [###############-------------------------] 168/444  loss=0.4572
  train [###############-------------------------] 172/444  loss=0.4580
  train [###############-------------------------] 176/444  loss=0.4574
  train [################------------------------] 180/444  loss=0.4589
  train [################------------------------] 184/444  loss=0.4589
  train [################------------------------] 188/444  loss=0.4599
  train [#################-----------------------] 192/444  loss=0.4620
  train [#################-----------------------] 196/444  loss=0.4621
  train [##################----------------------] 200/444  loss=0.4616
  train [##################----------------------] 204/444  loss=0.4603
  train [##################----------------------] 208/444  loss=0.4587
  train [###################---------------------] 212/444  loss=0.4569
  train [###################---------------------] 216/444  loss=0.4573
  train [###################---------------------] 220/444  loss=0.4569
  train [####################--------------------] 224/444  loss=0.4562
  train [####################--------------------] 228/444  loss=0.4553
  train [####################--------------------] 232/444  loss=0.4548
  train [#####################-------------------] 236/444  loss=0.4547
  train [#####################-------------------] 240/444  loss=0.4534
  train [#####################-------------------] 244/444  loss=0.4529
  train [######################------------------] 248/444  loss=0.4555
  train [######################------------------] 252/444  loss=0.4540
  train [#######################-----------------] 256/444  loss=0.4551
  train [#######################-----------------] 260/444  loss=0.4549
  train [#######################-----------------] 264/444  loss=0.4560
  train [########################----------------] 268/444  loss=0.4566
  train [########################----------------] 272/444  loss=0.4569
  train [########################----------------] 276/444  loss=0.4548
  train [#########################---------------] 280/444  loss=0.4538
  train [#########################---------------] 284/444  loss=0.4532
  train [#########################---------------] 288/444  loss=0.4553
  train [##########################--------------] 292/444  loss=0.4557
  train [##########################--------------] 296/444  loss=0.4558
  train [###########################-------------] 300/444  loss=0.4571
  train [###########################-------------] 304/444  loss=0.4570
  train [###########################-------------] 308/444  loss=0.4569
  train [############################------------] 312/444  loss=0.4566
  train [############################------------] 316/444  loss=0.4561
  train [############################------------] 320/444  loss=0.4557
  train [#############################-----------] 324/444  loss=0.4558
  train [#############################-----------] 328/444  loss=0.4554
  train [#############################-----------] 332/444  loss=0.4561
  train [##############################----------] 336/444  loss=0.4561
  train [##############################----------] 340/444  loss=0.4545
  train [##############################----------] 344/444  loss=0.4537
  train [###############################---------] 348/444  loss=0.4527
  train [###############################---------] 352/444  loss=0.4535
  train [################################--------] 356/444  loss=0.4548
  train [################################--------] 360/444  loss=0.4552
  train [################################--------] 364/444  loss=0.4557
  train [#################################-------] 368/444  loss=0.4567
  train [#################################-------] 372/444  loss=0.4567
  train [#################################-------] 376/444  loss=0.4566
  train [##################################------] 380/444  loss=0.4566
  train [##################################------] 384/444  loss=0.4579
  train [##################################------] 388/444  loss=0.4583
  train [###################################-----] 392/444  loss=0.4593
  train [###################################-----] 396/444  loss=0.4600
  train [####################################----] 400/444  loss=0.4606
  train [####################################----] 404/444  loss=0.4607
  train [####################################----] 408/444  loss=0.4595
  train [#####################################---] 412/444  loss=0.4591
  train [#####################################---] 416/444  loss=0.4591
  train [#####################################---] 420/444  loss=0.4583
  train [######################################--] 424/444  loss=0.4582
  train [######################################--] 428/444  loss=0.4587
  train [######################################--] 432/444  loss=0.4602
  train [#######################################-] 436/444  loss=0.4592
  train [#######################################-] 440/444  loss=0.4585
  train [########################################] 444/444  loss=0.4587
  val   [----------------------------------------] 1/93
  val   [----------------------------------------] 2/93
  val   [#---------------------------------------] 3/93
  val   [#---------------------------------------] 4/93
  val   [##--------------------------------------] 5/93
  val   [##--------------------------------------] 6/93
  val   [###-------------------------------------] 7/93
  val   [###-------------------------------------] 8/93
  val   [###-------------------------------------] 9/93
  val   [####------------------------------------] 10/93
  val   [####------------------------------------] 11/93
  val   [#####-----------------------------------] 12/93
  val   [#####-----------------------------------] 13/93
  val   [######----------------------------------] 14/93
  val   [######----------------------------------] 15/93
  val   [######----------------------------------] 16/93
  val   [#######---------------------------------] 17/93
  val   [#######---------------------------------] 18/93
  val   [########--------------------------------] 19/93
  val   [########--------------------------------] 20/93
  val   [#########-------------------------------] 21/93
  val   [#########-------------------------------] 22/93
  val   [#########-------------------------------] 23/93
  val   [##########------------------------------] 24/93
  val   [##########------------------------------] 25/93
  val   [###########-----------------------------] 26/93
  val   [###########-----------------------------] 27/93
  val   [############----------------------------] 28/93
  val   [############----------------------------] 29/93
  val   [############----------------------------] 30/93
  val   [#############---------------------------] 31/93
  val   [#############---------------------------] 32/93
  val   [##############--------------------------] 33/93
  val   [##############--------------------------] 34/93
  val   [###############-------------------------] 35/93
  val   [###############-------------------------] 36/93
  val   [###############-------------------------] 37/93
  val   [################------------------------] 38/93
  val   [################------------------------] 39/93
  val   [#################-----------------------] 40/93
  val   [#################-----------------------] 41/93
  val   [##################----------------------] 42/93
  val   [##################----------------------] 43/93
  val   [##################----------------------] 44/93
  val   [###################---------------------] 45/93
  val   [###################---------------------] 46/93
  val   [####################--------------------] 47/93
  val   [####################--------------------] 48/93
  val   [#####################-------------------] 49/93
  val   [#####################-------------------] 50/93
  val   [#####################-------------------] 51/93
  val   [######################------------------] 52/93
  val   [######################------------------] 53/93
  val   [#######################-----------------] 54/93
  val   [#######################-----------------] 55/93
  val   [########################----------------] 56/93
  val   [########################----------------] 57/93
  val   [########################----------------] 58/93
  val   [#########################---------------] 59/93
  val   [#########################---------------] 60/93
  val   [##########################--------------] 61/93
  val   [##########################--------------] 62/93
  val   [###########################-------------] 63/93
  val   [###########################-------------] 64/93
  val   [###########################-------------] 65/93
  val   [############################------------] 66/93
  val   [############################------------] 67/93
  val   [#############################-----------] 68/93
  val   [#############################-----------] 69/93
  val   [##############################----------] 70/93
  val   [##############################----------] 71/93
  val   [##############################----------] 72/93
  val   [###############################---------] 73/93
  val   [###############################---------] 74/93
  val   [################################--------] 75/93
  val   [################################--------] 76/93
  val   [#################################-------] 77/93
  val   [#################################-------] 78/93
  val   [#################################-------] 79/93
  val   [##################################------] 80/93
  val   [##################################------] 81/93
  val   [###################################-----] 82/93
  val   [###################################-----] 83/93
  val   [####################################----] 84/93
  val   [####################################----] 85/93
  val   [####################################----] 86/93
  val   [#####################################---] 87/93
  val   [#####################################---] 88/93
  val   [######################################--] 89/93
  val   [######################################--] 90/93
  val   [#######################################-] 91/93
  val   [#######################################-] 92/93
  val   [########################################] 93/93
Epoch   4 | train_loss=0.4595 | val_loss=0.7384 | val_acc=0.8175
  -> best model saved (val_loss=0.7384)
  train [----------------------------------------] 4/444  loss=0.3207
  train [----------------------------------------] 8/444  loss=0.2975
  train [#---------------------------------------] 12/444  loss=0.3086
  train [#---------------------------------------] 16/444  loss=0.3244
  train [#---------------------------------------] 20/444  loss=0.3402
  train [##--------------------------------------] 24/444  loss=0.3457
  train [##--------------------------------------] 28/444  loss=0.3445
  train [##--------------------------------------] 32/444  loss=0.3454
  train [###-------------------------------------] 36/444  loss=0.3522
  train [###-------------------------------------] 40/444  loss=0.3520
  train [###-------------------------------------] 44/444  loss=0.3530
  train [####------------------------------------] 48/444  loss=0.3536
  train [####------------------------------------] 52/444  loss=0.3508
  train [#####-----------------------------------] 56/444  loss=0.3505
  train [#####-----------------------------------] 60/444  loss=0.3511
  train [#####-----------------------------------] 64/444  loss=0.3492
  train [######----------------------------------] 68/444  loss=0.3497
  train [######----------------------------------] 72/444  loss=0.3525
  train [######----------------------------------] 76/444  loss=0.3502
  train [#######---------------------------------] 80/444  loss=0.3550
  train [#######---------------------------------] 84/444  loss=0.3523
  train [#######---------------------------------] 88/444  loss=0.3477
  train [########--------------------------------] 92/444  loss=0.3461
  train [########--------------------------------] 96/444  loss=0.3449
  train [#########-------------------------------] 100/444  loss=0.3441
  train [#########-------------------------------] 104/444  loss=0.3443
  train [#########-------------------------------] 108/444  loss=0.3457
  train [##########------------------------------] 112/444  loss=0.3448
  train [##########------------------------------] 116/444  loss=0.3412
  train [##########------------------------------] 120/444  loss=0.3388
  train [###########-----------------------------] 124/444  loss=0.3366
  train [###########-----------------------------] 128/444  loss=0.3342
  train [###########-----------------------------] 132/444  loss=0.3331
  train [############----------------------------] 136/444  loss=0.3343
  train [############----------------------------] 140/444  loss=0.3344
  train [############----------------------------] 144/444  loss=0.3332
  train [#############---------------------------] 148/444  loss=0.3333
  train [#############---------------------------] 152/444  loss=0.3346
  train [##############--------------------------] 156/444  loss=0.3338
  train [##############--------------------------] 160/444  loss=0.3340
  train [##############--------------------------] 164/444  loss=0.3341
  train [###############-------------------------] 168/444  loss=0.3348
  train [###############-------------------------] 172/444  loss=0.3366
  train [###############-------------------------] 176/444  loss=0.3372
  train [################------------------------] 180/444  loss=0.3373
  train [################------------------------] 184/444  loss=0.3376
  train [################------------------------] 188/444  loss=0.3392
  train [#################-----------------------] 192/444  loss=0.3402
  train [#################-----------------------] 196/444  loss=0.3397
  train [##################----------------------] 200/444  loss=0.3398
  train [##################----------------------] 204/444  loss=0.3408
  train [##################----------------------] 208/444  loss=0.3417
  train [###################---------------------] 212/444  loss=0.3408
  train [###################---------------------] 216/444  loss=0.3399
  train [###################---------------------] 220/444  loss=0.3410
  train [####################--------------------] 224/444  loss=0.3411
  train [####################--------------------] 228/444  loss=0.3418
  train [####################--------------------] 232/444  loss=0.3408
  train [#####################-------------------] 236/444  loss=0.3399
  train [#####################-------------------] 240/444  loss=0.3396
  train [#####################-------------------] 244/444  loss=0.3402
  train [######################------------------] 248/444  loss=0.3395
  train [######################------------------] 252/444  loss=0.3389
  train [#######################-----------------] 256/444  loss=0.3400
  train [#######################-----------------] 260/444  loss=0.3417
  train [#######################-----------------] 264/444  loss=0.3428
  train [########################----------------] 268/444  loss=0.3442
  train [########################----------------] 272/444  loss=0.3456
  train [########################----------------] 276/444  loss=0.3458
  train [#########################---------------] 280/444  loss=0.3468
  train [#########################---------------] 284/444  loss=0.3479
  train [#########################---------------] 288/444  loss=0.3478
  train [##########################--------------] 292/444  loss=0.3485
  train [##########################--------------] 296/444  loss=0.3488
  train [###########################-------------] 300/444  loss=0.3487
  train [###########################-------------] 304/444  loss=0.3494
  train [###########################-------------] 308/444  loss=0.3510
  train [############################------------] 312/444  loss=0.3514
  train [############################------------] 316/444  loss=0.3503
  train [############################------------] 320/444  loss=0.3499
  train [#############################-----------] 324/444  loss=0.3497
  train [#############################-----------] 328/444  loss=0.3494
  train [#############################-----------] 332/444  loss=0.3489
  train [##############################----------] 336/444  loss=0.3486
  train [##############################----------] 340/444  loss=0.3484
  train [##############################----------] 344/444  loss=0.3485
  train [###############################---------] 348/444  loss=0.3485
  train [###############################---------] 352/444  loss=0.3476
  train [################################--------] 356/444  loss=0.3481
  train [################################--------] 360/444  loss=0.3487
  train [################################--------] 364/444  loss=0.3494
  train [#################################-------] 368/444  loss=0.3492
  train [#################################-------] 372/444  loss=0.3496
  train [#################################-------] 376/444  loss=0.3500
  train [##################################------] 380/444  loss=0.3502
  train [##################################------] 384/444  loss=0.3503
  train [##################################------] 388/444  loss=0.3503
  train [###################################-----] 392/444  loss=0.3515
  train [###################################-----] 396/444  loss=0.3514
  train [####################################----] 400/444  loss=0.3519
  train [####################################----] 404/444  loss=0.3513
  train [####################################----] 408/444  loss=0.3514
  train [#####################################---] 412/444  loss=0.3511
  train [#####################################---] 416/444  loss=0.3509
  train [#####################################---] 420/444  loss=0.3507
  train [######################################--] 424/444  loss=0.3519
  train [######################################--] 428/444  loss=0.3507
  train [######################################--] 432/444  loss=0.3501
  train [#######################################-] 436/444  loss=0.3503
  train [#######################################-] 440/444  loss=0.3504
  train [########################################] 444/444  loss=0.3500
  val   [----------------------------------------] 1/93
  val   [----------------------------------------] 2/93
  val   [#---------------------------------------] 3/93
  val   [#---------------------------------------] 4/93
  val   [##--------------------------------------] 5/93
  val   [##--------------------------------------] 6/93
  val   [###-------------------------------------] 7/93
  val   [###-------------------------------------] 8/93
  val   [###-------------------------------------] 9/93
  val   [####------------------------------------] 10/93
  val   [####------------------------------------] 11/93
  val   [#####-----------------------------------] 12/93
  val   [#####-----------------------------------] 13/93
  val   [######----------------------------------] 14/93
  val   [######----------------------------------] 15/93
  val   [######----------------------------------] 16/93
  val   [#######---------------------------------] 17/93
  val   [#######---------------------------------] 18/93
  val   [########--------------------------------] 19/93
  val   [########--------------------------------] 20/93
  val   [#########-------------------------------] 21/93
  val   [#########-------------------------------] 22/93
  val   [#########-------------------------------] 23/93
  val   [##########------------------------------] 24/93
  val   [##########------------------------------] 25/93
  val   [###########-----------------------------] 26/93
  val   [###########-----------------------------] 27/93
  val   [############----------------------------] 28/93
  val   [############----------------------------] 29/93
  val   [############----------------------------] 30/93
  val   [#############---------------------------] 31/93
  val   [#############---------------------------] 32/93
  val   [##############--------------------------] 33/93
  val   [##############--------------------------] 34/93
  val   [###############-------------------------] 35/93
  val   [###############-------------------------] 36/93
  val   [###############-------------------------] 37/93
  val   [################------------------------] 38/93
  val   [################------------------------] 39/93
  val   [#################-----------------------] 40/93
  val   [#################-----------------------] 41/93
  val   [##################----------------------] 42/93
  val   [##################----------------------] 43/93
  val   [##################----------------------] 44/93
  val   [###################---------------------] 45/93
  val   [###################---------------------] 46/93
  val   [####################--------------------] 47/93
  val   [####################--------------------] 48/93
  val   [#####################-------------------] 49/93
  val   [#####################-------------------] 50/93
  val   [#####################-------------------] 51/93
  val   [######################------------------] 52/93
  val   [######################------------------] 53/93
  val   [#######################-----------------] 54/93
  val   [#######################-----------------] 55/93
  val   [########################----------------] 56/93
  val   [########################----------------] 57/93
  val   [########################----------------] 58/93
  val   [#########################---------------] 59/93
  val   [#########################---------------] 60/93
  val   [##########################--------------] 61/93
  val   [##########################--------------] 62/93
  val   [###########################-------------] 63/93
  val   [###########################-------------] 64/93
  val   [###########################-------------] 65/93
  val   [############################------------] 66/93
  val   [############################------------] 67/93
  val   [#############################-----------] 68/93
  val   [#############################-----------] 69/93
  val   [##############################----------] 70/93
  val   [##############################----------] 71/93
  val   [##############################----------] 72/93
  val   [###############################---------] 73/93
  val   [###############################---------] 74/93
  val   [################################--------] 75/93
  val   [################################--------] 76/93
  val   [#################################-------] 77/93
  val   [#################################-------] 78/93
  val   [#################################-------] 79/93
  val   [##################################------] 80/93
  val   [##################################------] 81/93
  val   [###################################-----] 82/93
  val   [###################################-----] 83/93
  val   [####################################----] 84/93
  val   [####################################----] 85/93
  val   [####################################----] 86/93
  val   [#####################################---] 87/93
  val   [#####################################---] 88/93
  val   [######################################--] 89/93
  val   [######################################--] 90/93
  val   [#######################################-] 91/93
  val   [#######################################-] 92/93
  val   [########################################] 93/93
Epoch   5 | train_loss=0.3506 | val_loss=0.6938 | val_acc=0.8320
  -> best model saved (val_loss=0.6938)
  train [----------------------------------------] 4/444  loss=0.2448
  train [----------------------------------------] 8/444  loss=0.2778
  train [#---------------------------------------] 12/444  loss=0.3119
  train [#---------------------------------------] 16/444  loss=0.3218
  train [#---------------------------------------] 20/444  loss=0.3158
  train [##--------------------------------------] 24/444  loss=0.3134
  train [##--------------------------------------] 28/444  loss=0.3099
  train [##--------------------------------------] 32/444  loss=0.3034
  train [###-------------------------------------] 36/444  loss=0.2945
  train [###-------------------------------------] 40/444  loss=0.2911
  train [###-------------------------------------] 44/444  loss=0.2843
  train [####------------------------------------] 48/444  loss=0.2832
  train [####------------------------------------] 52/444  loss=0.2840
  train [#####-----------------------------------] 56/444  loss=0.2841
  train [#####-----------------------------------] 60/444  loss=0.2781
  train [#####-----------------------------------] 64/444  loss=0.2768
  train [######----------------------------------] 68/444  loss=0.2783
  train [######----------------------------------] 72/444  loss=0.2757
  train [######----------------------------------] 76/444  loss=0.2764
  train [#######---------------------------------] 80/444  loss=0.2764
  train [#######---------------------------------] 84/444  loss=0.2762
  train [#######---------------------------------] 88/444  loss=0.2729
  train [########--------------------------------] 92/444  loss=0.2754
  train [########--------------------------------] 96/444  loss=0.2725
  train [#########-------------------------------] 100/444  loss=0.2700
  train [#########-------------------------------] 104/444  loss=0.2712
  train [#########-------------------------------] 108/444  loss=0.2720
  train [##########------------------------------] 112/444  loss=0.2713
  train [##########------------------------------] 116/444  loss=0.2697
  train [##########------------------------------] 120/444  loss=0.2691
  train [###########-----------------------------] 124/444  loss=0.2691
  train [###########-----------------------------] 128/444  loss=0.2689
  train [###########-----------------------------] 132/444  loss=0.2697
  train [############----------------------------] 136/444  loss=0.2687
  train [############----------------------------] 140/444  loss=0.2677
  train [############----------------------------] 144/444  loss=0.2692
  train [#############---------------------------] 148/444  loss=0.2691
  train [#############---------------------------] 152/444  loss=0.2680
  train [##############--------------------------] 156/444  loss=0.2678
  train [##############--------------------------] 160/444  loss=0.2670
  train [##############--------------------------] 164/444  loss=0.2669
  train [###############-------------------------] 168/444  loss=0.2663
  train [###############-------------------------] 172/444  loss=0.2660
  train [###############-------------------------] 176/444  loss=0.2658
  train [################------------------------] 180/444  loss=0.2650
  train [################------------------------] 184/444  loss=0.2649
  train [################------------------------] 188/444  loss=0.2646
  train [#################-----------------------] 192/444  loss=0.2638
  train [#################-----------------------] 196/444  loss=0.2644
  train [##################----------------------] 200/444  loss=0.2640
  train [##################----------------------] 204/444  loss=0.2642
  train [##################----------------------] 208/444  loss=0.2642
  train [###################---------------------] 212/444  loss=0.2647
  train [###################---------------------] 216/444  loss=0.2652
  train [###################---------------------] 220/444  loss=0.2651
  train [####################--------------------] 224/444  loss=0.2652
  train [####################--------------------] 228/444  loss=0.2664
  train [####################--------------------] 232/444  loss=0.2656
  train [#####################-------------------] 236/444  loss=0.2661
  train [#####################-------------------] 240/444  loss=0.2679
  train [#####################-------------------] 244/444  loss=0.2680
  train [######################------------------] 248/444  loss=0.2682
  train [######################------------------] 252/444  loss=0.2690
  train [#######################-----------------] 256/444  loss=0.2691
  train [#######################-----------------] 260/444  loss=0.2689
  train [#######################-----------------] 264/444  loss=0.2683
  train [########################----------------] 268/444  loss=0.2696
  train [########################----------------] 272/444  loss=0.2697
  train [########################----------------] 276/444  loss=0.2694
  train [#########################---------------] 280/444  loss=0.2709
  train [#########################---------------] 284/444  loss=0.2703
  train [#########################---------------] 288/444  loss=0.2700
  train [##########################--------------] 292/444  loss=0.2699
  train [##########################--------------] 296/444  loss=0.2700
  train [###########################-------------] 300/444  loss=0.2715
  train [###########################-------------] 304/444  loss=0.2712
  train [###########################-------------] 308/444  loss=0.2709
  train [############################------------] 312/444  loss=0.2717
  train [############################------------] 316/444  loss=0.2720
  train [############################------------] 320/444  loss=0.2721
  train [#############################-----------] 324/444  loss=0.2720
  train [#############################-----------] 328/444  loss=0.2714
  train [#############################-----------] 332/444  loss=0.2708
  train [##############################----------] 336/444  loss=0.2706
  train [##############################----------] 340/444  loss=0.2704
  train [##############################----------] 344/444  loss=0.2702
  train [###############################---------] 348/444  loss=0.2704
  train [###############################---------] 352/444  loss=0.2707
  train [################################--------] 356/444  loss=0.2703
  train [################################--------] 360/444  loss=0.2708
  train [################################--------] 364/444  loss=0.2709
  train [#################################-------] 368/444  loss=0.2714
  train [#################################-------] 372/444  loss=0.2717
  train [#################################-------] 376/444  loss=0.2718
  train [##################################------] 380/444  loss=0.2721
  train [##################################------] 384/444  loss=0.2727
  train [##################################------] 388/444  loss=0.2726
  train [###################################-----] 392/444  loss=0.2728
  train [###################################-----] 396/444  loss=0.2727
  train [####################################----] 400/444  loss=0.2724
  train [####################################----] 404/444  loss=0.2726
  train [####################################----] 408/444  loss=0.2721
  train [#####################################---] 412/444  loss=0.2724
  train [#####################################---] 416/444  loss=0.2728
  train [#####################################---] 420/444  loss=0.2727
  train [######################################--] 424/444  loss=0.2730
  train [######################################--] 428/444  loss=0.2728
  train [######################################--] 432/444  loss=0.2730
  train [#######################################-] 436/444  loss=0.2725
  train [#######################################-] 440/444  loss=0.2732
  train [########################################] 444/444  loss=0.2723
  val   [----------------------------------------] 1/93
  val   [----------------------------------------] 2/93
  val   [#---------------------------------------] 3/93
  val   [#---------------------------------------] 4/93
  val   [##--------------------------------------] 5/93
  val   [##--------------------------------------] 6/93
  val   [###-------------------------------------] 7/93
  val   [###-------------------------------------] 8/93
  val   [###-------------------------------------] 9/93
  val   [####------------------------------------] 10/93
  val   [####------------------------------------] 11/93
  val   [#####-----------------------------------] 12/93
  val   [#####-----------------------------------] 13/93
  val   [######----------------------------------] 14/93
  val   [######----------------------------------] 15/93
  val   [######----------------------------------] 16/93
  val   [#######---------------------------------] 17/93
  val   [#######---------------------------------] 18/93
  val   [########--------------------------------] 19/93
  val   [########--------------------------------] 20/93
  val   [#########-------------------------------] 21/93
  val   [#########-------------------------------] 22/93
  val   [#########-------------------------------] 23/93
  val   [##########------------------------------] 24/93
  val   [##########------------------------------] 25/93
  val   [###########-----------------------------] 26/93
  val   [###########-----------------------------] 27/93
  val   [############----------------------------] 28/93
  val   [############----------------------------] 29/93
  val   [############----------------------------] 30/93
  val   [#############---------------------------] 31/93
  val   [#############---------------------------] 32/93
  val   [##############--------------------------] 33/93
  val   [##############--------------------------] 34/93
  val   [###############-------------------------] 35/93
  val   [###############-------------------------] 36/93
  val   [###############-------------------------] 37/93
  val   [################------------------------] 38/93
  val   [################------------------------] 39/93
  val   [#################-----------------------] 40/93
  val   [#################-----------------------] 41/93
  val   [##################----------------------] 42/93
  val   [##################----------------------] 43/93
  val   [##################----------------------] 44/93
  val   [###################---------------------] 45/93
  val   [###################---------------------] 46/93
  val   [####################--------------------] 47/93
  val   [####################--------------------] 48/93
  val   [#####################-------------------] 49/93
  val   [#####################-------------------] 50/93
  val   [#####################-------------------] 51/93
  val   [######################------------------] 52/93
  val   [######################------------------] 53/93
  val   [#######################-----------------] 54/93
  val   [#######################-----------------] 55/93
  val   [########################----------------] 56/93
  val   [########################----------------] 57/93
  val   [########################----------------] 58/93
  val   [#########################---------------] 59/93
  val   [#########################---------------] 60/93
  val   [##########################--------------] 61/93
  val   [##########################--------------] 62/93
  val   [###########################-------------] 63/93
  val   [###########################-------------] 64/93
  val   [###########################-------------] 65/93
  val   [############################------------] 66/93
  val   [############################------------] 67/93
  val   [#############################-----------] 68/93
  val   [#############################-----------] 69/93
  val   [##############################----------] 70/93
  val   [##############################----------] 71/93
  val   [##############################----------] 72/93
  val   [###############################---------] 73/93
  val   [###############################---------] 74/93
  val   [################################--------] 75/93
  val   [################################--------] 76/93
  val   [#################################-------] 77/93
  val   [#################################-------] 78/93
  val   [#################################-------] 79/93
  val   [##################################------] 80/93
  val   [##################################------] 81/93
  val   [###################################-----] 82/93
  val   [###################################-----] 83/93
  val   [####################################----] 84/93
  val   [####################################----] 85/93
  val   [####################################----] 86/93
  val   [#####################################---] 87/93
  val   [#####################################---] 88/93
  val   [######################################--] 89/93
  val   [######################################--] 90/93
  val   [#######################################-] 91/93
  val   [#######################################-] 92/93
  val   [########################################] 93/93
Epoch   6 | train_loss=0.2728 | val_loss=0.6981 | val_acc=0.8296
  train [----------------------------------------] 4/444  loss=0.2239
  train [----------------------------------------] 8/444  loss=0.2311
  train [#---------------------------------------] 12/444  loss=0.2339
  train [#---------------------------------------] 16/444  loss=0.2493
  train [#---------------------------------------] 20/444  loss=0.2452
  train [##--------------------------------------] 24/444  loss=0.2390
  train [##--------------------------------------] 28/444  loss=0.2377
  train [##--------------------------------------] 32/444  loss=0.2392
  train [###-------------------------------------] 36/444  loss=0.2408
  train [###-------------------------------------] 40/444  loss=0.2327
  train [###-------------------------------------] 44/444  loss=0.2375
  train [####------------------------------------] 48/444  loss=0.2353
  train [####------------------------------------] 52/444  loss=0.2334
  train [#####-----------------------------------] 56/444  loss=0.2318
  train [#####-----------------------------------] 60/444  loss=0.2277
  train [#####-----------------------------------] 64/444  loss=0.2229
  train [######----------------------------------] 68/444  loss=0.2236
  train [######----------------------------------] 72/444  loss=0.2287
  train [######----------------------------------] 76/444  loss=0.2296
  train [#######---------------------------------] 80/444  loss=0.2307
  train [#######---------------------------------] 84/444  loss=0.2311
  train [#######---------------------------------] 88/444  loss=0.2289
  train [########--------------------------------] 92/444  loss=0.2268
  train [########--------------------------------] 96/444  loss=0.2230
  train [#########-------------------------------] 100/444  loss=0.2217
  train [#########-------------------------------] 104/444  loss=0.2215
  train [#########-------------------------------] 108/444  loss=0.2218
  train [##########------------------------------] 112/444  loss=0.2239
  train [##########------------------------------] 116/444  loss=0.2259
  train [##########------------------------------] 120/444  loss=0.2244
  train [###########-----------------------------] 124/444  loss=0.2253
  train [###########-----------------------------] 128/444  loss=0.2257
  train [###########-----------------------------] 132/444  loss=0.2240
  train [############----------------------------] 136/444  loss=0.2244
  train [############----------------------------] 140/444  loss=0.2256
  train [############----------------------------] 144/444  loss=0.2239
  train [#############---------------------------] 148/444  loss=0.2228
  train [#############---------------------------] 152/444  loss=0.2222
  train [##############--------------------------] 156/444  loss=0.2219
  train [##############--------------------------] 160/444  loss=0.2222
  train [##############--------------------------] 164/444  loss=0.2228
  train [###############-------------------------] 168/444  loss=0.2236
  train [###############-------------------------] 172/444  loss=0.2233
  train [###############-------------------------] 176/444  loss=0.2238
  train [################------------------------] 180/444  loss=0.2239
  train [################------------------------] 184/444  loss=0.2243
  train [################------------------------] 188/444  loss=0.2239
  train [#################-----------------------] 192/444  loss=0.2228
  train [#################-----------------------] 196/444  loss=0.2224
  train [##################----------------------] 200/444  loss=0.2220
  train [##################----------------------] 204/444  loss=0.2220
  train [##################----------------------] 208/444  loss=0.2212
  train [###################---------------------] 212/444  loss=0.2211
  train [###################---------------------] 216/444  loss=0.2213
  train [###################---------------------] 220/444  loss=0.2207
  train [####################--------------------] 224/444  loss=0.2213
  train [####################--------------------] 228/444  loss=0.2221
  train [####################--------------------] 232/444  loss=0.2228
  train [#####################-------------------] 236/444  loss=0.2231
  train [#####################-------------------] 240/444  loss=0.2225
  train [#####################-------------------] 244/444  loss=0.2230
  train [######################------------------] 248/444  loss=0.2233
  train [######################------------------] 252/444  loss=0.2244
  train [#######################-----------------] 256/444  loss=0.2246
  train [#######################-----------------] 260/444  loss=0.2246
  train [#######################-----------------] 264/444  loss=0.2246
  train [########################----------------] 268/444  loss=0.2241
  train [########################----------------] 272/444  loss=0.2235
  train [########################----------------] 276/444  loss=0.2227
  train [#########################---------------] 280/444  loss=0.2226
  train [#########################---------------] 284/444  loss=0.2226
  train [#########################---------------] 288/444  loss=0.2227
  train [##########################--------------] 292/444  loss=0.2229
  train [##########################--------------] 296/444  loss=0.2234
  train [###########################-------------] 300/444  loss=0.2232
  train [###########################-------------] 304/444  loss=0.2233
  train [###########################-------------] 308/444  loss=0.2232
  train [############################------------] 312/444  loss=0.2230
  train [############################------------] 316/444  loss=0.2233
  train [############################------------] 320/444  loss=0.2232
  train [#############################-----------] 324/444  loss=0.2231
  train [#############################-----------] 328/444  loss=0.2227
  train [#############################-----------] 332/444  loss=0.2233
  train [##############################----------] 336/444  loss=0.2240
  train [##############################----------] 340/444  loss=0.2244
  train [##############################----------] 344/444  loss=0.2245
  train [###############################---------] 348/444  loss=0.2242
  train [###############################---------] 352/444  loss=0.2238
  train [################################--------] 356/444  loss=0.2240
  train [################################--------] 360/444  loss=0.2240
  train [################################--------] 364/444  loss=0.2238
  train [#################################-------] 368/444  loss=0.2240
  train [#################################-------] 372/444  loss=0.2238
  train [#################################-------] 376/444  loss=0.2244
  train [##################################------] 380/444  loss=0.2242
  train [##################################------] 384/444  loss=0.2243
  train [##################################------] 388/444  loss=0.2239
  train [###################################-----] 392/444  loss=0.2237
  train [###################################-----] 396/444  loss=0.2239
  train [####################################----] 400/444  loss=0.2233
  train [####################################----] 404/444  loss=0.2230
  train [####################################----] 408/444  loss=0.2227
  train [#####################################---] 412/444  loss=0.2226
  train [#####################################---] 416/444  loss=0.2221
  train [#####################################---] 420/444  loss=0.2225
  train [######################################--] 424/444  loss=0.2232
  train [######################################--] 428/444  loss=0.2232
  train [######################################--] 432/444  loss=0.2234
  train [#######################################-] 436/444  loss=0.2234
  train [#######################################-] 440/444  loss=0.2243
  train [########################################] 444/444  loss=0.2237
  val   [----------------------------------------] 1/93
  val   [----------------------------------------] 2/93
  val   [#---------------------------------------] 3/93
  val   [#---------------------------------------] 4/93
  val   [##--------------------------------------] 5/93
  val   [##--------------------------------------] 6/93
  val   [###-------------------------------------] 7/93
  val   [###-------------------------------------] 8/93
  val   [###-------------------------------------] 9/93
  val   [####------------------------------------] 10/93
  val   [####------------------------------------] 11/93
  val   [#####-----------------------------------] 12/93
  val   [#####-----------------------------------] 13/93
  val   [######----------------------------------] 14/93
  val   [######----------------------------------] 15/93
  val   [######----------------------------------] 16/93
  val   [#######---------------------------------] 17/93
  val   [#######---------------------------------] 18/93
  val   [########--------------------------------] 19/93
  val   [########--------------------------------] 20/93
  val   [#########-------------------------------] 21/93
  val   [#########-------------------------------] 22/93
  val   [#########-------------------------------] 23/93
  val   [##########------------------------------] 24/93
  val   [##########------------------------------] 25/93
  val   [###########-----------------------------] 26/93
  val   [###########-----------------------------] 27/93
  val   [############----------------------------] 28/93
  val   [############----------------------------] 29/93
  val   [############----------------------------] 30/93
  val   [#############---------------------------] 31/93
  val   [#############---------------------------] 32/93
  val   [##############--------------------------] 33/93
  val   [##############--------------------------] 34/93
  val   [###############-------------------------] 35/93
  val   [###############-------------------------] 36/93
  val   [###############-------------------------] 37/93
  val   [################------------------------] 38/93
  val   [################------------------------] 39/93
  val   [#################-----------------------] 40/93
  val   [#################-----------------------] 41/93
  val   [##################----------------------] 42/93
  val   [##################----------------------] 43/93
  val   [##################----------------------] 44/93
  val   [###################---------------------] 45/93
  val   [###################---------------------] 46/93
  val   [####################--------------------] 47/93
  val   [####################--------------------] 48/93
  val   [#####################-------------------] 49/93
  val   [#####################-------------------] 50/93
  val   [#####################-------------------] 51/93
  val   [######################------------------] 52/93
  val   [######################------------------] 53/93
  val   [#######################-----------------] 54/93
  val   [#######################-----------------] 55/93
  val   [########################----------------] 56/93
  val   [########################----------------] 57/93
  val   [########################----------------] 58/93
  val   [#########################---------------] 59/93
  val   [#########################---------------] 60/93
  val   [##########################--------------] 61/93
  val   [##########################--------------] 62/93
  val   [###########################-------------] 63/93
  val   [###########################-------------] 64/93
  val   [###########################-------------] 65/93
  val   [############################------------] 66/93
  val   [############################------------] 67/93
  val   [#############################-----------] 68/93
  val   [#############################-----------] 69/93
  val   [##############################----------] 70/93
  val   [##############################----------] 71/93
  val   [##############################----------] 72/93
  val   [###############################---------] 73/93
  val   [###############################---------] 74/93
  val   [################################--------] 75/93
  val   [################################--------] 76/93
  val   [#################################-------] 77/93
  val   [#################################-------] 78/93
  val   [#################################-------] 79/93
  val   [##################################------] 80/93
  val   [##################################------] 81/93
  val   [###################################-----] 82/93
  val   [###################################-----] 83/93
  val   [####################################----] 84/93
  val   [####################################----] 85/93
  val   [####################################----] 86/93
  val   [#####################################---] 87/93
  val   [#####################################---] 88/93
  val   [######################################--] 89/93
  val   [######################################--] 90/93
  val   [#######################################-] 91/93
  val   [#######################################-] 92/93
  val   [########################################] 93/93
Epoch   7 | train_loss=0.2241 | val_loss=0.6725 | val_acc=0.8355
  -> best model saved (val_loss=0.6725)
  train [----------------------------------------] 4/444  loss=0.2100
  train [----------------------------------------] 8/444  loss=0.2341
  train [#---------------------------------------] 12/444  loss=0.2412
  train [#---------------------------------------] 16/444  loss=0.2261
  train [#---------------------------------------] 20/444  loss=0.2250
  train [##--------------------------------------] 24/444  loss=0.2187
  train [##--------------------------------------] 28/444  loss=0.2138
  train [##--------------------------------------] 32/444  loss=0.2135
  train [###-------------------------------------] 36/444  loss=0.2129
  train [###-------------------------------------] 40/444  loss=0.2124
  train [###-------------------------------------] 44/444  loss=0.2063
  train [####------------------------------------] 48/444  loss=0.2078
  train [####------------------------------------] 52/444  loss=0.2047
  train [#####-----------------------------------] 56/444  loss=0.1999
  train [#####-----------------------------------] 60/444  loss=0.1970
  train [#####-----------------------------------] 64/444  loss=0.1951
  train [######----------------------------------] 68/444  loss=0.1975
  train [######----------------------------------] 72/444  loss=0.1966
  train [######----------------------------------] 76/444  loss=0.1938
  train [#######---------------------------------] 80/444  loss=0.1931
  train [#######---------------------------------] 84/444  loss=0.1978
  train [#######---------------------------------] 88/444  loss=0.1962
  train [########--------------------------------] 92/444  loss=0.1955
  train [########--------------------------------] 96/444  loss=0.1953
  train [#########-------------------------------] 100/444  loss=0.1946
  train [#########-------------------------------] 104/444  loss=0.1946
  train [#########-------------------------------] 108/444  loss=0.1931
  train [##########------------------------------] 112/444  loss=0.1915
  train [##########------------------------------] 116/444  loss=0.1905
  train [##########------------------------------] 120/444  loss=0.1909
  train [###########-----------------------------] 124/444  loss=0.1888
  train [###########-----------------------------] 128/444  loss=0.1883
  train [###########-----------------------------] 132/444  loss=0.1885
  train [############----------------------------] 136/444  loss=0.1888
  train [############----------------------------] 140/444  loss=0.1885
  train [############----------------------------] 144/444  loss=0.1876
  train [#############---------------------------] 148/444  loss=0.1879
  train [#############---------------------------] 152/444  loss=0.1878
  train [##############--------------------------] 156/444  loss=0.1883
  train [##############--------------------------] 160/444  loss=0.1885
  train [##############--------------------------] 164/444  loss=0.1865
  train [###############-------------------------] 168/444  loss=0.1872
  train [###############-------------------------] 172/444  loss=0.1870
  train [###############-------------------------] 176/444  loss=0.1867
  train [################------------------------] 180/444  loss=0.1861
  train [################------------------------] 184/444  loss=0.1873
  train [################------------------------] 188/444  loss=0.1873
  train [#################-----------------------] 192/444  loss=0.1863
  train [#################-----------------------] 196/444  loss=0.1866
  train [##################----------------------] 200/444  loss=0.1873
  train [##################----------------------] 204/444  loss=0.1865
  train [##################----------------------] 208/444  loss=0.1863
  train [###################---------------------] 212/444  loss=0.1858
  train [###################---------------------] 216/444  loss=0.1855
  train [###################---------------------] 220/444  loss=0.1847
  train [####################--------------------] 224/444  loss=0.1849
  train [####################--------------------] 228/444  loss=0.1851
  train [####################--------------------] 232/444  loss=0.1850
  train [#####################-------------------] 236/444  loss=0.1856
  train [#####################-------------------] 240/444  loss=0.1856
  train [#####################-------------------] 244/444  loss=0.1855
  train [######################------------------] 248/444  loss=0.1858
  train [######################------------------] 252/444  loss=0.1860
  train [#######################-----------------] 256/444  loss=0.1856
  train [#######################-----------------] 260/444  loss=0.1857
  train [#######################-----------------] 264/444  loss=0.1853
  train [########################----------------] 268/444  loss=0.1856
  train [########################----------------] 272/444  loss=0.1859
  train [########################----------------] 276/444  loss=0.1858
  train [#########################---------------] 280/444  loss=0.1868
  train [#########################---------------] 284/444  loss=0.1868
  train [#########################---------------] 288/444  loss=0.1870
  train [##########################--------------] 292/444  loss=0.1876
  train [##########################--------------] 296/444  loss=0.1876
  train [###########################-------------] 300/444  loss=0.1871
  train [###########################-------------] 304/444  loss=0.1865
  train [###########################-------------] 308/444  loss=0.1865
  train [############################------------] 312/444  loss=0.1866
  train [############################------------] 316/444  loss=0.1861
  train [############################------------] 320/444  loss=0.1864
  train [#############################-----------] 324/444  loss=0.1857
  train [#############################-----------] 328/444  loss=0.1852
  train [#############################-----------] 332/444  loss=0.1852
  train [##############################----------] 336/444  loss=0.1848
  train [##############################----------] 340/444  loss=0.1852
  train [##############################----------] 344/444  loss=0.1849
  train [###############################---------] 348/444  loss=0.1848
  train [###############################---------] 352/444  loss=0.1847
  train [################################--------] 356/444  loss=0.1849
  train [################################--------] 360/444  loss=0.1850
  train [################################--------] 364/444  loss=0.1847
  train [#################################-------] 368/444  loss=0.1845
  train [#################################-------] 372/444  loss=0.1844
  train [#################################-------] 376/444  loss=0.1842
  train [##################################------] 380/444  loss=0.1842
  train [##################################------] 384/444  loss=0.1840
  train [##################################------] 388/444  loss=0.1837
  train [###################################-----] 392/444  loss=0.1838
  train [###################################-----] 396/444  loss=0.1835
  train [####################################----] 400/444  loss=0.1832
  train [####################################----] 404/444  loss=0.1830
  train [####################################----] 408/444  loss=0.1828
  train [#####################################---] 412/444  loss=0.1827
  train [#####################################---] 416/444  loss=0.1828
  train [#####################################---] 420/444  loss=0.1828
  train [######################################--] 424/444  loss=0.1830
  train [######################################--] 428/444  loss=0.1826
  train [######################################--] 432/444  loss=0.1827
  train [#######################################-] 436/444  loss=0.1828
  train [#######################################-] 440/444  loss=0.1827
  train [########################################] 444/444  loss=0.1825
  val   [----------------------------------------] 1/93
  val   [----------------------------------------] 2/93
  val   [#---------------------------------------] 3/93
  val   [#---------------------------------------] 4/93
  val   [##--------------------------------------] 5/93
  val   [##--------------------------------------] 6/93
  val   [###-------------------------------------] 7/93
  val   [###-------------------------------------] 8/93
  val   [###-------------------------------------] 9/93
  val   [####------------------------------------] 10/93
  val   [####------------------------------------] 11/93
  val   [#####-----------------------------------] 12/93
  val   [#####-----------------------------------] 13/93
  val   [######----------------------------------] 14/93
  val   [######----------------------------------] 15/93
  val   [######----------------------------------] 16/93
  val   [#######---------------------------------] 17/93
  val   [#######---------------------------------] 18/93
  val   [########--------------------------------] 19/93
  val   [########--------------------------------] 20/93
  val   [#########-------------------------------] 21/93
  val   [#########-------------------------------] 22/93
  val   [#########-------------------------------] 23/93
  val   [##########------------------------------] 24/93
  val   [##########------------------------------] 25/93
  val   [###########-----------------------------] 26/93
  val   [###########-----------------------------] 27/93
  val   [############----------------------------] 28/93
  val   [############----------------------------] 29/93
  val   [############----------------------------] 30/93
  val   [#############---------------------------] 31/93
  val   [#############---------------------------] 32/93
  val   [##############--------------------------] 33/93
  val   [##############--------------------------] 34/93
  val   [###############-------------------------] 35/93
  val   [###############-------------------------] 36/93
  val   [###############-------------------------] 37/93
  val   [################------------------------] 38/93
  val   [################------------------------] 39/93
  val   [#################-----------------------] 40/93
  val   [#################-----------------------] 41/93
  val   [##################----------------------] 42/93
  val   [##################----------------------] 43/93
  val   [##################----------------------] 44/93
  val   [###################---------------------] 45/93
  val   [###################---------------------] 46/93
  val   [####################--------------------] 47/93
  val   [####################--------------------] 48/93
  val   [#####################-------------------] 49/93
  val   [#####################-------------------] 50/93
  val   [#####################-------------------] 51/93
  val   [######################------------------] 52/93
  val   [######################------------------] 53/93
  val   [#######################-----------------] 54/93
  val   [#######################-----------------] 55/93
  val   [########################----------------] 56/93
  val   [########################----------------] 57/93
  val   [########################----------------] 58/93
  val   [#########################---------------] 59/93
  val   [#########################---------------] 60/93
  val   [##########################--------------] 61/93
  val   [##########################--------------] 62/93
  val   [###########################-------------] 63/93
  val   [###########################-------------] 64/93
  val   [###########################-------------] 65/93
  val   [############################------------] 66/93
  val   [############################------------] 67/93
  val   [#############################-----------] 68/93
  val   [#############################-----------] 69/93
  val   [##############################----------] 70/93
  val   [##############################----------] 71/93
  val   [##############################----------] 72/93
  val   [###############################---------] 73/93
  val   [###############################---------] 74/93
  val   [################################--------] 75/93
  val   [################################--------] 76/93
  val   [#################################-------] 77/93
  val   [#################################-------] 78/93
  val   [#################################-------] 79/93
  val   [##################################------] 80/93
  val   [##################################------] 81/93
  val   [###################################-----] 82/93
  val   [###################################-----] 83/93
  val   [####################################----] 84/93
  val   [####################################----] 85/93
  val   [####################################----] 86/93
  val   [#####################################---] 87/93
  val   [#####################################---] 88/93
  val   [######################################--] 89/93
  val   [######################################--] 90/93
  val   [#######################################-] 91/93
  val   [#######################################-] 92/93
  val   [########################################] 93/93
Epoch   8 | train_loss=0.1828 | val_loss=0.6646 | val_acc=0.8394
  -> best model saved (val_loss=0.6646)
  train [----------------------------------------] 4/444  loss=0.1611
  train [----------------------------------------] 8/444  loss=0.1756
  train [#---------------------------------------] 12/444  loss=0.1751
  train [#---------------------------------------] 16/444  loss=0.1701
  train [#---------------------------------------] 20/444  loss=0.1606
  train [##--------------------------------------] 24/444  loss=0.1513
  train [##--------------------------------------] 28/444  loss=0.1478
  train [##--------------------------------------] 32/444  loss=0.1460
  train [###-------------------------------------] 36/444  loss=0.1486
  train [###-------------------------------------] 40/444  loss=0.1443
  train [###-------------------------------------] 44/444  loss=0.1480
  train [####------------------------------------] 48/444  loss=0.1457
  train [####------------------------------------] 52/444  loss=0.1468
  train [#####-----------------------------------] 56/444  loss=0.1447
  train [#####-----------------------------------] 60/444  loss=0.1443
  train [#####-----------------------------------] 64/444  loss=0.1445
  train [######----------------------------------] 68/444  loss=0.1452
  train [######----------------------------------] 72/444  loss=0.1436
  train [######----------------------------------] 76/444  loss=0.1426
  train [#######---------------------------------] 80/444  loss=0.1418
  train [#######---------------------------------] 84/444  loss=0.1418
  train [#######---------------------------------] 88/444  loss=0.1418
  train [########--------------------------------] 92/444  loss=0.1406
  train [########--------------------------------] 96/444  loss=0.1385
  train [#########-------------------------------] 100/444  loss=0.1391
  train [#########-------------------------------] 104/444  loss=0.1399
  train [#########-------------------------------] 108/444  loss=0.1401
  train [##########------------------------------] 112/444  loss=0.1408
  train [##########------------------------------] 116/444  loss=0.1436
  train [##########------------------------------] 120/444  loss=0.1433
  train [###########-----------------------------] 124/444  loss=0.1438
  train [###########-----------------------------] 128/444  loss=0.1465
  train [###########-----------------------------] 132/444  loss=0.1468
  train [############----------------------------] 136/444  loss=0.1473
  train [############----------------------------] 140/444  loss=0.1469
  train [############----------------------------] 144/444  loss=0.1477
  train [#############---------------------------] 148/444  loss=0.1461
  train [#############---------------------------] 152/444  loss=0.1452
  train [##############--------------------------] 156/444  loss=0.1460
  train [##############--------------------------] 160/444  loss=0.1454
  train [##############--------------------------] 164/444  loss=0.1453
  train [###############-------------------------] 168/444  loss=0.1448
  train [###############-------------------------] 172/444  loss=0.1460
  train [###############-------------------------] 176/444  loss=0.1465
  train [################------------------------] 180/444  loss=0.1469
  train [################------------------------] 184/444  loss=0.1473
  train [################------------------------] 188/444  loss=0.1467
  train [#################-----------------------] 192/444  loss=0.1479
  train [#################-----------------------] 196/444  loss=0.1487
  train [##################----------------------] 200/444  loss=0.1483
  train [##################----------------------] 204/444  loss=0.1475
  train [##################----------------------] 208/444  loss=0.1474
  train [###################---------------------] 212/444  loss=0.1488
  train [###################---------------------] 216/444  loss=0.1489
  train [###################---------------------] 220/444  loss=0.1489
  train [####################--------------------] 224/444  loss=0.1483
  train [####################--------------------] 228/444  loss=0.1480
  train [####################--------------------] 232/444  loss=0.1479
  train [#####################-------------------] 236/444  loss=0.1485
  train [#####################-------------------] 240/444  loss=0.1500
  train [#####################-------------------] 244/444  loss=0.1505
  train [######################------------------] 248/444  loss=0.1504
  train [######################------------------] 252/444  loss=0.1502
  train [#######################-----------------] 256/444  loss=0.1500
  train [#######################-----------------] 260/444  loss=0.1496
  train [#######################-----------------] 264/444  loss=0.1494
  train [########################----------------] 268/444  loss=0.1492
  train [########################----------------] 272/444  loss=0.1491
  train [########################----------------] 276/444  loss=0.1488
  train [#########################---------------] 280/444  loss=0.1487
  train [#########################---------------] 284/444  loss=0.1489
  train [#########################---------------] 288/444  loss=0.1494
  train [##########################--------------] 292/444  loss=0.1496
  train [##########################--------------] 296/444  loss=0.1494
  train [###########################-------------] 300/444  loss=0.1499
  train [###########################-------------] 304/444  loss=0.1495
  train [###########################-------------] 308/444  loss=0.1498
  train [############################------------] 312/444  loss=0.1497
  train [############################------------] 316/444  loss=0.1493
  train [############################------------] 320/444  loss=0.1486
  train [#############################-----------] 324/444  loss=0.1486
  train [#############################-----------] 328/444  loss=0.1484
  train [#############################-----------] 332/444  loss=0.1482
  train [##############################----------] 336/444  loss=0.1482
  train [##############################----------] 340/444  loss=0.1485
  train [##############################----------] 344/444  loss=0.1487
  train [###############################---------] 348/444  loss=0.1491
  train [###############################---------] 352/444  loss=0.1494
  train [################################--------] 356/444  loss=0.1496
  train [################################--------] 360/444  loss=0.1495
  train [################################--------] 364/444  loss=0.1494
  train [#################################-------] 368/444  loss=0.1496
  train [#################################-------] 372/444  loss=0.1494
  train [#################################-------] 376/444  loss=0.1489
  train [##################################------] 380/444  loss=0.1490
  train [##################################------] 384/444  loss=0.1487
  train [##################################------] 388/444  loss=0.1482
  train [###################################-----] 392/444  loss=0.1482
  train [###################################-----] 396/444  loss=0.1480
  train [####################################----] 400/444  loss=0.1476
  train [####################################----] 404/444  loss=0.1477
  train [####################################----] 408/444  loss=0.1477
  train [#####################################---] 412/444  loss=0.1476
  train [#####################################---] 416/444  loss=0.1474
  train [#####################################---] 420/444  loss=0.1470
  train [######################################--] 424/444  loss=0.1469
  train [######################################--] 428/444  loss=0.1469
  train [######################################--] 432/444  loss=0.1471
  train [#######################################-] 436/444  loss=0.1471
  train [#######################################-] 440/444  loss=0.1471
  train [########################################] 444/444  loss=0.1468
  val   [----------------------------------------] 1/93
  val   [----------------------------------------] 2/93
  val   [#---------------------------------------] 3/93
  val   [#---------------------------------------] 4/93
  val   [##--------------------------------------] 5/93
  val   [##--------------------------------------] 6/93
  val   [###-------------------------------------] 7/93
  val   [###-------------------------------------] 8/93
  val   [###-------------------------------------] 9/93
  val   [####------------------------------------] 10/93
  val   [####------------------------------------] 11/93
  val   [#####-----------------------------------] 12/93
  val   [#####-----------------------------------] 13/93
  val   [######----------------------------------] 14/93
  val   [######----------------------------------] 15/93
  val   [######----------------------------------] 16/93
  val   [#######---------------------------------] 17/93
  val   [#######---------------------------------] 18/93
  val   [########--------------------------------] 19/93
  val   [########--------------------------------] 20/93
  val   [#########-------------------------------] 21/93
  val   [#########-------------------------------] 22/93
  val   [#########-------------------------------] 23/93
  val   [##########------------------------------] 24/93
  val   [##########------------------------------] 25/93
  val   [###########-----------------------------] 26/93
  val   [###########-----------------------------] 27/93
  val   [############----------------------------] 28/93
  val   [############----------------------------] 29/93
  val   [############----------------------------] 30/93
  val   [#############---------------------------] 31/93
  val   [#############---------------------------] 32/93
  val   [##############--------------------------] 33/93
  val   [##############--------------------------] 34/93
  val   [###############-------------------------] 35/93
  val   [###############-------------------------] 36/93
  val   [###############-------------------------] 37/93
  val   [################------------------------] 38/93
  val   [################------------------------] 39/93
  val   [#################-----------------------] 40/93
  val   [#################-----------------------] 41/93
  val   [##################----------------------] 42/93
  val   [##################----------------------] 43/93
  val   [##################----------------------] 44/93
  val   [###################---------------------] 45/93
  val   [###################---------------------] 46/93
  val   [####################--------------------] 47/93
  val   [####################--------------------] 48/93
  val   [#####################-------------------] 49/93
  val   [#####################-------------------] 50/93
  val   [#####################-------------------] 51/93
  val   [######################------------------] 52/93
  val   [######################------------------] 53/93
  val   [#######################-----------------] 54/93
  val   [#######################-----------------] 55/93
  val   [########################----------------] 56/93
  val   [########################----------------] 57/93
  val   [########################----------------] 58/93
  val   [#########################---------------] 59/93
  val   [#########################---------------] 60/93
  val   [##########################--------------] 61/93
  val   [##########################--------------] 62/93
  val   [###########################-------------] 63/93
  val   [###########################-------------] 64/93
  val   [###########################-------------] 65/93
  val   [############################------------] 66/93
  val   [############################------------] 67/93
  val   [#############################-----------] 68/93
  val   [#############################-----------] 69/93
  val   [##############################----------] 70/93
  val   [##############################----------] 71/93
  val   [##############################----------] 72/93
  val   [###############################---------] 73/93
  val   [###############################---------] 74/93
  val   [################################--------] 75/93
  val   [################################--------] 76/93
  val   [#################################-------] 77/93
  val   [#################################-------] 78/93
  val   [#################################-------] 79/93
  val   [##################################------] 80/93
  val   [##################################------] 81/93
  val   [###################################-----] 82/93
  val   [###################################-----] 83/93
  val   [####################################----] 84/93
  val   [####################################----] 85/93
  val   [####################################----] 86/93
  val   [#####################################---] 87/93
  val   [#####################################---] 88/93
  val   [######################################--] 89/93
  val   [######################################--] 90/93
  val   [#######################################-] 91/93
  val   [#######################################-] 92/93
  val   [########################################] 93/93
Epoch   9 | train_loss=0.1471 | val_loss=0.6475 | val_acc=0.8481
  -> best model saved (val_loss=0.6475)
  train [----------------------------------------] 4/444  loss=0.0974
  train [----------------------------------------] 8/444  loss=0.0886
  train [#---------------------------------------] 12/444  loss=0.1085
  train [#---------------------------------------] 16/444  loss=0.1048
  train [#---------------------------------------] 20/444  loss=0.1039
  train [##--------------------------------------] 24/444  loss=0.1084
  train [##--------------------------------------] 28/444  loss=0.1095
  train [##--------------------------------------] 32/444  loss=0.1096
  train [###-------------------------------------] 36/444  loss=0.1111
  train [###-------------------------------------] 40/444  loss=0.1126
  train [###-------------------------------------] 44/444  loss=0.1153
  train [####------------------------------------] 48/444  loss=0.1148
  train [####------------------------------------] 52/444  loss=0.1171
  train [#####-----------------------------------] 56/444  loss=0.1177
  train [#####-----------------------------------] 60/444  loss=0.1170
  train [#####-----------------------------------] 64/444  loss=0.1177
  train [######----------------------------------] 68/444  loss=0.1184
  train [######----------------------------------] 72/444  loss=0.1177
  train [######----------------------------------] 76/444  loss=0.1168
  train [#######---------------------------------] 80/444  loss=0.1176
  train [#######---------------------------------] 84/444  loss=0.1168
  train [#######---------------------------------] 88/444  loss=0.1180
  train [########--------------------------------] 92/444  loss=0.1177
  train [########--------------------------------] 96/444  loss=0.1159
  train [#########-------------------------------] 100/444  loss=0.1175
  train [#########-------------------------------] 104/444  loss=0.1172
  train [#########-------------------------------] 108/444  loss=0.1175
  train [##########------------------------------] 112/444  loss=0.1192
  train [##########------------------------------] 116/444  loss=0.1190
  train [##########------------------------------] 120/444  loss=0.1201
  train [###########-----------------------------] 124/444  loss=0.1195
  train [###########-----------------------------] 128/444  loss=0.1188
  train [###########-----------------------------] 132/444  loss=0.1188
  train [############----------------------------] 136/444  loss=0.1190
  train [############----------------------------] 140/444  loss=0.1191
  train [############----------------------------] 144/444  loss=0.1189
  train [#############---------------------------] 148/444  loss=0.1180
  train [#############---------------------------] 152/444  loss=0.1183
  train [##############--------------------------] 156/444  loss=0.1184
  train [##############--------------------------] 160/444  loss=0.1181
  train [##############--------------------------] 164/444  loss=0.1186
  train [###############-------------------------] 168/444  loss=0.1180
  train [###############-------------------------] 172/444  loss=0.1176
  train [###############-------------------------] 176/444  loss=0.1185
  train [################------------------------] 180/444  loss=0.1174
  train [################------------------------] 184/444  loss=0.1171
  train [################------------------------] 188/444  loss=0.1166
  train [#################-----------------------] 192/444  loss=0.1159
  train [#################-----------------------] 196/444  loss=0.1157
  train [##################----------------------] 200/444  loss=0.1158
  train [##################----------------------] 204/444  loss=0.1156
  train [##################----------------------] 208/444  loss=0.1157
  train [###################---------------------] 212/444  loss=0.1159
  train [###################---------------------] 216/444  loss=0.1159
  train [###################---------------------] 220/444  loss=0.1156
  train [####################--------------------] 224/444  loss=0.1155
  train [####################--------------------] 228/444  loss=0.1154
  train [####################--------------------] 232/444  loss=0.1158
  train [#####################-------------------] 236/444  loss=0.1160
  train [#####################-------------------] 240/444  loss=0.1167
  train [#####################-------------------] 244/444  loss=0.1167
  train [######################------------------] 248/444  loss=0.1164
  train [######################------------------] 252/444  loss=0.1165
  train [#######################-----------------] 256/444  loss=0.1164
  train [#######################-----------------] 260/444  loss=0.1170
  train [#######################-----------------] 264/444  loss=0.1168
  train [########################----------------] 268/444  loss=0.1170
  train [########################----------------] 272/444  loss=0.1171
  train [########################----------------] 276/444  loss=0.1171
  train [#########################---------------] 280/444  loss=0.1170
  train [#########################---------------] 284/444  loss=0.1177
  train [#########################---------------] 288/444  loss=0.1170
  train [##########################--------------] 292/444  loss=0.1169
  train [##########################--------------] 296/444  loss=0.1174
  train [###########################-------------] 300/444  loss=0.1172
  train [###########################-------------] 304/444  loss=0.1173
  train [###########################-------------] 308/444  loss=0.1178
  train [############################------------] 312/444  loss=0.1176
  train [############################------------] 316/444  loss=0.1177
  train [############################------------] 320/444  loss=0.1178
  train [#############################-----------] 324/444  loss=0.1180
  train [#############################-----------] 328/444  loss=0.1179
  train [#############################-----------] 332/444  loss=0.1188
  train [##############################----------] 336/444  loss=0.1184
  train [##############################----------] 340/444  loss=0.1185
  train [##############################----------] 344/444  loss=0.1185
  train [###############################---------] 348/444  loss=0.1186
  train [###############################---------] 352/444  loss=0.1185
  train [################################--------] 356/444  loss=0.1197
  train [################################--------] 360/444  loss=0.1201
  train [################################--------] 364/444  loss=0.1211
  train [#################################-------] 368/444  loss=0.1210
  train [#################################-------] 372/444  loss=0.1208
  train [#################################-------] 376/444  loss=0.1221
  train [##################################------] 380/444  loss=0.1219
  train [##################################------] 384/444  loss=0.1222
  train [##################################------] 388/444  loss=0.1227
  train [###################################-----] 392/444  loss=0.1226
  train [###################################-----] 396/444  loss=0.1228
  train [####################################----] 400/444  loss=0.1227
  train [####################################----] 404/444  loss=0.1226
  train [####################################----] 408/444  loss=0.1230
  train [#####################################---] 412/444  loss=0.1231
  train [#####################################---] 416/444  loss=0.1233
  train [#####################################---] 420/444  loss=0.1232
  train [######################################--] 424/444  loss=0.1229
  train [######################################--] 428/444  loss=0.1229
  train [######################################--] 432/444  loss=0.1226
  train [#######################################-] 436/444  loss=0.1224
  train [#######################################-] 440/444  loss=0.1226
  train [########################################] 444/444  loss=0.1222
  val   [----------------------------------------] 1/93
  val   [----------------------------------------] 2/93
  val   [#---------------------------------------] 3/93
  val   [#---------------------------------------] 4/93
  val   [##--------------------------------------] 5/93
  val   [##--------------------------------------] 6/93
  val   [###-------------------------------------] 7/93
  val   [###-------------------------------------] 8/93
  val   [###-------------------------------------] 9/93
  val   [####------------------------------------] 10/93
  val   [####------------------------------------] 11/93
  val   [#####-----------------------------------] 12/93
  val   [#####-----------------------------------] 13/93
  val   [######----------------------------------] 14/93
  val   [######----------------------------------] 15/93
  val   [######----------------------------------] 16/93
  val   [#######---------------------------------] 17/93
  val   [#######---------------------------------] 18/93
  val   [########--------------------------------] 19/93
  val   [########--------------------------------] 20/93
  val   [#########-------------------------------] 21/93
  val   [#########-------------------------------] 22/93
  val   [#########-------------------------------] 23/93
  val   [##########------------------------------] 24/93
  val   [##########------------------------------] 25/93
  val   [###########-----------------------------] 26/93
  val   [###########-----------------------------] 27/93
  val   [############----------------------------] 28/93
  val   [############----------------------------] 29/93
  val   [############----------------------------] 30/93
  val   [#############---------------------------] 31/93
  val   [#############---------------------------] 32/93
  val   [##############--------------------------] 33/93
  val   [##############--------------------------] 34/93
  val   [###############-------------------------] 35/93
  val   [###############-------------------------] 36/93
  val   [###############-------------------------] 37/93
  val   [################------------------------] 38/93
  val   [################------------------------] 39/93
  val   [#################-----------------------] 40/93
  val   [#################-----------------------] 41/93
  val   [##################----------------------] 42/93
  val   [##################----------------------] 43/93
  val   [##################----------------------] 44/93
  val   [###################---------------------] 45/93
  val   [###################---------------------] 46/93
  val   [####################--------------------] 47/93
  val   [####################--------------------] 48/93
  val   [#####################-------------------] 49/93
  val   [#####################-------------------] 50/93
  val   [#####################-------------------] 51/93
  val   [######################------------------] 52/93
  val   [######################------------------] 53/93
  val   [#######################-----------------] 54/93
  val   [#######################-----------------] 55/93
  val   [########################----------------] 56/93
  val   [########################----------------] 57/93
  val   [########################----------------] 58/93
  val   [#########################---------------] 59/93
  val   [#########################---------------] 60/93
  val   [##########################--------------] 61/93
  val   [##########################--------------] 62/93
  val   [###########################-------------] 63/93
  val   [###########################-------------] 64/93
  val   [###########################-------------] 65/93
  val   [############################------------] 66/93
  val   [############################------------] 67/93
  val   [#############################-----------] 68/93
  val   [#############################-----------] 69/93
  val   [##############################----------] 70/93
  val   [##############################----------] 71/93
  val   [##############################----------] 72/93
  val   [###############################---------] 73/93
  val   [###############################---------] 74/93
  val   [################################--------] 75/93
  val   [################################--------] 76/93
  val   [#################################-------] 77/93
  val   [#################################-------] 78/93
  val   [#################################-------] 79/93
  val   [##################################------] 80/93
  val   [##################################------] 81/93
  val   [###################################-----] 82/93
  val   [###################################-----] 83/93
  val   [####################################----] 84/93
  val   [####################################----] 85/93
  val   [####################################----] 86/93
  val   [#####################################---] 87/93
  val   [#####################################---] 88/93
  val   [######################################--] 89/93
  val   [######################################--] 90/93
  val   [#######################################-] 91/93
  val   [#######################################-] 92/93
  val   [########################################] 93/93
Epoch  10 | train_loss=0.1224 | val_loss=0.6390 | val_acc=0.8518
  -> best model saved (val_loss=0.6390)
  train [----------------------------------------] 4/444  loss=0.0907
  train [----------------------------------------] 8/444  loss=0.0854
  train [#---------------------------------------] 12/444  loss=0.0900
  train [#---------------------------------------] 16/444  loss=0.1057
  train [#---------------------------------------] 20/444  loss=0.1049
  train [##--------------------------------------] 24/444  loss=0.1049
  train [##--------------------------------------] 28/444  loss=0.0995
  train [##--------------------------------------] 32/444  loss=0.0953
  train [###-------------------------------------] 36/444  loss=0.0940
  train [###-------------------------------------] 40/444  loss=0.0947
  train [###-------------------------------------] 44/444  loss=0.0956
  train [####------------------------------------] 48/444  loss=0.0929
  train [####------------------------------------] 52/444  loss=0.0915
  train [#####-----------------------------------] 56/444  loss=0.0914
  train [#####-----------------------------------] 60/444  loss=0.0939
  train [#####-----------------------------------] 64/444  loss=0.0955
  train [######----------------------------------] 68/444  loss=0.0979
  train [######----------------------------------] 72/444  loss=0.0954
  train [######----------------------------------] 76/444  loss=0.0942
  train [#######---------------------------------] 80/444  loss=0.0936
  train [#######---------------------------------] 84/444  loss=0.0922
  train [#######---------------------------------] 88/444  loss=0.0932
  train [########--------------------------------] 92/444  loss=0.0923
  train [########--------------------------------] 96/444  loss=0.0926
  train [#########-------------------------------] 100/444  loss=0.0922
  train [#########-------------------------------] 104/444  loss=0.0916
  train [#########-------------------------------] 108/444  loss=0.0912
  train [##########------------------------------] 112/444  loss=0.0925
  train [##########------------------------------] 116/444  loss=0.0916
  train [##########------------------------------] 120/444  loss=0.0919
  train [###########-----------------------------] 124/444  loss=0.0919
  train [###########-----------------------------] 128/444  loss=0.0927
  train [###########-----------------------------] 132/444  loss=0.0939
  train [############----------------------------] 136/444  loss=0.0951
  train [############----------------------------] 140/444  loss=0.0948
  train [############----------------------------] 144/444  loss=0.0942
  train [#############---------------------------] 148/444  loss=0.0943
  train [#############---------------------------] 152/444  loss=0.0944
  train [##############--------------------------] 156/444  loss=0.0941
  train [##############--------------------------] 160/444  loss=0.0937
  train [##############--------------------------] 164/444  loss=0.0943
  train [###############-------------------------] 168/444  loss=0.0944
  train [###############-------------------------] 172/444  loss=0.0955
  train [###############-------------------------] 176/444  loss=0.0951
  train [################------------------------] 180/444  loss=0.0961
  train [################------------------------] 184/444  loss=0.0961
  train [################------------------------] 188/444  loss=0.0968
  train [#################-----------------------] 192/444  loss=0.0972
  train [#################-----------------------] 196/444  loss=0.0969
  train [##################----------------------] 200/444  loss=0.0968
  train [##################----------------------] 204/444  loss=0.0965
  train [##################----------------------] 208/444  loss=0.0958
  train [###################---------------------] 212/444  loss=0.0957
  train [###################---------------------] 216/444  loss=0.0954
  train [###################---------------------] 220/444  loss=0.0960
  train [####################--------------------] 224/444  loss=0.0958
  train [####################--------------------] 228/444  loss=0.0960
  train [####################--------------------] 232/444  loss=0.0956
  train [#####################-------------------] 236/444  loss=0.0960
  train [#####################-------------------] 240/444  loss=0.0965
  train [#####################-------------------] 244/444  loss=0.0970
  train [######################------------------] 248/444  loss=0.0980
  train [######################------------------] 252/444  loss=0.0985
  train [#######################-----------------] 256/444  loss=0.0984
  train [#######################-----------------] 260/444  loss=0.0984
  train [#######################-----------------] 264/444  loss=0.0984
  train [########################----------------] 268/444  loss=0.0996
  train [########################----------------] 272/444  loss=0.1000
  train [########################----------------] 276/444  loss=0.0997
  train [#########################---------------] 280/444  loss=0.0995
  train [#########################---------------] 284/444  loss=0.0997
  train [#########################---------------] 288/444  loss=0.0997
  train [##########################--------------] 292/444  loss=0.0998
  train [##########################--------------] 296/444  loss=0.0995
  train [###########################-------------] 300/444  loss=0.0994
  train [###########################-------------] 304/444  loss=0.0992
  train [###########################-------------] 308/444  loss=0.0994
  train [############################------------] 312/444  loss=0.0998
  train [############################------------] 316/444  loss=0.0997
  train [############################------------] 320/444  loss=0.0998
  train [#############################-----------] 324/444  loss=0.0999
  train [#############################-----------] 328/444  loss=0.1003
  train [#############################-----------] 332/444  loss=0.1012
  train [##############################----------] 336/444  loss=0.1012
  train [##############################----------] 340/444  loss=0.1010
  train [##############################----------] 344/444  loss=0.1009
  train [###############################---------] 348/444  loss=0.1011
  train [###############################---------] 352/444  loss=0.1014
  train [################################--------] 356/444  loss=0.1016
  train [################################--------] 360/444  loss=0.1014
  train [################################--------] 364/444  loss=0.1013
  train [#################################-------] 368/444  loss=0.1016
  train [#################################-------] 372/444  loss=0.1022
  train [#################################-------] 376/444  loss=0.1019
  train [##################################------] 380/444  loss=0.1020
  train [##################################------] 384/444  loss=0.1021
  train [##################################------] 388/444  loss=0.1024
  train [###################################-----] 392/444  loss=0.1028
  train [###################################-----] 396/444  loss=0.1027
  train [####################################----] 400/444  loss=0.1029
  train [####################################----] 404/444  loss=0.1028
  train [####################################----] 408/444  loss=0.1029
  train [#####################################---] 412/444  loss=0.1028
  train [#####################################---] 416/444  loss=0.1029
  train [#####################################---] 420/444  loss=0.1029
  train [######################################--] 424/444  loss=0.1032
  train [######################################--] 428/444  loss=0.1027
  train [######################################--] 432/444  loss=0.1032
  train [#######################################-] 436/444  loss=0.1036
  train [#######################################-] 440/444  loss=0.1037
  train [########################################] 444/444  loss=0.1036
  val   [----------------------------------------] 1/93
  val   [----------------------------------------] 2/93
  val   [#---------------------------------------] 3/93
  val   [#---------------------------------------] 4/93
  val   [##--------------------------------------] 5/93
  val   [##--------------------------------------] 6/93
  val   [###-------------------------------------] 7/93
  val   [###-------------------------------------] 8/93
  val   [###-------------------------------------] 9/93
  val   [####------------------------------------] 10/93
  val   [####------------------------------------] 11/93
  val   [#####-----------------------------------] 12/93
  val   [#####-----------------------------------] 13/93
  val   [######----------------------------------] 14/93
  val   [######----------------------------------] 15/93
  val   [######----------------------------------] 16/93
  val   [#######---------------------------------] 17/93
  val   [#######---------------------------------] 18/93
  val   [########--------------------------------] 19/93
  val   [########--------------------------------] 20/93
  val   [#########-------------------------------] 21/93
  val   [#########-------------------------------] 22/93
  val   [#########-------------------------------] 23/93
  val   [##########------------------------------] 24/93
  val   [##########------------------------------] 25/93
  val   [###########-----------------------------] 26/93
  val   [###########-----------------------------] 27/93
  val   [############----------------------------] 28/93
  val   [############----------------------------] 29/93
  val   [############----------------------------] 30/93
  val   [#############---------------------------] 31/93
  val   [#############---------------------------] 32/93
  val   [##############--------------------------] 33/93
  val   [##############--------------------------] 34/93
  val   [###############-------------------------] 35/93
  val   [###############-------------------------] 36/93
  val   [###############-------------------------] 37/93
  val   [################------------------------] 38/93
  val   [################------------------------] 39/93
  val   [#################-----------------------] 40/93
  val   [#################-----------------------] 41/93
  val   [##################----------------------] 42/93
  val   [##################----------------------] 43/93
  val   [##################----------------------] 44/93
  val   [###################---------------------] 45/93
  val   [###################---------------------] 46/93
  val   [####################--------------------] 47/93
  val   [####################--------------------] 48/93
  val   [#####################-------------------] 49/93
  val   [#####################-------------------] 50/93
  val   [#####################-------------------] 51/93
  val   [######################------------------] 52/93
  val   [######################------------------] 53/93
  val   [#######################-----------------] 54/93
  val   [#######################-----------------] 55/93
  val   [########################----------------] 56/93
  val   [########################----------------] 57/93
  val   [########################----------------] 58/93
  val   [#########################---------------] 59/93
  val   [#########################---------------] 60/93
  val   [##########################--------------] 61/93
  val   [##########################--------------] 62/93
  val   [###########################-------------] 63/93
  val   [###########################-------------] 64/93
  val   [###########################-------------] 65/93
  val   [############################------------] 66/93
  val   [############################------------] 67/93
  val   [#############################-----------] 68/93
  val   [#############################-----------] 69/93
  val   [##############################----------] 70/93
  val   [##############################----------] 71/93
  val   [##############################----------] 72/93
  val   [###############################---------] 73/93
  val   [###############################---------] 74/93
  val   [################################--------] 75/93
  val   [################################--------] 76/93
  val   [#################################-------] 77/93
  val   [#################################-------] 78/93
  val   [#################################-------] 79/93
  val   [##################################------] 80/93
  val   [##################################------] 81/93
  val   [###################################-----] 82/93
  val   [###################################-----] 83/93
  val   [####################################----] 84/93
  val   [####################################----] 85/93
  val   [####################################----] 86/93
  val   [#####################################---] 87/93
  val   [#####################################---] 88/93
  val   [######################################--] 89/93
  val   [######################################--] 90/93
  val   [#######################################-] 91/93
  val   [#######################################-] 92/93
  val   [########################################] 93/93
Epoch  11 | train_loss=0.1038 | val_loss=0.6580 | val_acc=0.8468
  train [----------------------------------------] 4/444  loss=0.0585
  train [----------------------------------------] 8/444  loss=0.0626
  train [#---------------------------------------] 12/444  loss=0.0865
  train [#---------------------------------------] 16/444  loss=0.0939
  train [#---------------------------------------] 20/444  loss=0.0951
  train [##--------------------------------------] 24/444  loss=0.0967
  train [##--------------------------------------] 28/444  loss=0.0973
  train [##--------------------------------------] 32/444  loss=0.1014
  train [###-------------------------------------] 36/444  loss=0.0998
  train [###-------------------------------------] 40/444  loss=0.0971
  train [###-------------------------------------] 44/444  loss=0.0938
  train [####------------------------------------] 48/444  loss=0.0913
  train [####------------------------------------] 52/444  loss=0.0893
  train [#####-----------------------------------] 56/444  loss=0.0889
  train [#####-----------------------------------] 60/444  loss=0.0894
  train [#####-----------------------------------] 64/444  loss=0.0910
  train [######----------------------------------] 68/444  loss=0.0899
  train [######----------------------------------] 72/444  loss=0.0900
  train [######----------------------------------] 76/444  loss=0.0894
  train [#######---------------------------------] 80/444  loss=0.0895
  train [#######---------------------------------] 84/444  loss=0.0896
  train [#######---------------------------------] 88/444  loss=0.0905
  train [########--------------------------------] 92/444  loss=0.0891
  train [########--------------------------------] 96/444  loss=0.0888
  train [#########-------------------------------] 100/444  loss=0.0886
  train [#########-------------------------------] 104/444  loss=0.0879
  train [#########-------------------------------] 108/444  loss=0.0869
  train [##########------------------------------] 112/444  loss=0.0869
  train [##########------------------------------] 116/444  loss=0.0862
  train [##########------------------------------] 120/444  loss=0.0870
  train [###########-----------------------------] 124/444  loss=0.0874
  train [###########-----------------------------] 128/444  loss=0.0869
  train [###########-----------------------------] 132/444  loss=0.0886
  train [############----------------------------] 136/444  loss=0.0886
  train [############----------------------------] 140/444  loss=0.0885
  train [############----------------------------] 144/444  loss=0.0886
  train [#############---------------------------] 148/444  loss=0.0882
  train [#############---------------------------] 152/444  loss=0.0880
  train [##############--------------------------] 156/444  loss=0.0887
  train [##############--------------------------] 160/444  loss=0.0884
  train [##############--------------------------] 164/444  loss=0.0878
  train [###############-------------------------] 168/444  loss=0.0877
  train [###############-------------------------] 172/444  loss=0.0880
  train [###############-------------------------] 176/444  loss=0.0881
  train [################------------------------] 180/444  loss=0.0878
  train [################------------------------] 184/444  loss=0.0876
  train [################------------------------] 188/444  loss=0.0871
  train [#################-----------------------] 192/444  loss=0.0875
  train [#################-----------------------] 196/444  loss=0.0871
  train [##################----------------------] 200/444  loss=0.0867
  train [##################----------------------] 204/444  loss=0.0866
  train [##################----------------------] 208/444  loss=0.0867
  train [###################---------------------] 212/444  loss=0.0867
  train [###################---------------------] 216/444  loss=0.0875
  train [###################---------------------] 220/444  loss=0.0876
  train [####################--------------------] 224/444  loss=0.0875
  train [####################--------------------] 228/444  loss=0.0883
  train [####################--------------------] 232/444  loss=0.0877
  train [#####################-------------------] 236/444  loss=0.0882
  train [#####################-------------------] 240/444  loss=0.0876
  train [#####################-------------------] 244/444  loss=0.0880
  train [######################------------------] 248/444  loss=0.0879
  train [######################------------------] 252/444  loss=0.0875
  train [#######################-----------------] 256/444  loss=0.0868
  train [#######################-----------------] 260/444  loss=0.0866
  train [#######################-----------------] 264/444  loss=0.0863
  train [########################----------------] 268/444  loss=0.0867
  train [########################----------------] 272/444  loss=0.0864
  train [########################----------------] 276/444  loss=0.0874
  train [#########################---------------] 280/444  loss=0.0869
  train [#########################---------------] 284/444  loss=0.0865
  train [#########################---------------] 288/444  loss=0.0860
  train [##########################--------------] 292/444  loss=0.0855
  train [##########################--------------] 296/444  loss=0.0855
  train [###########################-------------] 300/444  loss=0.0853
  train [###########################-------------] 304/444  loss=0.0851
  train [###########################-------------] 308/444  loss=0.0850
  train [############################------------] 312/444  loss=0.0846
  train [############################------------] 316/444  loss=0.0844
  train [############################------------] 320/444  loss=0.0846
  train [#############################-----------] 324/444  loss=0.0844
  train [#############################-----------] 328/444  loss=0.0844
  train [#############################-----------] 332/444  loss=0.0843
  train [##############################----------] 336/444  loss=0.0841
  train [##############################----------] 340/444  loss=0.0842
  train [##############################----------] 344/444  loss=0.0841
  train [###############################---------] 348/444  loss=0.0845
  train [###############################---------] 352/444  loss=0.0846
  train [################################--------] 356/444  loss=0.0844
  train [################################--------] 360/444  loss=0.0841
  train [################################--------] 364/444  loss=0.0844
  train [#################################-------] 368/444  loss=0.0841
  train [#################################-------] 372/444  loss=0.0840
  train [#################################-------] 376/444  loss=0.0841
  train [##################################------] 380/444  loss=0.0843
  train [##################################------] 384/444  loss=0.0842
  train [##################################------] 388/444  loss=0.0841
  train [###################################-----] 392/444  loss=0.0839
  train [###################################-----] 396/444  loss=0.0839
  train [####################################----] 400/444  loss=0.0836
  train [####################################----] 404/444  loss=0.0836
  train [####################################----] 408/444  loss=0.0835
  train [#####################################---] 412/444  loss=0.0836
  train [#####################################---] 416/444  loss=0.0836
  train [#####################################---] 420/444  loss=0.0835
  train [######################################--] 424/444  loss=0.0835
  train [######################################--] 428/444  loss=0.0833
  train [######################################--] 432/444  loss=0.0834
  train [#######################################-] 436/444  loss=0.0833
  train [#######################################-] 440/444  loss=0.0832
  train [########################################] 444/444  loss=0.0832
  val   [----------------------------------------] 1/93
  val   [----------------------------------------] 2/93
  val   [#---------------------------------------] 3/93
  val   [#---------------------------------------] 4/93
  val   [##--------------------------------------] 5/93
  val   [##--------------------------------------] 6/93
  val   [###-------------------------------------] 7/93
  val   [###-------------------------------------] 8/93
  val   [###-------------------------------------] 9/93
  val   [####------------------------------------] 10/93
  val   [####------------------------------------] 11/93
  val   [#####-----------------------------------] 12/93
  val   [#####-----------------------------------] 13/93
  val   [######----------------------------------] 14/93
  val   [######----------------------------------] 15/93
  val   [######----------------------------------] 16/93
  val   [#######---------------------------------] 17/93
  val   [#######---------------------------------] 18/93
  val   [########--------------------------------] 19/93
  val   [########--------------------------------] 20/93
  val   [#########-------------------------------] 21/93
  val   [#########-------------------------------] 22/93
  val   [#########-------------------------------] 23/93
  val   [##########------------------------------] 24/93
  val   [##########------------------------------] 25/93
  val   [###########-----------------------------] 26/93
  val   [###########-----------------------------] 27/93
  val   [############----------------------------] 28/93
  val   [############----------------------------] 29/93
  val   [############----------------------------] 30/93
  val   [#############---------------------------] 31/93
  val   [#############---------------------------] 32/93
  val   [##############--------------------------] 33/93
  val   [##############--------------------------] 34/93
  val   [###############-------------------------] 35/93
  val   [###############-------------------------] 36/93
  val   [###############-------------------------] 37/93
  val   [################------------------------] 38/93
  val   [################------------------------] 39/93
  val   [#################-----------------------] 40/93
  val   [#################-----------------------] 41/93
  val   [##################----------------------] 42/93
  val   [##################----------------------] 43/93
  val   [##################----------------------] 44/93
  val   [###################---------------------] 45/93
  val   [###################---------------------] 46/93
  val   [####################--------------------] 47/93
  val   [####################--------------------] 48/93
  val   [#####################-------------------] 49/93
  val   [#####################-------------------] 50/93
  val   [#####################-------------------] 51/93
  val   [######################------------------] 52/93
  val   [######################------------------] 53/93
  val   [#######################-----------------] 54/93
  val   [#######################-----------------] 55/93
  val   [########################----------------] 56/93
  val   [########################----------------] 57/93
  val   [########################----------------] 58/93
  val   [#########################---------------] 59/93
  val   [#########################---------------] 60/93
  val   [##########################--------------] 61/93
  val   [##########################--------------] 62/93
  val   [###########################-------------] 63/93
  val   [###########################-------------] 64/93
  val   [###########################-------------] 65/93
  val   [############################------------] 66/93
  val   [############################------------] 67/93
  val   [#############################-----------] 68/93
  val   [#############################-----------] 69/93
  val   [##############################----------] 70/93
  val   [##############################----------] 71/93
  val   [##############################----------] 72/93
  val   [###############################---------] 73/93
  val   [###############################---------] 74/93
  val   [################################--------] 75/93
  val   [################################--------] 76/93
  val   [#################################-------] 77/93
  val   [#################################-------] 78/93
  val   [#################################-------] 79/93
  val   [##################################------] 80/93
  val   [##################################------] 81/93
  val   [###################################-----] 82/93
  val   [###################################-----] 83/93
  val   [####################################----] 84/93
  val   [####################################----] 85/93
  val   [####################################----] 86/93
  val   [#####################################---] 87/93
  val   [#####################################---] 88/93
  val   [######################################--] 89/93
  val   [######################################--] 90/93
  val   [#######################################-] 91/93
  val   [#######################################-] 92/93
  val   [########################################] 93/93
Epoch  12 | train_loss=0.0833 | val_loss=0.6207 | val_acc=0.8535
  -> best model saved (val_loss=0.6207)
  train [----------------------------------------] 4/444  loss=0.0590
  train [----------------------------------------] 8/444  loss=0.0514
  train [#---------------------------------------] 12/444  loss=0.0594
  train [#---------------------------------------] 16/444  loss=0.0656
  train [#---------------------------------------] 20/444  loss=0.0745
  train [##--------------------------------------] 24/444  loss=0.0732
  train [##--------------------------------------] 28/444  loss=0.0722
  train [##--------------------------------------] 32/444  loss=0.0695
  train [###-------------------------------------] 36/444  loss=0.0677
  train [###-------------------------------------] 40/444  loss=0.0661
  train [###-------------------------------------] 44/444  loss=0.0665
  train [####------------------------------------] 48/444  loss=0.0655
  train [####------------------------------------] 52/444  loss=0.0638
  train [#####-----------------------------------] 56/444  loss=0.0632
  train [#####-----------------------------------] 60/444  loss=0.0633
  train [#####-----------------------------------] 64/444  loss=0.0635
  train [######----------------------------------] 68/444  loss=0.0634
  train [######----------------------------------] 72/444  loss=0.0643
  train [######----------------------------------] 76/444  loss=0.0633
  train [#######---------------------------------] 80/444  loss=0.0638
  train [#######---------------------------------] 84/444  loss=0.0656
  train [#######---------------------------------] 88/444  loss=0.0668
  train [########--------------------------------] 92/444  loss=0.0672
  train [########--------------------------------] 96/444  loss=0.0688
  train [#########-------------------------------] 100/444  loss=0.0678
  train [#########-------------------------------] 104/444  loss=0.0673
  train [#########-------------------------------] 108/444  loss=0.0665
  train [##########------------------------------] 112/444  loss=0.0667
  train [##########------------------------------] 116/444  loss=0.0668
  train [##########------------------------------] 120/444  loss=0.0677
  train [###########-----------------------------] 124/444  loss=0.0683
  train [###########-----------------------------] 128/444  loss=0.0683
  train [###########-----------------------------] 132/444  loss=0.0680
  train [############----------------------------] 136/444  loss=0.0684
  train [############----------------------------] 140/444  loss=0.0684
  train [############----------------------------] 144/444  loss=0.0685
  train [#############---------------------------] 148/444  loss=0.0678
  train [#############---------------------------] 152/444  loss=0.0686
  train [##############--------------------------] 156/444  loss=0.0685
  train [##############--------------------------] 160/444  loss=0.0680
  train [##############--------------------------] 164/444  loss=0.0682
  train [###############-------------------------] 168/444  loss=0.0681
  train [###############-------------------------] 172/444  loss=0.0688
  train [###############-------------------------] 176/444  loss=0.0692
  train [################------------------------] 180/444  loss=0.0695
  train [################------------------------] 184/444  loss=0.0696
  train [################------------------------] 188/444  loss=0.0702
  train [#################-----------------------] 192/444  loss=0.0706
  train [#################-----------------------] 196/444  loss=0.0710
  train [##################----------------------] 200/444  loss=0.0706
  train [##################----------------------] 204/444  loss=0.0708
  train [##################----------------------] 208/444  loss=0.0710
  train [###################---------------------] 212/444  loss=0.0711
  train [###################---------------------] 216/444  loss=0.0716
  train [###################---------------------] 220/444  loss=0.0716
  train [####################--------------------] 224/444  loss=0.0721
  train [####################--------------------] 228/444  loss=0.0725
  train [####################--------------------] 232/444  loss=0.0724
  train [#####################-------------------] 236/444  loss=0.0721
  train [#####################-------------------] 240/444  loss=0.0722
  train [#####################-------------------] 244/444  loss=0.0721
  train [######################------------------] 248/444  loss=0.0719
  train [######################------------------] 252/444  loss=0.0717
  train [#######################-----------------] 256/444  loss=0.0714
  train [#######################-----------------] 260/444  loss=0.0720
  train [#######################-----------------] 264/444  loss=0.0723
  train [########################----------------] 268/444  loss=0.0726
  train [########################----------------] 272/444  loss=0.0727
  train [########################----------------] 276/444  loss=0.0727
  train [#########################---------------] 280/444  loss=0.0726
  train [#########################---------------] 284/444  loss=0.0723
  train [#########################---------------] 288/444  loss=0.0722
  train [##########################--------------] 292/444  loss=0.0718
  train [##########################--------------] 296/444  loss=0.0719
  train [###########################-------------] 300/444  loss=0.0724
  train [###########################-------------] 304/444  loss=0.0727
  train [###########################-------------] 308/444  loss=0.0725
  train [############################------------] 312/444  loss=0.0723
  train [############################------------] 316/444  loss=0.0722
  train [############################------------] 320/444  loss=0.0722
  train [#############################-----------] 324/444  loss=0.0727
  train [#############################-----------] 328/444  loss=0.0728
  train [#############################-----------] 332/444  loss=0.0729
  train [##############################----------] 336/444  loss=0.0727
  train [##############################----------] 340/444  loss=0.0730
  train [##############################----------] 344/444  loss=0.0730
  train [###############################---------] 348/444  loss=0.0731
  train [###############################---------] 352/444  loss=0.0736
  train [################################--------] 356/444  loss=0.0737
  train [################################--------] 360/444  loss=0.0733
  train [################################--------] 364/444  loss=0.0731
  train [#################################-------] 368/444  loss=0.0732
  train [#################################-------] 372/444  loss=0.0732
  train [#################################-------] 376/444  loss=0.0734
  train [##################################------] 380/444  loss=0.0733
  train [##################################------] 384/444  loss=0.0732
  train [##################################------] 388/444  loss=0.0733
  train [###################################-----] 392/444  loss=0.0735
  train [###################################-----] 396/444  loss=0.0736
  train [####################################----] 400/444  loss=0.0740
  train [####################################----] 404/444  loss=0.0739
  train [####################################----] 408/444  loss=0.0739
  train [#####################################---] 412/444  loss=0.0741
  train [#####################################---] 416/444  loss=0.0739
  train [#####################################---] 420/444  loss=0.0736
  train [######################################--] 424/444  loss=0.0739
  train [######################################--] 428/444  loss=0.0742
  train [######################################--] 432/444  loss=0.0743
  train [#######################################-] 436/444  loss=0.0743
  train [#######################################-] 440/444  loss=0.0743
  train [########################################] 444/444  loss=0.0744
  val   [----------------------------------------] 1/93
  val   [----------------------------------------] 2/93
  val   [#---------------------------------------] 3/93
  val   [#---------------------------------------] 4/93
  val   [##--------------------------------------] 5/93
  val   [##--------------------------------------] 6/93
  val   [###-------------------------------------] 7/93
  val   [###-------------------------------------] 8/93
  val   [###-------------------------------------] 9/93
  val   [####------------------------------------] 10/93
  val   [####------------------------------------] 11/93
  val   [#####-----------------------------------] 12/93
  val   [#####-----------------------------------] 13/93
  val   [######----------------------------------] 14/93
  val   [######----------------------------------] 15/93
  val   [######----------------------------------] 16/93
  val   [#######---------------------------------] 17/93
  val   [#######---------------------------------] 18/93
  val   [########--------------------------------] 19/93
  val   [########--------------------------------] 20/93
  val   [#########-------------------------------] 21/93
  val   [#########-------------------------------] 22/93
  val   [#########-------------------------------] 23/93
  val   [##########------------------------------] 24/93
  val   [##########------------------------------] 25/93
  val   [###########-----------------------------] 26/93
  val   [###########-----------------------------] 27/93
  val   [############----------------------------] 28/93
  val   [############----------------------------] 29/93
  val   [############----------------------------] 30/93
  val   [#############---------------------------] 31/93
  val   [#############---------------------------] 32/93
  val   [##############--------------------------] 33/93
  val   [##############--------------------------] 34/93
  val   [###############-------------------------] 35/93
  val   [###############-------------------------] 36/93
  val   [###############-------------------------] 37/93
  val   [################------------------------] 38/93
  val   [################------------------------] 39/93
  val   [#################-----------------------] 40/93
  val   [#################-----------------------] 41/93
  val   [##################----------------------] 42/93
  val   [##################----------------------] 43/93
  val   [##################----------------------] 44/93
  val   [###################---------------------] 45/93
  val   [###################---------------------] 46/93
  val   [####################--------------------] 47/93
  val   [####################--------------------] 48/93
  val   [#####################-------------------] 49/93
  val   [#####################-------------------] 50/93
  val   [#####################-------------------] 51/93
  val   [######################------------------] 52/93
  val   [######################------------------] 53/93
  val   [#######################-----------------] 54/93
  val   [#######################-----------------] 55/93
  val   [########################----------------] 56/93
  val   [########################----------------] 57/93
  val   [########################----------------] 58/93
  val   [#########################---------------] 59/93
  val   [#########################---------------] 60/93
  val   [##########################--------------] 61/93
  val   [##########################--------------] 62/93
  val   [###########################-------------] 63/93
  val   [###########################-------------] 64/93
  val   [###########################-------------] 65/93
  val   [############################------------] 66/93
  val   [############################------------] 67/93
  val   [#############################-----------] 68/93
  val   [#############################-----------] 69/93
  val   [##############################----------] 70/93
  val   [##############################----------] 71/93
  val   [##############################----------] 72/93
  val   [###############################---------] 73/93
  val   [###############################---------] 74/93
  val   [################################--------] 75/93
  val   [################################--------] 76/93
  val   [#################################-------] 77/93
  val   [#################################-------] 78/93
  val   [#################################-------] 79/93
  val   [##################################------] 80/93
  val   [##################################------] 81/93
  val   [###################################-----] 82/93
  val   [###################################-----] 83/93
  val   [####################################----] 84/93
  val   [####################################----] 85/93
  val   [####################################----] 86/93
  val   [#####################################---] 87/93
  val   [#####################################---] 88/93
  val   [######################################--] 89/93
  val   [######################################--] 90/93
  val   [#######################################-] 91/93
  val   [#######################################-] 92/93
  val   [########################################] 93/93
Epoch  13 | train_loss=0.0746 | val_loss=0.6320 | val_acc=0.8508
  train [----------------------------------------] 4/444  loss=0.0600
  train [----------------------------------------] 8/444  loss=0.0720
  train [#---------------------------------------] 12/444  loss=0.0784
  train [#---------------------------------------] 16/444  loss=0.0836
  train [#---------------------------------------] 20/444  loss=0.0903
  train [##--------------------------------------] 24/444  loss=0.0862
  train [##--------------------------------------] 28/444  loss=0.0814
  train [##--------------------------------------] 32/444  loss=0.0772
  train [###-------------------------------------] 36/444  loss=0.0791
  train [###-------------------------------------] 40/444  loss=0.0762
  train [###-------------------------------------] 44/444  loss=0.0740
  train [####------------------------------------] 48/444  loss=0.0728
  train [####------------------------------------] 52/444  loss=0.0719
  train [#####-----------------------------------] 56/444  loss=0.0705
  train [#####-----------------------------------] 60/444  loss=0.0683
  train [#####-----------------------------------] 64/444  loss=0.0702
  train [######----------------------------------] 68/444  loss=0.0680
  train [######----------------------------------] 72/444  loss=0.0674
  train [######----------------------------------] 76/444  loss=0.0669
  train [#######---------------------------------] 80/444  loss=0.0659
  train [#######---------------------------------] 84/444  loss=0.0652
  train [#######---------------------------------] 88/444  loss=0.0648
  train [########--------------------------------] 92/444  loss=0.0644
  train [########--------------------------------] 96/444  loss=0.0659
  train [#########-------------------------------] 100/444  loss=0.0657
  train [#########-------------------------------] 104/444  loss=0.0651
  train [#########-------------------------------] 108/444  loss=0.0638
  train [##########------------------------------] 112/444  loss=0.0646
  train [##########------------------------------] 116/444  loss=0.0649
  train [##########------------------------------] 120/444  loss=0.0648
  train [###########-----------------------------] 124/444  loss=0.0646
  train [###########-----------------------------] 128/444  loss=0.0638
  train [###########-----------------------------] 132/444  loss=0.0630
  train [############----------------------------] 136/444  loss=0.0633
  train [############----------------------------] 140/444  loss=0.0629
  train [############----------------------------] 144/444  loss=0.0629
  train [#############---------------------------] 148/444  loss=0.0634
  train [#############---------------------------] 152/444  loss=0.0634
  train [##############--------------------------] 156/444  loss=0.0634
  train [##############--------------------------] 160/444  loss=0.0633
  train [##############--------------------------] 164/444  loss=0.0633
  train [###############-------------------------] 168/444  loss=0.0629
  train [###############-------------------------] 172/444  loss=0.0628
  train [###############-------------------------] 176/444  loss=0.0626
  train [################------------------------] 180/444  loss=0.0625
  train [################------------------------] 184/444  loss=0.0621
  train [################------------------------] 188/444  loss=0.0624
  train [#################-----------------------] 192/444  loss=0.0626
  train [#################-----------------------] 196/444  loss=0.0632
  train [##################----------------------] 200/444  loss=0.0632
  train [##################----------------------] 204/444  loss=0.0632
  train [##################----------------------] 208/444  loss=0.0636
  train [###################---------------------] 212/444  loss=0.0635
  train [###################---------------------] 216/444  loss=0.0638
  train [###################---------------------] 220/444  loss=0.0641
  train [####################--------------------] 224/444  loss=0.0641
  train [####################--------------------] 228/444  loss=0.0637
  train [####################--------------------] 232/444  loss=0.0634
  train [#####################-------------------] 236/444  loss=0.0637
  train [#####################-------------------] 240/444  loss=0.0633
  train [#####################-------------------] 244/444  loss=0.0635
  train [######################------------------] 248/444  loss=0.0636
  train [######################------------------] 252/444  loss=0.0635
  train [#######################-----------------] 256/444  loss=0.0639
  train [#######################-----------------] 260/444  loss=0.0637
  train [#######################-----------------] 264/444  loss=0.0641
  train [########################----------------] 268/444  loss=0.0645
  train [########################----------------] 272/444  loss=0.0642
  train [########################----------------] 276/444  loss=0.0639
  train [#########################---------------] 280/444  loss=0.0636
  train [#########################---------------] 284/444  loss=0.0637
  train [#########################---------------] 288/444  loss=0.0633
  train [##########################--------------] 292/444  loss=0.0632
  train [##########################--------------] 296/444  loss=0.0632
  train [###########################-------------] 300/444  loss=0.0633
  train [###########################-------------] 304/444  loss=0.0634
  train [###########################-------------] 308/444  loss=0.0636
  train [############################------------] 312/444  loss=0.0636
  train [############################------------] 316/444  loss=0.0640
  train [############################------------] 320/444  loss=0.0645
  train [#############################-----------] 324/444  loss=0.0644
  train [#############################-----------] 328/444  loss=0.0651
  train [#############################-----------] 332/444  loss=0.0652
  train [##############################----------] 336/444  loss=0.0652
  train [##############################----------] 340/444  loss=0.0652
  train [##############################----------] 344/444  loss=0.0653
  train [###############################---------] 348/444  loss=0.0652
  train [###############################---------] 352/444  loss=0.0652
  train [################################--------] 356/444  loss=0.0652
  train [################################--------] 360/444  loss=0.0653
  train [################################--------] 364/444  loss=0.0662
  train [#################################-------] 368/444  loss=0.0661
  train [#################################-------] 372/444  loss=0.0660
  train [#################################-------] 376/444  loss=0.0661
  train [##################################------] 380/444  loss=0.0660
  train [##################################------] 384/444  loss=0.0661
  train [##################################------] 388/444  loss=0.0659
  train [###################################-----] 392/444  loss=0.0658
  train [###################################-----] 396/444  loss=0.0657
  train [####################################----] 400/444  loss=0.0659
  train [####################################----] 404/444  loss=0.0658
  train [####################################----] 408/444  loss=0.0656
  train [#####################################---] 412/444  loss=0.0654
  train [#####################################---] 416/444  loss=0.0656
  train [#####################################---] 420/444  loss=0.0658
  train [######################################--] 424/444  loss=0.0660
  train [######################################--] 428/444  loss=0.0658
  train [######################################--] 432/444  loss=0.0658
  train [#######################################-] 436/444  loss=0.0658
  train [#######################################-] 440/444  loss=0.0656
  train [########################################] 444/444  loss=0.0654
  val   [----------------------------------------] 1/93
  val   [----------------------------------------] 2/93
  val   [#---------------------------------------] 3/93
  val   [#---------------------------------------] 4/93
  val   [##--------------------------------------] 5/93
  val   [##--------------------------------------] 6/93
  val   [###-------------------------------------] 7/93
  val   [###-------------------------------------] 8/93
  val   [###-------------------------------------] 9/93
  val   [####------------------------------------] 10/93
  val   [####------------------------------------] 11/93
  val   [#####-----------------------------------] 12/93
  val   [#####-----------------------------------] 13/93
  val   [######----------------------------------] 14/93
  val   [######----------------------------------] 15/93
  val   [######----------------------------------] 16/93
  val   [#######---------------------------------] 17/93
  val   [#######---------------------------------] 18/93
  val   [########--------------------------------] 19/93
  val   [########--------------------------------] 20/93
  val   [#########-------------------------------] 21/93
  val   [#########-------------------------------] 22/93
  val   [#########-------------------------------] 23/93
  val   [##########------------------------------] 24/93
  val   [##########------------------------------] 25/93
  val   [###########-----------------------------] 26/93
  val   [###########-----------------------------] 27/93
  val   [############----------------------------] 28/93
  val   [############----------------------------] 29/93
  val   [############----------------------------] 30/93
  val   [#############---------------------------] 31/93
  val   [#############---------------------------] 32/93
  val   [##############--------------------------] 33/93
  val   [##############--------------------------] 34/93
  val   [###############-------------------------] 35/93
  val   [###############-------------------------] 36/93
  val   [###############-------------------------] 37/93
  val   [################------------------------] 38/93
  val   [################------------------------] 39/93
  val   [#################-----------------------] 40/93
  val   [#################-----------------------] 41/93
  val   [##################----------------------] 42/93
  val   [##################----------------------] 43/93
  val   [##################----------------------] 44/93
  val   [###################---------------------] 45/93
  val   [###################---------------------] 46/93
  val   [####################--------------------] 47/93
  val   [####################--------------------] 48/93
  val   [#####################-------------------] 49/93
  val   [#####################-------------------] 50/93
  val   [#####################-------------------] 51/93
  val   [######################------------------] 52/93
  val   [######################------------------] 53/93
  val   [#######################-----------------] 54/93
  val   [#######################-----------------] 55/93
  val   [########################----------------] 56/93
  val   [########################----------------] 57/93
  val   [########################----------------] 58/93
  val   [#########################---------------] 59/93
  val   [#########################---------------] 60/93
  val   [##########################--------------] 61/93
  val   [##########################--------------] 62/93
  val   [###########################-------------] 63/93
  val   [###########################-------------] 64/93
  val   [###########################-------------] 65/93
  val   [############################------------] 66/93
  val   [############################------------] 67/93
  val   [#############################-----------] 68/93
  val   [#############################-----------] 69/93
  val   [##############################----------] 70/93
  val   [##############################----------] 71/93
  val   [##############################----------] 72/93
  val   [###############################---------] 73/93
  val   [###############################---------] 74/93
  val   [################################--------] 75/93
  val   [################################--------] 76/93
  val   [#################################-------] 77/93
  val   [#################################-------] 78/93
  val   [#################################-------] 79/93
  val   [##################################------] 80/93
  val   [##################################------] 81/93
  val   [###################################-----] 82/93
  val   [###################################-----] 83/93
  val   [####################################----] 84/93
  val   [####################################----] 85/93
  val   [####################################----] 86/93
  val   [#####################################---] 87/93
  val   [#####################################---] 88/93
  val   [######################################--] 89/93
  val   [######################################--] 90/93
  val   [#######################################-] 91/93
  val   [#######################################-] 92/93
  val   [########################################] 93/93
Epoch  14 | train_loss=0.0655 | val_loss=0.6164 | val_acc=0.8604
  -> best model saved (val_loss=0.6164)
  train [----------------------------------------] 4/444  loss=0.0424
  train [----------------------------------------] 8/444  loss=0.0458
  train [#---------------------------------------] 12/444  loss=0.0562
  train [#---------------------------------------] 16/444  loss=0.0601
  train [#---------------------------------------] 20/444  loss=0.0653
  train [##--------------------------------------] 24/444  loss=0.0754
  train [##--------------------------------------] 28/444  loss=0.0748
  train [##--------------------------------------] 32/444  loss=0.0738
  train [###-------------------------------------] 36/444  loss=0.0704
  train [###-------------------------------------] 40/444  loss=0.0678
  train [###-------------------------------------] 44/444  loss=0.0651
  train [####------------------------------------] 48/444  loss=0.0645
  train [####------------------------------------] 52/444  loss=0.0628
  train [#####-----------------------------------] 56/444  loss=0.0628
  train [#####-----------------------------------] 60/444  loss=0.0628
  train [#####-----------------------------------] 64/444  loss=0.0610
  train [######----------------------------------] 68/444  loss=0.0619
  train [######----------------------------------] 72/444  loss=0.0635
  train [######----------------------------------] 76/444  loss=0.0628
  train [#######---------------------------------] 80/444  loss=0.0634
  train [#######---------------------------------] 84/444  loss=0.0629
  train [#######---------------------------------] 88/444  loss=0.0615
  train [########--------------------------------] 92/444  loss=0.0606
  train [########--------------------------------] 96/444  loss=0.0608
  train [#########-------------------------------] 100/444  loss=0.0602
  train [#########-------------------------------] 104/444  loss=0.0591
  train [#########-------------------------------] 108/444  loss=0.0585
  train [##########------------------------------] 112/444  loss=0.0590
  train [##########------------------------------] 116/444  loss=0.0598
  train [##########------------------------------] 120/444  loss=0.0590
  train [###########-----------------------------] 124/444  loss=0.0586
  train [###########-----------------------------] 128/444  loss=0.0586
  train [###########-----------------------------] 132/444  loss=0.0587
  train [############----------------------------] 136/444  loss=0.0592
  train [############----------------------------] 140/444  loss=0.0598
  train [############----------------------------] 144/444  loss=0.0591
  train [#############---------------------------] 148/444  loss=0.0594
  train [#############---------------------------] 152/444  loss=0.0588
  train [##############--------------------------] 156/444  loss=0.0601
  train [##############--------------------------] 160/444  loss=0.0595
  train [##############--------------------------] 164/444  loss=0.0593
  train [###############-------------------------] 168/444  loss=0.0592
  train [###############-------------------------] 172/444  loss=0.0590
  train [###############-------------------------] 176/444  loss=0.0589
  train [################------------------------] 180/444  loss=0.0590
  train [################------------------------] 184/444  loss=0.0587
  train [################------------------------] 188/444  loss=0.0590
  train [#################-----------------------] 192/444  loss=0.0588
  train [#################-----------------------] 196/444  loss=0.0583
  train [##################----------------------] 200/444  loss=0.0578
  train [##################----------------------] 204/444  loss=0.0583
  train [##################----------------------] 208/444  loss=0.0578
  train [###################---------------------] 212/444  loss=0.0579
  train [###################---------------------] 216/444  loss=0.0581
  train [###################---------------------] 220/444  loss=0.0579
  train [####################--------------------] 224/444  loss=0.0581
  train [####################--------------------] 228/444  loss=0.0576
  train [####################--------------------] 232/444  loss=0.0577
  train [#####################-------------------] 236/444  loss=0.0573
  train [#####################-------------------] 240/444  loss=0.0573
  train [#####################-------------------] 244/444  loss=0.0570
  train [######################------------------] 248/444  loss=0.0568
  train [######################------------------] 252/444  loss=0.0567
  train [#######################-----------------] 256/444  loss=0.0568
  train [#######################-----------------] 260/444  loss=0.0571
  train [#######################-----------------] 264/444  loss=0.0571
  train [########################----------------] 268/444  loss=0.0571
  train [########################----------------] 272/444  loss=0.0569
  train [########################----------------] 276/444  loss=0.0568
  train [#########################---------------] 280/444  loss=0.0568
  train [#########################---------------] 284/444  loss=0.0568
  train [#########################---------------] 288/444  loss=0.0570
  train [##########################--------------] 292/444  loss=0.0568
  train [##########################--------------] 296/444  loss=0.0568
  train [###########################-------------] 300/444  loss=0.0569
  train [###########################-------------] 304/444  loss=0.0566
  train [###########################-------------] 308/444  loss=0.0565
  train [############################------------] 312/444  loss=0.0565
  train [############################------------] 316/444  loss=0.0564
  train [############################------------] 320/444  loss=0.0562
  train [#############################-----------] 324/444  loss=0.0560
  train [#############################-----------] 328/444  loss=0.0561
  train [#############################-----------] 332/444  loss=0.0559
  train [##############################----------] 336/444  loss=0.0560
  train [##############################----------] 340/444  loss=0.0560
  train [##############################----------] 344/444  loss=0.0561
  train [###############################---------] 348/444  loss=0.0560
  train [###############################---------] 352/444  loss=0.0562
  train [################################--------] 356/444  loss=0.0561
  train [################################--------] 360/444  loss=0.0558
  train [################################--------] 364/444  loss=0.0558
  train [#################################-------] 368/444  loss=0.0557
  train [#################################-------] 372/444  loss=0.0555
  train [#################################-------] 376/444  loss=0.0555
  train [##################################------] 380/444  loss=0.0552
  train [##################################------] 384/444  loss=0.0553
  train [##################################------] 388/444  loss=0.0555
  train [###################################-----] 392/444  loss=0.0553
  train [###################################-----] 396/444  loss=0.0551
  train [####################################----] 400/444  loss=0.0553
  train [####################################----] 404/444  loss=0.0553
  train [####################################----] 408/444  loss=0.0552
  train [#####################################---] 412/444  loss=0.0555
  train [#####################################---] 416/444  loss=0.0555
  train [#####################################---] 420/444  loss=0.0554
  train [######################################--] 424/444  loss=0.0553
  train [######################################--] 428/444  loss=0.0553
  train [######################################--] 432/444  loss=0.0552
  train [#######################################-] 436/444  loss=0.0549
  train [#######################################-] 440/444  loss=0.0549
  train [########################################] 444/444  loss=0.0551
  val   [----------------------------------------] 1/93
  val   [----------------------------------------] 2/93
  val   [#---------------------------------------] 3/93
  val   [#---------------------------------------] 4/93
  val   [##--------------------------------------] 5/93
  val   [##--------------------------------------] 6/93
  val   [###-------------------------------------] 7/93
  val   [###-------------------------------------] 8/93
  val   [###-------------------------------------] 9/93
  val   [####------------------------------------] 10/93
  val   [####------------------------------------] 11/93
  val   [#####-----------------------------------] 12/93
  val   [#####-----------------------------------] 13/93
  val   [######----------------------------------] 14/93
  val   [######----------------------------------] 15/93
  val   [######----------------------------------] 16/93
  val   [#######---------------------------------] 17/93
  val   [#######---------------------------------] 18/93
  val   [########--------------------------------] 19/93
  val   [########--------------------------------] 20/93
  val   [#########-------------------------------] 21/93
  val   [#########-------------------------------] 22/93
  val   [#########-------------------------------] 23/93
  val   [##########------------------------------] 24/93
  val   [##########------------------------------] 25/93
  val   [###########-----------------------------] 26/93
  val   [###########-----------------------------] 27/93
  val   [############----------------------------] 28/93
  val   [############----------------------------] 29/93
  val   [############----------------------------] 30/93
  val   [#############---------------------------] 31/93
  val   [#############---------------------------] 32/93
  val   [##############--------------------------] 33/93
  val   [##############--------------------------] 34/93
  val   [###############-------------------------] 35/93
  val   [###############-------------------------] 36/93
  val   [###############-------------------------] 37/93
  val   [################------------------------] 38/93
  val   [################------------------------] 39/93
  val   [#################-----------------------] 40/93
  val   [#################-----------------------] 41/93
  val   [##################----------------------] 42/93
  val   [##################----------------------] 43/93
  val   [##################----------------------] 44/93
  val   [###################---------------------] 45/93
  val   [###################---------------------] 46/93
  val   [####################--------------------] 47/93
  val   [####################--------------------] 48/93
  val   [#####################-------------------] 49/93
  val   [#####################-------------------] 50/93
  val   [#####################-------------------] 51/93
  val   [######################------------------] 52/93
  val   [######################------------------] 53/93
  val   [#######################-----------------] 54/93
  val   [#######################-----------------] 55/93
  val   [########################----------------] 56/93
  val   [########################----------------] 57/93
  val   [########################----------------] 58/93
  val   [#########################---------------] 59/93
  val   [#########################---------------] 60/93
  val   [##########################--------------] 61/93
  val   [##########################--------------] 62/93
  val   [###########################-------------] 63/93
  val   [###########################-------------] 64/93
  val   [###########################-------------] 65/93
  val   [############################------------] 66/93
  val   [############################------------] 67/93
  val   [#############################-----------] 68/93
  val   [#############################-----------] 69/93
  val   [##############################----------] 70/93
  val   [##############################----------] 71/93
  val   [##############################----------] 72/93
  val   [###############################---------] 73/93
  val   [###############################---------] 74/93
  val   [################################--------] 75/93
  val   [################################--------] 76/93
  val   [#################################-------] 77/93
  val   [#################################-------] 78/93
  val   [#################################-------] 79/93
  val   [##################################------] 80/93
  val   [##################################------] 81/93
  val   [###################################-----] 82/93
  val   [###################################-----] 83/93
  val   [####################################----] 84/93
  val   [####################################----] 85/93
  val   [####################################----] 86/93
  val   [#####################################---] 87/93
  val   [#####################################---] 88/93
  val   [######################################--] 89/93
  val   [######################################--] 90/93
  val   [#######################################-] 91/93
  val   [#######################################-] 92/93
  val   [########################################] 93/93
Epoch  15 | train_loss=0.0552 | val_loss=0.6333 | val_acc=0.8572
  train [----------------------------------------] 4/444  loss=0.0420
  train [----------------------------------------] 8/444  loss=0.0584
  train [#---------------------------------------] 12/444  loss=0.0521
  train [#---------------------------------------] 16/444  loss=0.0548
  train [#---------------------------------------] 20/444  loss=0.0577
  train [##--------------------------------------] 24/444  loss=0.0567
  train [##--------------------------------------] 28/444  loss=0.0564
  train [##--------------------------------------] 32/444  loss=0.0571
  train [###-------------------------------------] 36/444  loss=0.0541
  train [###-------------------------------------] 40/444  loss=0.0516
  train [###-------------------------------------] 44/444  loss=0.0547
  train [####------------------------------------] 48/444  loss=0.0534
  train [####------------------------------------] 52/444  loss=0.0552
  train [#####-----------------------------------] 56/444  loss=0.0540
  train [#####-----------------------------------] 60/444  loss=0.0542
  train [#####-----------------------------------] 64/444  loss=0.0533
  train [######----------------------------------] 68/444  loss=0.0524
  train [######----------------------------------] 72/444  loss=0.0517
  train [######----------------------------------] 76/444  loss=0.0533
  train [#######---------------------------------] 80/444  loss=0.0523
  train [#######---------------------------------] 84/444  loss=0.0532
  train [#######---------------------------------] 88/444  loss=0.0544
  train [########--------------------------------] 92/444  loss=0.0550
  train [########--------------------------------] 96/444  loss=0.0545
  train [#########-------------------------------] 100/444  loss=0.0539
  train [#########-------------------------------] 104/444  loss=0.0545
  train [#########-------------------------------] 108/444  loss=0.0539
  train [##########------------------------------] 112/444  loss=0.0537
  train [##########------------------------------] 116/444  loss=0.0533
  train [##########------------------------------] 120/444  loss=0.0534
  train [###########-----------------------------] 124/444  loss=0.0539
  train [###########-----------------------------] 128/444  loss=0.0534
  train [###########-----------------------------] 132/444  loss=0.0532
  train [############----------------------------] 136/444  loss=0.0524
  train [############----------------------------] 140/444  loss=0.0522
  train [############----------------------------] 144/444  loss=0.0518
  train [#############---------------------------] 148/444  loss=0.0514
  train [#############---------------------------] 152/444  loss=0.0511
  train [##############--------------------------] 156/444  loss=0.0512
  train [##############--------------------------] 160/444  loss=0.0515
  train [##############--------------------------] 164/444  loss=0.0511
  train [###############-------------------------] 168/444  loss=0.0507
  train [###############-------------------------] 172/444  loss=0.0505
  train [###############-------------------------] 176/444  loss=0.0502
  train [################------------------------] 180/444  loss=0.0497
  train [################------------------------] 184/444  loss=0.0499
  train [################------------------------] 188/444  loss=0.0508
  train [#################-----------------------] 192/444  loss=0.0505
  train [#################-----------------------] 196/444  loss=0.0506
  train [##################----------------------] 200/444  loss=0.0502
  train [##################----------------------] 204/444  loss=0.0504
  train [##################----------------------] 208/444  loss=0.0501
  train [###################---------------------] 212/444  loss=0.0501
  train [###################---------------------] 216/444  loss=0.0503
  train [###################---------------------] 220/444  loss=0.0499
  train [####################--------------------] 224/444  loss=0.0500
  train [####################--------------------] 228/444  loss=0.0500
  train [####################--------------------] 232/444  loss=0.0504
  train [#####################-------------------] 236/444  loss=0.0501
  train [#####################-------------------] 240/444  loss=0.0496
  train [#####################-------------------] 244/444  loss=0.0496
  train [######################------------------] 248/444  loss=0.0493
  train [######################------------------] 252/444  loss=0.0496
  train [#######################-----------------] 256/444  loss=0.0493
  train [#######################-----------------] 260/444  loss=0.0490
  train [#######################-----------------] 264/444  loss=0.0488
  train [########################----------------] 268/444  loss=0.0486
  train [########################----------------] 272/444  loss=0.0483
  train [########################----------------] 276/444  loss=0.0483
  train [#########################---------------] 280/444  loss=0.0481
  train [#########################---------------] 284/444  loss=0.0481
  train [#########################---------------] 288/444  loss=0.0482
  train [##########################--------------] 292/444  loss=0.0481
  train [##########################--------------] 296/444  loss=0.0479
  train [###########################-------------] 300/444  loss=0.0478
  train [###########################-------------] 304/444  loss=0.0481
  train [###########################-------------] 308/444  loss=0.0479
  train [############################------------] 312/444  loss=0.0477
  train [############################------------] 316/444  loss=0.0478
  train [############################------------] 320/444  loss=0.0478
  train [#############################-----------] 324/444  loss=0.0481
  train [#############################-----------] 328/444  loss=0.0479
  train [#############################-----------] 332/444  loss=0.0478
  train [##############################----------] 336/444  loss=0.0476
  train [##############################----------] 340/444  loss=0.0475
  train [##############################----------] 344/444  loss=0.0477
  train [###############################---------] 348/444  loss=0.0477
  train [###############################---------] 352/444  loss=0.0476
  train [################################--------] 356/444  loss=0.0477
  train [################################--------] 360/444  loss=0.0475
  train [################################--------] 364/444  loss=0.0475
  train [#################################-------] 368/444  loss=0.0476
  train [#################################-------] 372/444  loss=0.0474
  train [#################################-------] 376/444  loss=0.0472
  train [##################################------] 380/444  loss=0.0476
  train [##################################------] 384/444  loss=0.0474
  train [##################################------] 388/444  loss=0.0473
  train [###################################-----] 392/444  loss=0.0473
  train [###################################-----] 396/444  loss=0.0471
  train [####################################----] 400/444  loss=0.0470
  train [####################################----] 404/444  loss=0.0472
  train [####################################----] 408/444  loss=0.0475
  train [#####################################---] 412/444  loss=0.0474
  train [#####################################---] 416/444  loss=0.0473
  train [#####################################---] 420/444  loss=0.0473
  train [######################################--] 424/444  loss=0.0472
  train [######################################--] 428/444  loss=0.0473
  train [######################################--] 432/444  loss=0.0473
  train [#######################################-] 436/444  loss=0.0472
  train [#######################################-] 440/444  loss=0.0473
  train [########################################] 444/444  loss=0.0472
  val   [----------------------------------------] 1/93
  val   [----------------------------------------] 2/93
  val   [#---------------------------------------] 3/93
  val   [#---------------------------------------] 4/93
  val   [##--------------------------------------] 5/93
  val   [##--------------------------------------] 6/93
  val   [###-------------------------------------] 7/93
  val   [###-------------------------------------] 8/93
  val   [###-------------------------------------] 9/93
  val   [####------------------------------------] 10/93
  val   [####------------------------------------] 11/93
  val   [#####-----------------------------------] 12/93
  val   [#####-----------------------------------] 13/93
  val   [######----------------------------------] 14/93
  val   [######----------------------------------] 15/93
  val   [######----------------------------------] 16/93
  val   [#######---------------------------------] 17/93
  val   [#######---------------------------------] 18/93
  val   [########--------------------------------] 19/93
  val   [########--------------------------------] 20/93
  val   [#########-------------------------------] 21/93
  val   [#########-------------------------------] 22/93
  val   [#########-------------------------------] 23/93
  val   [##########------------------------------] 24/93
  val   [##########------------------------------] 25/93
  val   [###########-----------------------------] 26/93
  val   [###########-----------------------------] 27/93
  val   [############----------------------------] 28/93
  val   [############----------------------------] 29/93
  val   [############----------------------------] 30/93
  val   [#############---------------------------] 31/93
  val   [#############---------------------------] 32/93
  val   [##############--------------------------] 33/93
  val   [##############--------------------------] 34/93
  val   [###############-------------------------] 35/93
  val   [###############-------------------------] 36/93
  val   [###############-------------------------] 37/93
  val   [################------------------------] 38/93
  val   [################------------------------] 39/93
  val   [#################-----------------------] 40/93
  val   [#################-----------------------] 41/93
  val   [##################----------------------] 42/93
  val   [##################----------------------] 43/93
  val   [##################----------------------] 44/93
  val   [###################---------------------] 45/93
  val   [###################---------------------] 46/93
  val   [####################--------------------] 47/93
  val   [####################--------------------] 48/93
  val   [#####################-------------------] 49/93
  val   [#####################-------------------] 50/93
  val   [#####################-------------------] 51/93
  val   [######################------------------] 52/93
  val   [######################------------------] 53/93
  val   [#######################-----------------] 54/93
  val   [#######################-----------------] 55/93
  val   [########################----------------] 56/93
  val   [########################----------------] 57/93
  val   [########################----------------] 58/93
  val   [#########################---------------] 59/93
  val   [#########################---------------] 60/93
  val   [##########################--------------] 61/93
  val   [##########################--------------] 62/93
  val   [###########################-------------] 63/93
  val   [###########################-------------] 64/93
  val   [###########################-------------] 65/93
  val   [############################------------] 66/93
  val   [############################------------] 67/93
  val   [#############################-----------] 68/93
  val   [#############################-----------] 69/93
  val   [##############################----------] 70/93
  val   [##############################----------] 71/93
  val   [##############################----------] 72/93
  val   [###############################---------] 73/93
  val   [###############################---------] 74/93
  val   [################################--------] 75/93
  val   [################################--------] 76/93
  val   [#################################-------] 77/93
  val   [#################################-------] 78/93
  val   [#################################-------] 79/93
  val   [##################################------] 80/93
  val   [##################################------] 81/93
  val   [###################################-----] 82/93
  val   [###################################-----] 83/93
  val   [####################################----] 84/93
  val   [####################################----] 85/93
  val   [####################################----] 86/93
  val   [#####################################---] 87/93
  val   [#####################################---] 88/93
  val   [######################################--] 89/93
  val   [######################################--] 90/93
  val   [#######################################-] 91/93
  val   [#######################################-] 92/93
  val   [########################################] 93/93
Epoch  16 | train_loss=0.0473 | val_loss=0.6375 | val_acc=0.8620
  train [----------------------------------------] 4/444  loss=0.0520
  train [----------------------------------------] 8/444  loss=0.0396
  train [#---------------------------------------] 12/444  loss=0.0357
  train [#---------------------------------------] 16/444  loss=0.0351
  train [#---------------------------------------] 20/444  loss=0.0345
  train [##--------------------------------------] 24/444  loss=0.0347
  train [##--------------------------------------] 28/444  loss=0.0354
  train [##--------------------------------------] 32/444  loss=0.0359
  train [###-------------------------------------] 36/444  loss=0.0405
  train [###-------------------------------------] 40/444  loss=0.0426
  train [###-------------------------------------] 44/444  loss=0.0418
  train [####------------------------------------] 48/444  loss=0.0418
  train [####------------------------------------] 52/444  loss=0.0417
  train [#####-----------------------------------] 56/444  loss=0.0411
  train [#####-----------------------------------] 60/444  loss=0.0410
  train [#####-----------------------------------] 64/444  loss=0.0403
  train [######----------------------------------] 68/444  loss=0.0392
  train [######----------------------------------] 72/444  loss=0.0395
  train [######----------------------------------] 76/444  loss=0.0388
  train [#######---------------------------------] 80/444  loss=0.0386
  train [#######---------------------------------] 84/444  loss=0.0395
  train [#######---------------------------------] 88/444  loss=0.0392
  train [########--------------------------------] 92/444  loss=0.0406
  train [########--------------------------------] 96/444  loss=0.0410
  train [#########-------------------------------] 100/444  loss=0.0408
  train [#########-------------------------------] 104/444  loss=0.0417
  train [#########-------------------------------] 108/444  loss=0.0417
  train [##########------------------------------] 112/444  loss=0.0419
  train [##########------------------------------] 116/444  loss=0.0416
  train [##########------------------------------] 120/444  loss=0.0412
  train [###########-----------------------------] 124/444  loss=0.0415
  train [###########-----------------------------] 128/444  loss=0.0416
  train [###########-----------------------------] 132/444  loss=0.0412
  train [############----------------------------] 136/444  loss=0.0416
  train [############----------------------------] 140/444  loss=0.0414
  train [############----------------------------] 144/444  loss=0.0421
  train [#############---------------------------] 148/444  loss=0.0417
  train [#############---------------------------] 152/444  loss=0.0416
  train [##############--------------------------] 156/444  loss=0.0413
  train [##############--------------------------] 160/444  loss=0.0419
  train [##############--------------------------] 164/444  loss=0.0430
  train [###############-------------------------] 168/444  loss=0.0432
  train [###############-------------------------] 172/444  loss=0.0435
  train [###############-------------------------] 176/444  loss=0.0437
  train [################------------------------] 180/444  loss=0.0441
  train [################------------------------] 184/444  loss=0.0439
  train [################------------------------] 188/444  loss=0.0435
  train [#################-----------------------] 192/444  loss=0.0434
  train [#################-----------------------] 196/444  loss=0.0432
  train [##################----------------------] 200/444  loss=0.0434
  train [##################----------------------] 204/444  loss=0.0434
  train [##################----------------------] 208/444  loss=0.0433
  train [###################---------------------] 212/444  loss=0.0435
  train [###################---------------------] 216/444  loss=0.0437
  train [###################---------------------] 220/444  loss=0.0435
  train [####################--------------------] 224/444  loss=0.0438
  train [####################--------------------] 228/444  loss=0.0438
  train [####################--------------------] 232/444  loss=0.0440
  train [#####################-------------------] 236/444  loss=0.0445
  train [#####################-------------------] 240/444  loss=0.0443
  train [#####################-------------------] 244/444  loss=0.0441
  train [######################------------------] 248/444  loss=0.0441
  train [######################------------------] 252/444  loss=0.0442
  train [#######################-----------------] 256/444  loss=0.0441
  train [#######################-----------------] 260/444  loss=0.0439
  train [#######################-----------------] 264/444  loss=0.0440
  train [########################----------------] 268/444  loss=0.0440
  train [########################----------------] 272/444  loss=0.0437
  train [########################----------------] 276/444  loss=0.0434
  train [#########################---------------] 280/444  loss=0.0432
  train [#########################---------------] 284/444  loss=0.0429
  train [#########################---------------] 288/444  loss=0.0427
  train [##########################--------------] 292/444  loss=0.0429
  train [##########################--------------] 296/444  loss=0.0431
  train [###########################-------------] 300/444  loss=0.0429
  train [###########################-------------] 304/444  loss=0.0427
  train [###########################-------------] 308/444  loss=0.0425
  train [############################------------] 312/444  loss=0.0426
  train [############################------------] 316/444  loss=0.0427
  train [############################------------] 320/444  loss=0.0425
  train [#############################-----------] 324/444  loss=0.0428
  train [#############################-----------] 328/444  loss=0.0428
  train [#############################-----------] 332/444  loss=0.0426
  train [##############################----------] 336/444  loss=0.0424
  train [##############################----------] 340/444  loss=0.0423
  train [##############################----------] 344/444  loss=0.0422
  train [###############################---------] 348/444  loss=0.0421
  train [###############################---------] 352/444  loss=0.0420
  train [################################--------] 356/444  loss=0.0421
  train [################################--------] 360/444  loss=0.0422
  train [################################--------] 364/444  loss=0.0420
  train [#################################-------] 368/444  loss=0.0419
  train [#################################-------] 372/444  loss=0.0418
  train [#################################-------] 376/444  loss=0.0417
  train [##################################------] 380/444  loss=0.0415
  train [##################################------] 384/444  loss=0.0414
  train [##################################------] 388/444  loss=0.0415
  train [###################################-----] 392/444  loss=0.0413
  train [###################################-----] 396/444  loss=0.0412
  train [####################################----] 400/444  loss=0.0411
  train [####################################----] 404/444  loss=0.0410
  train [####################################----] 408/444  loss=0.0410
  train [#####################################---] 412/444  loss=0.0409
  train [#####################################---] 416/444  loss=0.0410
  train [#####################################---] 420/444  loss=0.0412
  train [######################################--] 424/444  loss=0.0414
  train [######################################--] 428/444  loss=0.0414
  train [######################################--] 432/444  loss=0.0414
  train [#######################################-] 436/444  loss=0.0414
  train [#######################################-] 440/444  loss=0.0414
  train [########################################] 444/444  loss=0.0415
  val   [----------------------------------------] 1/93
  val   [----------------------------------------] 2/93
  val   [#---------------------------------------] 3/93
  val   [#---------------------------------------] 4/93
  val   [##--------------------------------------] 5/93
  val   [##--------------------------------------] 6/93
  val   [###-------------------------------------] 7/93
  val   [###-------------------------------------] 8/93
  val   [###-------------------------------------] 9/93
  val   [####------------------------------------] 10/93
  val   [####------------------------------------] 11/93
  val   [#####-----------------------------------] 12/93
  val   [#####-----------------------------------] 13/93
  val   [######----------------------------------] 14/93
  val   [######----------------------------------] 15/93
  val   [######----------------------------------] 16/93
  val   [#######---------------------------------] 17/93
  val   [#######---------------------------------] 18/93
  val   [########--------------------------------] 19/93
  val   [########--------------------------------] 20/93
  val   [#########-------------------------------] 21/93
  val   [#########-------------------------------] 22/93
  val   [#########-------------------------------] 23/93
  val   [##########------------------------------] 24/93
  val   [##########------------------------------] 25/93
  val   [###########-----------------------------] 26/93
  val   [###########-----------------------------] 27/93
  val   [############----------------------------] 28/93
  val   [############----------------------------] 29/93
  val   [############----------------------------] 30/93
  val   [#############---------------------------] 31/93
  val   [#############---------------------------] 32/93
  val   [##############--------------------------] 33/93
  val   [##############--------------------------] 34/93
  val   [###############-------------------------] 35/93
  val   [###############-------------------------] 36/93
  val   [###############-------------------------] 37/93
  val   [################------------------------] 38/93
  val   [################------------------------] 39/93
  val   [#################-----------------------] 40/93
  val   [#################-----------------------] 41/93
  val   [##################----------------------] 42/93
  val   [##################----------------------] 43/93
  val   [##################----------------------] 44/93
  val   [###################---------------------] 45/93
  val   [###################---------------------] 46/93
  val   [####################--------------------] 47/93
  val   [####################--------------------] 48/93
  val   [#####################-------------------] 49/93
  val   [#####################-------------------] 50/93
  val   [#####################-------------------] 51/93
  val   [######################------------------] 52/93
  val   [######################------------------] 53/93
  val   [#######################-----------------] 54/93
  val   [#######################-----------------] 55/93
  val   [########################----------------] 56/93
  val   [########################----------------] 57/93
  val   [########################----------------] 58/93
  val   [#########################---------------] 59/93
  val   [#########################---------------] 60/93
  val   [##########################--------------] 61/93
  val   [##########################--------------] 62/93
  val   [###########################-------------] 63/93
  val   [###########################-------------] 64/93
  val   [###########################-------------] 65/93
  val   [############################------------] 66/93
  val   [############################------------] 67/93
  val   [#############################-----------] 68/93
  val   [#############################-----------] 69/93
  val   [##############################----------] 70/93
  val   [##############################----------] 71/93
  val   [##############################----------] 72/93
  val   [###############################---------] 73/93
  val   [###############################---------] 74/93
  val   [################################--------] 75/93
  val   [################################--------] 76/93
  val   [#################################-------] 77/93
  val   [#################################-------] 78/93
  val   [#################################-------] 79/93
  val   [##################################------] 80/93
  val   [##################################------] 81/93
  val   [###################################-----] 82/93
  val   [###################################-----] 83/93
  val   [####################################----] 84/93
  val   [####################################----] 85/93
  val   [####################################----] 86/93
  val   [#####################################---] 87/93
  val   [#####################################---] 88/93
  val   [######################################--] 89/93
  val   [######################################--] 90/93
  val   [#######################################-] 91/93
  val   [#######################################-] 92/93
  val   [########################################] 93/93
Epoch  17 | train_loss=0.0415 | val_loss=0.6317 | val_acc=0.8653
  train [----------------------------------------] 4/444  loss=0.0390
  train [----------------------------------------] 8/444  loss=0.0316
  train [#---------------------------------------] 12/444  loss=0.0353
  train [#---------------------------------------] 16/444  loss=0.0339
  train [#---------------------------------------] 20/444  loss=0.0349
  train [##--------------------------------------] 24/444  loss=0.0330
  train [##--------------------------------------] 28/444  loss=0.0319
  train [##--------------------------------------] 32/444  loss=0.0310
  train [###-------------------------------------] 36/444  loss=0.0317
  train [###-------------------------------------] 40/444  loss=0.0318
  train [###-------------------------------------] 44/444  loss=0.0346
  train [####------------------------------------] 48/444  loss=0.0362
  train [####------------------------------------] 52/444  loss=0.0367
  train [#####-----------------------------------] 56/444  loss=0.0366
  train [#####-----------------------------------] 60/444  loss=0.0368
  train [#####-----------------------------------] 64/444  loss=0.0362
  train [######----------------------------------] 68/444  loss=0.0361
  train [######----------------------------------] 72/444  loss=0.0374
  train [######----------------------------------] 76/444  loss=0.0383
  train [#######---------------------------------] 80/444  loss=0.0377
  train [#######---------------------------------] 84/444  loss=0.0373
  train [#######---------------------------------] 88/444  loss=0.0373
  train [########--------------------------------] 92/444  loss=0.0376
  train [########--------------------------------] 96/444  loss=0.0377
  train [#########-------------------------------] 100/444  loss=0.0378
  train [#########-------------------------------] 104/444  loss=0.0368
  train [#########-------------------------------] 108/444  loss=0.0374
  train [##########------------------------------] 112/444  loss=0.0372
  train [##########------------------------------] 116/444  loss=0.0369
  train [##########------------------------------] 120/444  loss=0.0378
  train [###########-----------------------------] 124/444  loss=0.0375
  train [###########-----------------------------] 128/444  loss=0.0370
  train [###########-----------------------------] 132/444  loss=0.0371
  train [############----------------------------] 136/444  loss=0.0366
  train [############----------------------------] 140/444  loss=0.0367
  train [############----------------------------] 144/444  loss=0.0362
  train [#############---------------------------] 148/444  loss=0.0362
  train [#############---------------------------] 152/444  loss=0.0359
  train [##############--------------------------] 156/444  loss=0.0356
  train [##############--------------------------] 160/444  loss=0.0358
  train [##############--------------------------] 164/444  loss=0.0354
  train [###############-------------------------] 168/444  loss=0.0351
  train [###############-------------------------] 172/444  loss=0.0351
  train [###############-------------------------] 176/444  loss=0.0350
  train [################------------------------] 180/444  loss=0.0351
  train [################------------------------] 184/444  loss=0.0350
  train [################------------------------] 188/444  loss=0.0351
  train [#################-----------------------] 192/444  loss=0.0351
  train [#################-----------------------] 196/444  loss=0.0350
  train [##################----------------------] 200/444  loss=0.0354
  train [##################----------------------] 204/444  loss=0.0354
  train [##################----------------------] 208/444  loss=0.0351
  train [###################---------------------] 212/444  loss=0.0350
  train [###################---------------------] 216/444  loss=0.0352
  train [###################---------------------] 220/444  loss=0.0349
  train [####################--------------------] 224/444  loss=0.0349
  train [####################--------------------] 228/444  loss=0.0347
  train [####################--------------------] 232/444  loss=0.0348
  train [#####################-------------------] 236/444  loss=0.0347
  train [#####################-------------------] 240/444  loss=0.0348
  train [#####################-------------------] 244/444  loss=0.0350
  train [######################------------------] 248/444  loss=0.0349
  train [######################------------------] 252/444  loss=0.0349
  train [#######################-----------------] 256/444  loss=0.0352
  train [#######################-----------------] 260/444  loss=0.0350
  train [#######################-----------------] 264/444  loss=0.0353
  train [########################----------------] 268/444  loss=0.0356
  train [########################----------------] 272/444  loss=0.0357
  train [########################----------------] 276/444  loss=0.0356
  train [#########################---------------] 280/444  loss=0.0355
  train [#########################---------------] 284/444  loss=0.0358
  train [#########################---------------] 288/444  loss=0.0356
  train [##########################--------------] 292/444  loss=0.0358
  train [##########################--------------] 296/444  loss=0.0362
  train [###########################-------------] 300/444  loss=0.0364
  train [###########################-------------] 304/444  loss=0.0362
  train [###########################-------------] 308/444  loss=0.0363
  train [############################------------] 312/444  loss=0.0366
  train [############################------------] 316/444  loss=0.0367
  train [############################------------] 320/444  loss=0.0366
  train [#############################-----------] 324/444  loss=0.0366
  train [#############################-----------] 328/444  loss=0.0367
  train [#############################-----------] 332/444  loss=0.0369
  train [##############################----------] 336/444  loss=0.0369
  train [##############################----------] 340/444  loss=0.0370
  train [##############################----------] 344/444  loss=0.0369
  train [###############################---------] 348/444  loss=0.0370
  train [###############################---------] 352/444  loss=0.0370
  train [################################--------] 356/444  loss=0.0369
  train [################################--------] 360/444  loss=0.0371
  train [################################--------] 364/444  loss=0.0371
  train [#################################-------] 368/444  loss=0.0373
  train [#################################-------] 372/444  loss=0.0374
  train [#################################-------] 376/444  loss=0.0373
  train [##################################------] 380/444  loss=0.0373
  train [##################################------] 384/444  loss=0.0373
  train [##################################------] 388/444  loss=0.0374
  train [###################################-----] 392/444  loss=0.0373
  train [###################################-----] 396/444  loss=0.0373
  train [####################################----] 400/444  loss=0.0374
  train [####################################----] 404/444  loss=0.0373
  train [####################################----] 408/444  loss=0.0374
  train [#####################################---] 412/444  loss=0.0374
  train [#####################################---] 416/444  loss=0.0373
  train [#####################################---] 420/444  loss=0.0374
  train [######################################--] 424/444  loss=0.0375
  train [######################################--] 428/444  loss=0.0376
  train [######################################--] 432/444  loss=0.0379
  train [#######################################-] 436/444  loss=0.0379
  train [#######################################-] 440/444  loss=0.0379
  train [########################################] 444/444  loss=0.0380
  val   [----------------------------------------] 1/93
  val   [----------------------------------------] 2/93
  val   [#---------------------------------------] 3/93
  val   [#---------------------------------------] 4/93
  val   [##--------------------------------------] 5/93
  val   [##--------------------------------------] 6/93
  val   [###-------------------------------------] 7/93
  val   [###-------------------------------------] 8/93
  val   [###-------------------------------------] 9/93
  val   [####------------------------------------] 10/93
  val   [####------------------------------------] 11/93
  val   [#####-----------------------------------] 12/93
  val   [#####-----------------------------------] 13/93
  val   [######----------------------------------] 14/93
  val   [######----------------------------------] 15/93
  val   [######----------------------------------] 16/93
  val   [#######---------------------------------] 17/93
  val   [#######---------------------------------] 18/93
  val   [########--------------------------------] 19/93
  val   [########--------------------------------] 20/93
  val   [#########-------------------------------] 21/93
  val   [#########-------------------------------] 22/93
  val   [#########-------------------------------] 23/93
  val   [##########------------------------------] 24/93
  val   [##########------------------------------] 25/93
  val   [###########-----------------------------] 26/93
  val   [###########-----------------------------] 27/93
  val   [############----------------------------] 28/93
  val   [############----------------------------] 29/93
  val   [############----------------------------] 30/93
  val   [#############---------------------------] 31/93
  val   [#############---------------------------] 32/93
  val   [##############--------------------------] 33/93
  val   [##############--------------------------] 34/93
  val   [###############-------------------------] 35/93
  val   [###############-------------------------] 36/93
  val   [###############-------------------------] 37/93
  val   [################------------------------] 38/93
  val   [################------------------------] 39/93
  val   [#################-----------------------] 40/93
  val   [#################-----------------------] 41/93
  val   [##################----------------------] 42/93
  val   [##################----------------------] 43/93
  val   [##################----------------------] 44/93
  val   [###################---------------------] 45/93
  val   [###################---------------------] 46/93
  val   [####################--------------------] 47/93
  val   [####################--------------------] 48/93
  val   [#####################-------------------] 49/93
  val   [#####################-------------------] 50/93
  val   [#####################-------------------] 51/93
  val   [######################------------------] 52/93
  val   [######################------------------] 53/93
  val   [#######################-----------------] 54/93
  val   [#######################-----------------] 55/93
  val   [########################----------------] 56/93
  val   [########################----------------] 57/93
  val   [########################----------------] 58/93
  val   [#########################---------------] 59/93
  val   [#########################---------------] 60/93
  val   [##########################--------------] 61/93
  val   [##########################--------------] 62/93
  val   [###########################-------------] 63/93
  val   [###########################-------------] 64/93
  val   [###########################-------------] 65/93
  val   [############################------------] 66/93
  val   [############################------------] 67/93
  val   [#############################-----------] 68/93
  val   [#############################-----------] 69/93
  val   [##############################----------] 70/93
  val   [##############################----------] 71/93
  val   [##############################----------] 72/93
  val   [###############################---------] 73/93
  val   [###############################---------] 74/93
  val   [################################--------] 75/93
  val   [################################--------] 76/93
  val   [#################################-------] 77/93
  val   [#################################-------] 78/93
  val   [#################################-------] 79/93
  val   [##################################------] 80/93
  val   [##################################------] 81/93
  val   [###################################-----] 82/93
  val   [###################################-----] 83/93
  val   [####################################----] 84/93
  val   [####################################----] 85/93
  val   [####################################----] 86/93
  val   [#####################################---] 87/93
  val   [#####################################---] 88/93
  val   [######################################--] 89/93
  val   [######################################--] 90/93
  val   [#######################################-] 91/93
  val   [#######################################-] 92/93
  val   [########################################] 93/93
Epoch  18 | train_loss=0.0381 | val_loss=0.6057 | val_acc=0.8677
  -> best model saved (val_loss=0.6057)
  train [----------------------------------------] 4/444  loss=0.0289
  train [----------------------------------------] 8/444  loss=0.0310
  train [#---------------------------------------] 12/444  loss=0.0305
  train [#---------------------------------------] 16/444  loss=0.0346
  train [#---------------------------------------] 20/444  loss=0.0333
  train [##--------------------------------------] 24/444  loss=0.0325
  train [##--------------------------------------] 28/444  loss=0.0314
  train [##--------------------------------------] 32/444  loss=0.0309
  train [###-------------------------------------] 36/444  loss=0.0310
  train [###-------------------------------------] 40/444  loss=0.0323
  train [###-------------------------------------] 44/444  loss=0.0312
  train [####------------------------------------] 48/444  loss=0.0317
  train [####------------------------------------] 52/444  loss=0.0318
  train [#####-----------------------------------] 56/444  loss=0.0315
  train [#####-----------------------------------] 60/444  loss=0.0330
  train [#####-----------------------------------] 64/444  loss=0.0333
  train [######----------------------------------] 68/444  loss=0.0330
  train [######----------------------------------] 72/444  loss=0.0326
  train [######----------------------------------] 76/444  loss=0.0323
  train [#######---------------------------------] 80/444  loss=0.0324
  train [#######---------------------------------] 84/444  loss=0.0328
  train [#######---------------------------------] 88/444  loss=0.0329
  train [########--------------------------------] 92/444  loss=0.0332
  train [########--------------------------------] 96/444  loss=0.0332
  train [#########-------------------------------] 100/444  loss=0.0330
  train [#########-------------------------------] 104/444  loss=0.0328
  train [#########-------------------------------] 108/444  loss=0.0335
  train [##########------------------------------] 112/444  loss=0.0337
  train [##########------------------------------] 116/444  loss=0.0336
  train [##########------------------------------] 120/444  loss=0.0344
  train [###########-----------------------------] 124/444  loss=0.0341
  train [###########-----------------------------] 128/444  loss=0.0337
  train [###########-----------------------------] 132/444  loss=0.0333
  train [############----------------------------] 136/444  loss=0.0333
  train [############----------------------------] 140/444  loss=0.0336
  train [############----------------------------] 144/444  loss=0.0333
  train [#############---------------------------] 148/444  loss=0.0334
  train [#############---------------------------] 152/444  loss=0.0332
  train [##############--------------------------] 156/444  loss=0.0334
  train [##############--------------------------] 160/444  loss=0.0332
  train [##############--------------------------] 164/444  loss=0.0331
  train [###############-------------------------] 168/444  loss=0.0333
  train [###############-------------------------] 172/444  loss=0.0334
  train [###############-------------------------] 176/444  loss=0.0330
  train [################------------------------] 180/444  loss=0.0331
  train [################------------------------] 184/444  loss=0.0326
  train [################------------------------] 188/444  loss=0.0327
  train [#################-----------------------] 192/444  loss=0.0327
  train [#################-----------------------] 196/444  loss=0.0326
  train [##################----------------------] 200/444  loss=0.0327
  train [##################----------------------] 204/444  loss=0.0327
  train [##################----------------------] 208/444  loss=0.0325
  train [###################---------------------] 212/444  loss=0.0325
  train [###################---------------------] 216/444  loss=0.0323
  train [###################---------------------] 220/444  loss=0.0323
  train [####################--------------------] 224/444  loss=0.0327
  train [####################--------------------] 228/444  loss=0.0326
  train [####################--------------------] 232/444  loss=0.0324
  train [#####################-------------------] 236/444  loss=0.0326
  train [#####################-------------------] 240/444  loss=0.0326
  train [#####################-------------------] 244/444  loss=0.0325
  train [######################------------------] 248/444  loss=0.0329
  train [######################------------------] 252/444  loss=0.0328
  train [#######################-----------------] 256/444  loss=0.0328
  train [#######################-----------------] 260/444  loss=0.0328
  train [#######################-----------------] 264/444  loss=0.0327
  train [########################----------------] 268/444  loss=0.0327
  train [########################----------------] 272/444  loss=0.0333
  train [########################----------------] 276/444  loss=0.0332
  train [#########################---------------] 280/444  loss=0.0331
  train [#########################---------------] 284/444  loss=0.0332
  train [#########################---------------] 288/444  loss=0.0333
  train [##########################--------------] 292/444  loss=0.0331
  train [##########################--------------] 296/444  loss=0.0332
  train [###########################-------------] 300/444  loss=0.0332
  train [###########################-------------] 304/444  loss=0.0331
  train [###########################-------------] 308/444  loss=0.0329
  train [############################------------] 312/444  loss=0.0331
  train [############################------------] 316/444  loss=0.0329
  train [############################------------] 320/444  loss=0.0330
  train [#############################-----------] 324/444  loss=0.0332
  train [#############################-----------] 328/444  loss=0.0332
  train [#############################-----------] 332/444  loss=0.0331
  train [##############################----------] 336/444  loss=0.0330
  train [##############################----------] 340/444  loss=0.0331
  train [##############################----------] 344/444  loss=0.0331
  train [###############################---------] 348/444  loss=0.0331
  train [###############################---------] 352/444  loss=0.0330
  train [################################--------] 356/444  loss=0.0329
  train [################################--------] 360/444  loss=0.0329
  train [################################--------] 364/444  loss=0.0327
  train [#################################-------] 368/444  loss=0.0328
  train [#################################-------] 372/444  loss=0.0327
  train [#################################-------] 376/444  loss=0.0327
  train [##################################------] 380/444  loss=0.0327
  train [##################################------] 384/444  loss=0.0328
  train [##################################------] 388/444  loss=0.0328
  train [###################################-----] 392/444  loss=0.0329
  train [###################################-----] 396/444  loss=0.0329
  train [####################################----] 400/444  loss=0.0328
  train [####################################----] 404/444  loss=0.0329
  train [####################################----] 408/444  loss=0.0329
  train [#####################################---] 412/444  loss=0.0329
  train [#####################################---] 416/444  loss=0.0329
  train [#####################################---] 420/444  loss=0.0328
  train [######################################--] 424/444  loss=0.0328
  train [######################################--] 428/444  loss=0.0326
  train [######################################--] 432/444  loss=0.0327
  train [#######################################-] 436/444  loss=0.0325
  train [#######################################-] 440/444  loss=0.0325
  train [########################################] 444/444  loss=0.0326
  val   [----------------------------------------] 1/93
  val   [----------------------------------------] 2/93
  val   [#---------------------------------------] 3/93
  val   [#---------------------------------------] 4/93
  val   [##--------------------------------------] 5/93
  val   [##--------------------------------------] 6/93
  val   [###-------------------------------------] 7/93
  val   [###-------------------------------------] 8/93
  val   [###-------------------------------------] 9/93
  val   [####------------------------------------] 10/93
  val   [####------------------------------------] 11/93
  val   [#####-----------------------------------] 12/93
  val   [#####-----------------------------------] 13/93
  val   [######----------------------------------] 14/93
  val   [######----------------------------------] 15/93
  val   [######----------------------------------] 16/93
  val   [#######---------------------------------] 17/93
  val   [#######---------------------------------] 18/93
  val   [########--------------------------------] 19/93
  val   [########--------------------------------] 20/93
  val   [#########-------------------------------] 21/93
  val   [#########-------------------------------] 22/93
  val   [#########-------------------------------] 23/93
  val   [##########------------------------------] 24/93
  val   [##########------------------------------] 25/93
  val   [###########-----------------------------] 26/93
  val   [###########-----------------------------] 27/93
  val   [############----------------------------] 28/93
  val   [############----------------------------] 29/93
  val   [############----------------------------] 30/93
  val   [#############---------------------------] 31/93
  val   [#############---------------------------] 32/93
  val   [##############--------------------------] 33/93
  val   [##############--------------------------] 34/93
  val   [###############-------------------------] 35/93
  val   [###############-------------------------] 36/93
  val   [###############-------------------------] 37/93
  val   [################------------------------] 38/93
  val   [################------------------------] 39/93
  val   [#################-----------------------] 40/93
  val   [#################-----------------------] 41/93
  val   [##################----------------------] 42/93
  val   [##################----------------------] 43/93
  val   [##################----------------------] 44/93
  val   [###################---------------------] 45/93
  val   [###################---------------------] 46/93
  val   [####################--------------------] 47/93
  val   [####################--------------------] 48/93
  val   [#####################-------------------] 49/93
  val   [#####################-------------------] 50/93
  val   [#####################-------------------] 51/93
  val   [######################------------------] 52/93
  val   [######################------------------] 53/93
  val   [#######################-----------------] 54/93
  val   [#######################-----------------] 55/93
  val   [########################----------------] 56/93
  val   [########################----------------] 57/93
  val   [########################----------------] 58/93
  val   [#########################---------------] 59/93
  val   [#########################---------------] 60/93
  val   [##########################--------------] 61/93
  val   [##########################--------------] 62/93
  val   [###########################-------------] 63/93
  val   [###########################-------------] 64/93
  val   [###########################-------------] 65/93
  val   [############################------------] 66/93
  val   [############################------------] 67/93
  val   [#############################-----------] 68/93
  val   [#############################-----------] 69/93
  val   [##############################----------] 70/93
  val   [##############################----------] 71/93
  val   [##############################----------] 72/93
  val   [###############################---------] 73/93
  val   [###############################---------] 74/93
  val   [################################--------] 75/93
  val   [################################--------] 76/93
  val   [#################################-------] 77/93
  val   [#################################-------] 78/93
  val   [#################################-------] 79/93
  val   [##################################------] 80/93
  val   [##################################------] 81/93
  val   [###################################-----] 82/93
  val   [###################################-----] 83/93
  val   [####################################----] 84/93
  val   [####################################----] 85/93
  val   [####################################----] 86/93
  val   [#####################################---] 87/93
  val   [#####################################---] 88/93
  val   [######################################--] 89/93
  val   [######################################--] 90/93
  val   [#######################################-] 91/93
  val   [#######################################-] 92/93
  val   [########################################] 93/93
Epoch  19 | train_loss=0.0327 | val_loss=0.6147 | val_acc=0.8635
  train [----------------------------------------] 4/444  loss=0.0406
  train [----------------------------------------] 8/444  loss=0.0320
  train [#---------------------------------------] 12/444  loss=0.0298
  train [#---------------------------------------] 16/444  loss=0.0274
  train [#---------------------------------------] 20/444  loss=0.0292
  train [##--------------------------------------] 24/444  loss=0.0294
  train [##--------------------------------------] 28/444  loss=0.0310
  train [##--------------------------------------] 32/444  loss=0.0324
  train [###-------------------------------------] 36/444  loss=0.0336
  train [###-------------------------------------] 40/444  loss=0.0325
  train [###-------------------------------------] 44/444  loss=0.0309
  train [####------------------------------------] 48/444  loss=0.0319
  train [####------------------------------------] 52/444  loss=0.0312
  train [#####-----------------------------------] 56/444  loss=0.0315
  train [#####-----------------------------------] 60/444  loss=0.0307
  train [#####-----------------------------------] 64/444  loss=0.0321
  train [######----------------------------------] 68/444  loss=0.0322
  train [######----------------------------------] 72/444  loss=0.0322
  train [######----------------------------------] 76/444  loss=0.0324
  train [#######---------------------------------] 80/444  loss=0.0315
  train [#######---------------------------------] 84/444  loss=0.0323
  train [#######---------------------------------] 88/444  loss=0.0318
  train [########--------------------------------] 92/444  loss=0.0315
  train [########--------------------------------] 96/444  loss=0.0309
  train [#########-------------------------------] 100/444  loss=0.0305
  train [#########-------------------------------] 104/444  loss=0.0306
  train [#########-------------------------------] 108/444  loss=0.0309
  train [##########------------------------------] 112/444  loss=0.0306
  train [##########------------------------------] 116/444  loss=0.0324
  train [##########------------------------------] 120/444  loss=0.0323
  train [###########-----------------------------] 124/444  loss=0.0320
  train [###########-----------------------------] 128/444  loss=0.0318
  train [###########-----------------------------] 132/444  loss=0.0318
  train [############----------------------------] 136/444  loss=0.0315
  train [############----------------------------] 140/444  loss=0.0311
  train [############----------------------------] 144/444  loss=0.0309
  train [#############---------------------------] 148/444  loss=0.0311
  train [#############---------------------------] 152/444  loss=0.0308
  train [##############--------------------------] 156/444  loss=0.0304
  train [##############--------------------------] 160/444  loss=0.0303
  train [##############--------------------------] 164/444  loss=0.0314
  train [###############-------------------------] 168/444  loss=0.0309
  train [###############-------------------------] 172/444  loss=0.0307
  train [###############-------------------------] 176/444  loss=0.0305
  train [################------------------------] 180/444  loss=0.0304
  train [################------------------------] 184/444  loss=0.0304
  train [################------------------------] 188/444  loss=0.0306
  train [#################-----------------------] 192/444  loss=0.0307
  train [#################-----------------------] 196/444  loss=0.0307
  train [##################----------------------] 200/444  loss=0.0306
  train [##################----------------------] 204/444  loss=0.0303
  train [##################----------------------] 208/444  loss=0.0304
  train [###################---------------------] 212/444  loss=0.0304
  train [###################---------------------] 216/444  loss=0.0302
  train [###################---------------------] 220/444  loss=0.0300
  train [####################--------------------] 224/444  loss=0.0301
  train [####################--------------------] 228/444  loss=0.0302
  train [####################--------------------] 232/444  loss=0.0300
  train [#####################-------------------] 236/444  loss=0.0303
  train [#####################-------------------] 240/444  loss=0.0308
  train [#####################-------------------] 244/444  loss=0.0307
  train [######################------------------] 248/444  loss=0.0305
  train [######################------------------] 252/444  loss=0.0307
  train [#######################-----------------] 256/444  loss=0.0306
  train [#######################-----------------] 260/444  loss=0.0304
  train [#######################-----------------] 264/444  loss=0.0304
  train [########################----------------] 268/444  loss=0.0305
  train [########################----------------] 272/444  loss=0.0305
  train [########################----------------] 276/444  loss=0.0311
  train [#########################---------------] 280/444  loss=0.0310
  train [#########################---------------] 284/444  loss=0.0311
  train [#########################---------------] 288/444  loss=0.0312
  train [##########################--------------] 292/444  loss=0.0312
  train [##########################--------------] 296/444  loss=0.0313
  train [###########################-------------] 300/444  loss=0.0314
  train [###########################-------------] 304/444  loss=0.0314
  train [###########################-------------] 308/444  loss=0.0315
  train [############################------------] 312/444  loss=0.0316
  train [############################------------] 316/444  loss=0.0315
  train [############################------------] 320/444  loss=0.0314
  train [#############################-----------] 324/444  loss=0.0318
  train [#############################-----------] 328/444  loss=0.0318
  train [#############################-----------] 332/444  loss=0.0317
  train [##############################----------] 336/444  loss=0.0316
  train [##############################----------] 340/444  loss=0.0315
  train [##############################----------] 344/444  loss=0.0315
  train [###############################---------] 348/444  loss=0.0315
  train [###############################---------] 352/444  loss=0.0316
  train [################################--------] 356/444  loss=0.0315
  train [################################--------] 360/444  loss=0.0314
  train [################################--------] 364/444  loss=0.0314
  train [#################################-------] 368/444  loss=0.0314
  train [#################################-------] 372/444  loss=0.0312
  train [#################################-------] 376/444  loss=0.0311
  train [##################################------] 380/444  loss=0.0314
  train [##################################------] 384/444  loss=0.0314
  train [##################################------] 388/444  loss=0.0313
  train [###################################-----] 392/444  loss=0.0312
  train [###################################-----] 396/444  loss=0.0311
  train [####################################----] 400/444  loss=0.0310
  train [####################################----] 404/444  loss=0.0309
  train [####################################----] 408/444  loss=0.0309
  train [#####################################---] 412/444  loss=0.0309
  train [#####################################---] 416/444  loss=0.0309
  train [#####################################---] 420/444  loss=0.0309
  train [######################################--] 424/444  loss=0.0308
  train [######################################--] 428/444  loss=0.0307
  train [######################################--] 432/444  loss=0.0306
  train [#######################################-] 436/444  loss=0.0306
  train [#######################################-] 440/444  loss=0.0305
  train [########################################] 444/444  loss=0.0305
  val   [----------------------------------------] 1/93
  val   [----------------------------------------] 2/93
  val   [#---------------------------------------] 3/93
  val   [#---------------------------------------] 4/93
  val   [##--------------------------------------] 5/93
  val   [##--------------------------------------] 6/93
  val   [###-------------------------------------] 7/93
  val   [###-------------------------------------] 8/93
  val   [###-------------------------------------] 9/93
  val   [####------------------------------------] 10/93
  val   [####------------------------------------] 11/93
  val   [#####-----------------------------------] 12/93
  val   [#####-----------------------------------] 13/93
  val   [######----------------------------------] 14/93
  val   [######----------------------------------] 15/93
  val   [######----------------------------------] 16/93
  val   [#######---------------------------------] 17/93
  val   [#######---------------------------------] 18/93
  val   [########--------------------------------] 19/93
  val   [########--------------------------------] 20/93
  val   [#########-------------------------------] 21/93
  val   [#########-------------------------------] 22/93
  val   [#########-------------------------------] 23/93
  val   [##########------------------------------] 24/93
  val   [##########------------------------------] 25/93
  val   [###########-----------------------------] 26/93
  val   [###########-----------------------------] 27/93
  val   [############----------------------------] 28/93
  val   [############----------------------------] 29/93
  val   [############----------------------------] 30/93
  val   [#############---------------------------] 31/93
  val   [#############---------------------------] 32/93
  val   [##############--------------------------] 33/93
  val   [##############--------------------------] 34/93
  val   [###############-------------------------] 35/93
  val   [###############-------------------------] 36/93
  val   [###############-------------------------] 37/93
  val   [################------------------------] 38/93
  val   [################------------------------] 39/93
  val   [#################-----------------------] 40/93
  val   [#################-----------------------] 41/93
  val   [##################----------------------] 42/93
  val   [##################----------------------] 43/93
  val   [##################----------------------] 44/93
  val   [###################---------------------] 45/93
  val   [###################---------------------] 46/93
  val   [####################--------------------] 47/93
  val   [####################--------------------] 48/93
  val   [#####################-------------------] 49/93
  val   [#####################-------------------] 50/93
  val   [#####################-------------------] 51/93
  val   [######################------------------] 52/93
  val   [######################------------------] 53/93
  val   [#######################-----------------] 54/93
  val   [#######################-----------------] 55/93
  val   [########################----------------] 56/93
  val   [########################----------------] 57/93
  val   [########################----------------] 58/93
  val   [#########################---------------] 59/93
  val   [#########################---------------] 60/93
  val   [##########################--------------] 61/93
  val   [##########################--------------] 62/93
  val   [###########################-------------] 63/93
  val   [###########################-------------] 64/93
  val   [###########################-------------] 65/93
  val   [############################------------] 66/93
  val   [############################------------] 67/93
  val   [#############################-----------] 68/93
  val   [#############################-----------] 69/93
  val   [##############################----------] 70/93
  val   [##############################----------] 71/93
  val   [##############################----------] 72/93
  val   [###############################---------] 73/93
  val   [###############################---------] 74/93
  val   [################################--------] 75/93
  val   [################################--------] 76/93
  val   [#################################-------] 77/93
  val   [#################################-------] 78/93
  val   [#################################-------] 79/93
  val   [##################################------] 80/93
  val   [##################################------] 81/93
  val   [###################################-----] 82/93
  val   [###################################-----] 83/93
  val   [####################################----] 84/93
  val   [####################################----] 85/93
  val   [####################################----] 86/93
  val   [#####################################---] 87/93
  val   [#####################################---] 88/93
  val   [######################################--] 89/93
  val   [######################################--] 90/93
  val   [#######################################-] 91/93
  val   [#######################################-] 92/93
  val   [########################################] 93/93
Epoch  20 | train_loss=0.0306 | val_loss=0.6165 | val_acc=0.8687
  train [----------------------------------------] 4/444  loss=0.0208
  train [----------------------------------------] 8/444  loss=0.0236
  train [#---------------------------------------] 12/444  loss=0.0230
  train [#---------------------------------------] 16/444  loss=0.0231
  train [#---------------------------------------] 20/444  loss=0.0221
  train [##--------------------------------------] 24/444  loss=0.0207
  train [##--------------------------------------] 28/444  loss=0.0202
  train [##--------------------------------------] 32/444  loss=0.0204
  train [###-------------------------------------] 36/444  loss=0.0208
  train [###-------------------------------------] 40/444  loss=0.0202
  train [###-------------------------------------] 44/444  loss=0.0199
  train [####------------------------------------] 48/444  loss=0.0199
  train [####------------------------------------] 52/444  loss=0.0207
  train [#####-----------------------------------] 56/444  loss=0.0204
  train [#####-----------------------------------] 60/444  loss=0.0205
  train [#####-----------------------------------] 64/444  loss=0.0213
  train [######----------------------------------] 68/444  loss=0.0215
  train [######----------------------------------] 72/444  loss=0.0215
  train [######----------------------------------] 76/444  loss=0.0216
  train [#######---------------------------------] 80/444  loss=0.0224
  train [#######---------------------------------] 84/444  loss=0.0221
  train [#######---------------------------------] 88/444  loss=0.0221
  train [########--------------------------------] 92/444  loss=0.0219
  train [########--------------------------------] 96/444  loss=0.0213
  train [#########-------------------------------] 100/444  loss=0.0215
  train [#########-------------------------------] 104/444  loss=0.0214
  train [#########-------------------------------] 108/444  loss=0.0214
  train [##########------------------------------] 112/444  loss=0.0218
  train [##########------------------------------] 116/444  loss=0.0215
  train [##########------------------------------] 120/444  loss=0.0216
  train [###########-----------------------------] 124/444  loss=0.0216
  train [###########-----------------------------] 128/444  loss=0.0213
  train [###########-----------------------------] 132/444  loss=0.0217
  train [############----------------------------] 136/444  loss=0.0216
  train [############----------------------------] 140/444  loss=0.0218
  train [############----------------------------] 144/444  loss=0.0219
  train [#############---------------------------] 148/444  loss=0.0221
  train [#############---------------------------] 152/444  loss=0.0220
  train [##############--------------------------] 156/444  loss=0.0226
  train [##############--------------------------] 160/444  loss=0.0229
  train [##############--------------------------] 164/444  loss=0.0230
  train [###############-------------------------] 168/444  loss=0.0231
  train [###############-------------------------] 172/444  loss=0.0229
  train [###############-------------------------] 176/444  loss=0.0227
  train [################------------------------] 180/444  loss=0.0228
  train [################------------------------] 184/444  loss=0.0228
  train [################------------------------] 188/444  loss=0.0228
  train [#################-----------------------] 192/444  loss=0.0228
  train [#################-----------------------] 196/444  loss=0.0229
  train [##################----------------------] 200/444  loss=0.0230
  train [##################----------------------] 204/444  loss=0.0230
  train [##################----------------------] 208/444  loss=0.0230
  train [###################---------------------] 212/444  loss=0.0228
  train [###################---------------------] 216/444  loss=0.0227
  train [###################---------------------] 220/444  loss=0.0230
  train [####################--------------------] 224/444  loss=0.0231
  train [####################--------------------] 228/444  loss=0.0234
  train [####################--------------------] 232/444  loss=0.0232
  train [#####################-------------------] 236/444  loss=0.0231
  train [#####################-------------------] 240/444  loss=0.0230
  train [#####################-------------------] 244/444  loss=0.0230
  train [######################------------------] 248/444  loss=0.0229
  train [######################------------------] 252/444  loss=0.0229
  train [#######################-----------------] 256/444  loss=0.0229
  train [#######################-----------------] 260/444  loss=0.0227
  train [#######################-----------------] 264/444  loss=0.0227
  train [########################----------------] 268/444  loss=0.0226
  train [########################----------------] 272/444  loss=0.0226
  train [########################----------------] 276/444  loss=0.0225
  train [#########################---------------] 280/444  loss=0.0223
  train [#########################---------------] 284/444  loss=0.0221
  train [#########################---------------] 288/444  loss=0.0222
  train [##########################--------------] 292/444  loss=0.0221
  train [##########################--------------] 296/444  loss=0.0223
  train [###########################-------------] 300/444  loss=0.0222
  train [###########################-------------] 304/444  loss=0.0222
  train [###########################-------------] 308/444  loss=0.0224
  train [############################------------] 312/444  loss=0.0222
  train [############################------------] 316/444  loss=0.0222
  train [############################------------] 320/444  loss=0.0222
  train [#############################-----------] 324/444  loss=0.0221
  train [#############################-----------] 328/444  loss=0.0221
  train [#############################-----------] 332/444  loss=0.0220
  train [##############################----------] 336/444  loss=0.0220
  train [##############################----------] 340/444  loss=0.0220
  train [##############################----------] 344/444  loss=0.0221
  train [###############################---------] 348/444  loss=0.0220
  train [###############################---------] 352/444  loss=0.0220
  train [################################--------] 356/444  loss=0.0220
  train [################################--------] 360/444  loss=0.0220
  train [################################--------] 364/444  loss=0.0220
  train [#################################-------] 368/444  loss=0.0220
  train [#################################-------] 372/444  loss=0.0219
  train [#################################-------] 376/444  loss=0.0219
  train [##################################------] 380/444  loss=0.0219
  train [##################################------] 384/444  loss=0.0220
  train [##################################------] 388/444  loss=0.0219
  train [###################################-----] 392/444  loss=0.0218
  train [###################################-----] 396/444  loss=0.0218
  train [####################################----] 400/444  loss=0.0218
  train [####################################----] 404/444  loss=0.0218
  train [####################################----] 408/444  loss=0.0218
  train [#####################################---] 412/444  loss=0.0218
  train [#####################################---] 416/444  loss=0.0218
  train [#####################################---] 420/444  loss=0.0218
  train [######################################--] 424/444  loss=0.0218
  train [######################################--] 428/444  loss=0.0219
  train [######################################--] 432/444  loss=0.0218
  train [#######################################-] 436/444  loss=0.0217
  train [#######################################-] 440/444  loss=0.0218
  train [########################################] 444/444  loss=0.0217
  val   [----------------------------------------] 1/93
  val   [----------------------------------------] 2/93
  val   [#---------------------------------------] 3/93
  val   [#---------------------------------------] 4/93
  val   [##--------------------------------------] 5/93
  val   [##--------------------------------------] 6/93
  val   [###-------------------------------------] 7/93
  val   [###-------------------------------------] 8/93
  val   [###-------------------------------------] 9/93
  val   [####------------------------------------] 10/93
  val   [####------------------------------------] 11/93
  val   [#####-----------------------------------] 12/93
  val   [#####-----------------------------------] 13/93
  val   [######----------------------------------] 14/93
  val   [######----------------------------------] 15/93
  val   [######----------------------------------] 16/93
  val   [#######---------------------------------] 17/93
  val   [#######---------------------------------] 18/93
  val   [########--------------------------------] 19/93
  val   [########--------------------------------] 20/93
  val   [#########-------------------------------] 21/93
  val   [#########-------------------------------] 22/93
  val   [#########-------------------------------] 23/93
  val   [##########------------------------------] 24/93
  val   [##########------------------------------] 25/93
  val   [###########-----------------------------] 26/93
  val   [###########-----------------------------] 27/93
  val   [############----------------------------] 28/93
  val   [############----------------------------] 29/93
  val   [############----------------------------] 30/93
  val   [#############---------------------------] 31/93
  val   [#############---------------------------] 32/93
  val   [##############--------------------------] 33/93
  val   [##############--------------------------] 34/93
  val   [###############-------------------------] 35/93
  val   [###############-------------------------] 36/93
  val   [###############-------------------------] 37/93
  val   [################------------------------] 38/93
  val   [################------------------------] 39/93
  val   [#################-----------------------] 40/93
  val   [#################-----------------------] 41/93
  val   [##################----------------------] 42/93
  val   [##################----------------------] 43/93
  val   [##################----------------------] 44/93
  val   [###################---------------------] 45/93
  val   [###################---------------------] 46/93
  val   [####################--------------------] 47/93
  val   [####################--------------------] 48/93
  val   [#####################-------------------] 49/93
  val   [#####################-------------------] 50/93
  val   [#####################-------------------] 51/93
  val   [######################------------------] 52/93
  val   [######################------------------] 53/93
  val   [#######################-----------------] 54/93
  val   [#######################-----------------] 55/93
  val   [########################----------------] 56/93
  val   [########################----------------] 57/93
  val   [########################----------------] 58/93
  val   [#########################---------------] 59/93
  val   [#########################---------------] 60/93
  val   [##########################--------------] 61/93
  val   [##########################--------------] 62/93
  val   [###########################-------------] 63/93
  val   [###########################-------------] 64/93
  val   [###########################-------------] 65/93
  val   [############################------------] 66/93
  val   [############################------------] 67/93
  val   [#############################-----------] 68/93
  val   [#############################-----------] 69/93
  val   [##############################----------] 70/93
  val   [##############################----------] 71/93
  val   [##############################----------] 72/93
  val   [###############################---------] 73/93
  val   [###############################---------] 74/93
  val   [################################--------] 75/93
  val   [################################--------] 76/93
  val   [#################################-------] 77/93
  val   [#################################-------] 78/93
  val   [#################################-------] 79/93
  val   [##################################------] 80/93
  val   [##################################------] 81/93
  val   [###################################-----] 82/93
  val   [###################################-----] 83/93
  val   [####################################----] 84/93
  val   [####################################----] 85/93
  val   [####################################----] 86/93
  val   [#####################################---] 87/93
  val   [#####################################---] 88/93
  val   [######################################--] 89/93
  val   [######################################--] 90/93
  val   [#######################################-] 91/93
  val   [#######################################-] 92/93
  val   [########################################] 93/93
Epoch  21 | train_loss=0.0217 | val_loss=0.6034 | val_acc=0.8687
  -> best model saved (val_loss=0.6034)
  train [----------------------------------------] 4/444  loss=0.0180
  train [----------------------------------------] 8/444  loss=0.0185
  train [#---------------------------------------] 12/444  loss=0.0246
  train [#---------------------------------------] 16/444  loss=0.0216
  train [#---------------------------------------] 20/444  loss=0.0235
  train [##--------------------------------------] 24/444  loss=0.0211
  train [##--------------------------------------] 28/444  loss=0.0205
  train [##--------------------------------------] 32/444  loss=0.0207
  train [###-------------------------------------] 36/444  loss=0.0210
  train [###-------------------------------------] 40/444  loss=0.0202
  train [###-------------------------------------] 44/444  loss=0.0194
  train [####------------------------------------] 48/444  loss=0.0194
  train [####------------------------------------] 52/444  loss=0.0201
  train [#####-----------------------------------] 56/444  loss=0.0212
  train [#####-----------------------------------] 60/444  loss=0.0215
  train [#####-----------------------------------] 64/444  loss=0.0212
  train [######----------------------------------] 68/444  loss=0.0212
  train [######----------------------------------] 72/444  loss=0.0210
  train [######----------------------------------] 76/444  loss=0.0205
  train [#######---------------------------------] 80/444  loss=0.0206
  train [#######---------------------------------] 84/444  loss=0.0203
  train [#######---------------------------------] 88/444  loss=0.0203
  train [########--------------------------------] 92/444  loss=0.0202
  train [########--------------------------------] 96/444  loss=0.0208
  train [#########-------------------------------] 100/444  loss=0.0204
  train [#########-------------------------------] 104/444  loss=0.0200
  train [#########-------------------------------] 108/444  loss=0.0199
  train [##########------------------------------] 112/444  loss=0.0197
  train [##########------------------------------] 116/444  loss=0.0209
  train [##########------------------------------] 120/444  loss=0.0212
  train [###########-----------------------------] 124/444  loss=0.0210
  train [###########-----------------------------] 128/444  loss=0.0214
  train [###########-----------------------------] 132/444  loss=0.0214
  train [############----------------------------] 136/444  loss=0.0220
  train [############----------------------------] 140/444  loss=0.0222
  train [############----------------------------] 144/444  loss=0.0220
  train [#############---------------------------] 148/444  loss=0.0225
  train [#############---------------------------] 152/444  loss=0.0225
  train [##############--------------------------] 156/444  loss=0.0223
  train [##############--------------------------] 160/444  loss=0.0226
  train [##############--------------------------] 164/444  loss=0.0225
  train [###############-------------------------] 168/444  loss=0.0224
  train [###############-------------------------] 172/444  loss=0.0224
  train [###############-------------------------] 176/444  loss=0.0221
  train [################------------------------] 180/444  loss=0.0223
  train [################------------------------] 184/444  loss=0.0222
  train [################------------------------] 188/444  loss=0.0220
  train [#################-----------------------] 192/444  loss=0.0218
  train [#################-----------------------] 196/444  loss=0.0220
  train [##################----------------------] 200/444  loss=0.0220
  train [##################----------------------] 204/444  loss=0.0221
  train [##################----------------------] 208/444  loss=0.0221
  train [###################---------------------] 212/444  loss=0.0220
  train [###################---------------------] 216/444  loss=0.0218
  train [###################---------------------] 220/444  loss=0.0218
  train [####################--------------------] 224/444  loss=0.0216
  train [####################--------------------] 228/444  loss=0.0216
  train [####################--------------------] 232/444  loss=0.0216
  train [#####################-------------------] 236/444  loss=0.0216
  train [#####################-------------------] 240/444  loss=0.0216
  train [#####################-------------------] 244/444  loss=0.0217
  train [######################------------------] 248/444  loss=0.0220
  train [######################------------------] 252/444  loss=0.0218
  train [#######################-----------------] 256/444  loss=0.0217
  train [#######################-----------------] 260/444  loss=0.0216
  train [#######################-----------------] 264/444  loss=0.0214
  train [########################----------------] 268/444  loss=0.0212
  train [########################----------------] 272/444  loss=0.0211
  train [########################----------------] 276/444  loss=0.0210
  train [#########################---------------] 280/444  loss=0.0211
  train [#########################---------------] 284/444  loss=0.0211
  train [#########################---------------] 288/444  loss=0.0211
  train [##########################--------------] 292/444  loss=0.0210
  train [##########################--------------] 296/444  loss=0.0210
  train [###########################-------------] 300/444  loss=0.0209
  train [###########################-------------] 304/444  loss=0.0210
  train [###########################-------------] 308/444  loss=0.0210
  train [############################------------] 312/444  loss=0.0210
  train [############################------------] 316/444  loss=0.0210
  train [############################------------] 320/444  loss=0.0209
  train [#############################-----------] 324/444  loss=0.0209
  train [#############################-----------] 328/444  loss=0.0207
  train [#############################-----------] 332/444  loss=0.0207
  train [##############################----------] 336/444  loss=0.0208
  train [##############################----------] 340/444  loss=0.0210
  train [##############################----------] 344/444  loss=0.0211
  train [###############################---------] 348/444  loss=0.0214
  train [###############################---------] 352/444  loss=0.0214
  train [################################--------] 356/444  loss=0.0216
  train [################################--------] 360/444  loss=0.0216
  train [################################--------] 364/444  loss=0.0216
  train [#################################-------] 368/444  loss=0.0215
  train [#################################-------] 372/444  loss=0.0215
  train [#################################-------] 376/444  loss=0.0215
  train [##################################------] 380/444  loss=0.0216
  train [##################################------] 384/444  loss=0.0215
  train [##################################------] 388/444  loss=0.0215
  train [###################################-----] 392/444  loss=0.0215
  train [###################################-----] 396/444  loss=0.0216
  train [####################################----] 400/444  loss=0.0216
  train [####################################----] 404/444  loss=0.0217
  train [####################################----] 408/444  loss=0.0218
  train [#####################################---] 412/444  loss=0.0218
  train [#####################################---] 416/444  loss=0.0219
  train [#####################################---] 420/444  loss=0.0219
  train [######################################--] 424/444  loss=0.0218
  train [######################################--] 428/444  loss=0.0219
  train [######################################--] 432/444  loss=0.0218
  train [#######################################-] 436/444  loss=0.0219
  train [#######################################-] 440/444  loss=0.0218
  train [########################################] 444/444  loss=0.0218
  val   [----------------------------------------] 1/93
  val   [----------------------------------------] 2/93
  val   [#---------------------------------------] 3/93
  val   [#---------------------------------------] 4/93
  val   [##--------------------------------------] 5/93
  val   [##--------------------------------------] 6/93
  val   [###-------------------------------------] 7/93
  val   [###-------------------------------------] 8/93
  val   [###-------------------------------------] 9/93
  val   [####------------------------------------] 10/93
  val   [####------------------------------------] 11/93
  val   [#####-----------------------------------] 12/93
  val   [#####-----------------------------------] 13/93
  val   [######----------------------------------] 14/93
  val   [######----------------------------------] 15/93
  val   [######----------------------------------] 16/93
  val   [#######---------------------------------] 17/93
  val   [#######---------------------------------] 18/93
  val   [########--------------------------------] 19/93
  val   [########--------------------------------] 20/93
  val   [#########-------------------------------] 21/93
  val   [#########-------------------------------] 22/93
  val   [#########-------------------------------] 23/93
  val   [##########------------------------------] 24/93
  val   [##########------------------------------] 25/93
  val   [###########-----------------------------] 26/93
  val   [###########-----------------------------] 27/93
  val   [############----------------------------] 28/93
  val   [############----------------------------] 29/93
  val   [############----------------------------] 30/93
  val   [#############---------------------------] 31/93
  val   [#############---------------------------] 32/93
  val   [##############--------------------------] 33/93
  val   [##############--------------------------] 34/93
  val   [###############-------------------------] 35/93
  val   [###############-------------------------] 36/93
  val   [###############-------------------------] 37/93
  val   [################------------------------] 38/93
  val   [################------------------------] 39/93
  val   [#################-----------------------] 40/93
  val   [#################-----------------------] 41/93
  val   [##################----------------------] 42/93
  val   [##################----------------------] 43/93
  val   [##################----------------------] 44/93
  val   [###################---------------------] 45/93
  val   [###################---------------------] 46/93
  val   [####################--------------------] 47/93
  val   [####################--------------------] 48/93
  val   [#####################-------------------] 49/93
  val   [#####################-------------------] 50/93
  val   [#####################-------------------] 51/93
  val   [######################------------------] 52/93
  val   [######################------------------] 53/93
  val   [#######################-----------------] 54/93
  val   [#######################-----------------] 55/93
  val   [########################----------------] 56/93
  val   [########################----------------] 57/93
  val   [########################----------------] 58/93
  val   [#########################---------------] 59/93
  val   [#########################---------------] 60/93
  val   [##########################--------------] 61/93
  val   [##########################--------------] 62/93
  val   [###########################-------------] 63/93
  val   [###########################-------------] 64/93
  val   [###########################-------------] 65/93
  val   [############################------------] 66/93
  val   [############################------------] 67/93
  val   [#############################-----------] 68/93
  val   [#############################-----------] 69/93
  val   [##############################----------] 70/93
  val   [##############################----------] 71/93
  val   [##############################----------] 72/93
  val   [###############################---------] 73/93
  val   [###############################---------] 74/93
  val   [################################--------] 75/93
  val   [################################--------] 76/93
  val   [#################################-------] 77/93
  val   [#################################-------] 78/93
  val   [#################################-------] 79/93
  val   [##################################------] 80/93
  val   [##################################------] 81/93
  val   [###################################-----] 82/93
  val   [###################################-----] 83/93
  val   [####################################----] 84/93
  val   [####################################----] 85/93
  val   [####################################----] 86/93
  val   [#####################################---] 87/93
  val   [#####################################---] 88/93
  val   [######################################--] 89/93
  val   [######################################--] 90/93
  val   [#######################################-] 91/93
  val   [#######################################-] 92/93
  val   [########################################] 93/93
Epoch  22 | train_loss=0.0219 | val_loss=0.6054 | val_acc=0.8714
  train [----------------------------------------] 4/444  loss=0.0317
  train [----------------------------------------] 8/444  loss=0.0351
  train [#---------------------------------------] 12/444  loss=0.0298
  train [#---------------------------------------] 16/444  loss=0.0267
  train [#---------------------------------------] 20/444  loss=0.0267
  train [##--------------------------------------] 24/444  loss=0.0255
  train [##--------------------------------------] 28/444  loss=0.0248
  train [##--------------------------------------] 32/444  loss=0.0241
  train [###-------------------------------------] 36/444  loss=0.0247
  train [###-------------------------------------] 40/444  loss=0.0252
  train [###-------------------------------------] 44/444  loss=0.0247
  train [####------------------------------------] 48/444  loss=0.0245
  train [####------------------------------------] 52/444  loss=0.0237
  train [#####-----------------------------------] 56/444  loss=0.0236
  train [#####-----------------------------------] 60/444  loss=0.0234
  train [#####-----------------------------------] 64/444  loss=0.0231
  train [######----------------------------------] 68/444  loss=0.0238
  train [######----------------------------------] 72/444  loss=0.0232
  train [######----------------------------------] 76/444  loss=0.0231
  train [#######---------------------------------] 80/444  loss=0.0228
  train [#######---------------------------------] 84/444  loss=0.0227
  train [#######---------------------------------] 88/444  loss=0.0227
  train [########--------------------------------] 92/444  loss=0.0223
  train [########--------------------------------] 96/444  loss=0.0230
  train [#########-------------------------------] 100/444  loss=0.0231
  train [#########-------------------------------] 104/444  loss=0.0230
  train [#########-------------------------------] 108/444  loss=0.0228
  train [##########------------------------------] 112/444  loss=0.0225
  train [##########------------------------------] 116/444  loss=0.0228
  train [##########------------------------------] 120/444  loss=0.0227
  train [###########-----------------------------] 124/444  loss=0.0229
  train [###########-----------------------------] 128/444  loss=0.0228
  train [###########-----------------------------] 132/444  loss=0.0227
  train [############----------------------------] 136/444  loss=0.0229
  train [############----------------------------] 140/444  loss=0.0225
  train [############----------------------------] 144/444  loss=0.0224
  train [#############---------------------------] 148/444  loss=0.0226
  train [#############---------------------------] 152/444  loss=0.0224
  train [##############--------------------------] 156/444  loss=0.0223
  train [##############--------------------------] 160/444  loss=0.0226
  train [##############--------------------------] 164/444  loss=0.0229
  train [###############-------------------------] 168/444  loss=0.0229
  train [###############-------------------------] 172/444  loss=0.0227
  train [###############-------------------------] 176/444  loss=0.0228
  train [################------------------------] 180/444  loss=0.0227
  train [################------------------------] 184/444  loss=0.0225
  train [################------------------------] 188/444  loss=0.0226
  train [#################-----------------------] 192/444  loss=0.0224
  train [#################-----------------------] 196/444  loss=0.0221
  train [##################----------------------] 200/444  loss=0.0219
  train [##################----------------------] 204/444  loss=0.0216
  train [##################----------------------] 208/444  loss=0.0215
  train [###################---------------------] 212/444  loss=0.0214
  train [###################---------------------] 216/444  loss=0.0213
  train [###################---------------------] 220/444  loss=0.0213
  train [####################--------------------] 224/444  loss=0.0212
  train [####################--------------------] 228/444  loss=0.0211
  train [####################--------------------] 232/444  loss=0.0211
  train [#####################-------------------] 236/444  loss=0.0210
  train [#####################-------------------] 240/444  loss=0.0210
  train [#####################-------------------] 244/444  loss=0.0208
  train [######################------------------] 248/444  loss=0.0208
  train [######################------------------] 252/444  loss=0.0207
  train [#######################-----------------] 256/444  loss=0.0207
  train [#######################-----------------] 260/444  loss=0.0206
  train [#######################-----------------] 264/444  loss=0.0207
  train [########################----------------] 268/444  loss=0.0205
  train [########################----------------] 272/444  loss=0.0204
  train [########################----------------] 276/444  loss=0.0204
  train [#########################---------------] 280/444  loss=0.0203
  train [#########################---------------] 284/444  loss=0.0203
  train [#########################---------------] 288/444  loss=0.0202
  train [##########################--------------] 292/444  loss=0.0202
  train [##########################--------------] 296/444  loss=0.0202
  train [###########################-------------] 300/444  loss=0.0202
  train [###########################-------------] 304/444  loss=0.0201
  train [###########################-------------] 308/444  loss=0.0202
  train [############################------------] 312/444  loss=0.0201
  train [############################------------] 316/444  loss=0.0200
  train [############################------------] 320/444  loss=0.0200
  train [#############################-----------] 324/444  loss=0.0199
  train [#############################-----------] 328/444  loss=0.0200
  train [#############################-----------] 332/444  loss=0.0200
  train [##############################----------] 336/444  loss=0.0201
  train [##############################----------] 340/444  loss=0.0202
  train [##############################----------] 344/444  loss=0.0205
  train [###############################---------] 348/444  loss=0.0205
  train [###############################---------] 352/444  loss=0.0205
  train [################################--------] 356/444  loss=0.0204
  train [################################--------] 360/444  loss=0.0205
  train [################################--------] 364/444  loss=0.0204
  train [#################################-------] 368/444  loss=0.0204
  train [#################################-------] 372/444  loss=0.0203
  train [#################################-------] 376/444  loss=0.0203
  train [##################################------] 380/444  loss=0.0203
  train [##################################------] 384/444  loss=0.0204
  train [##################################------] 388/444  loss=0.0203
  train [###################################-----] 392/444  loss=0.0203
  train [###################################-----] 396/444  loss=0.0203
  train [####################################----] 400/444  loss=0.0204
  train [####################################----] 404/444  loss=0.0205
  train [####################################----] 408/444  loss=0.0204
  train [#####################################---] 412/444  loss=0.0206
  train [#####################################---] 416/444  loss=0.0206
  train [#####################################---] 420/444  loss=0.0207
  train [######################################--] 424/444  loss=0.0206
  train [######################################--] 428/444  loss=0.0207
  train [######################################--] 432/444  loss=0.0206
  train [#######################################-] 436/444  loss=0.0207
  train [#######################################-] 440/444  loss=0.0206
  train [########################################] 444/444  loss=0.0206
  val   [----------------------------------------] 1/93
  val   [----------------------------------------] 2/93
  val   [#---------------------------------------] 3/93
  val   [#---------------------------------------] 4/93
  val   [##--------------------------------------] 5/93
  val   [##--------------------------------------] 6/93
  val   [###-------------------------------------] 7/93
  val   [###-------------------------------------] 8/93
  val   [###-------------------------------------] 9/93
  val   [####------------------------------------] 10/93
  val   [####------------------------------------] 11/93
  val   [#####-----------------------------------] 12/93
  val   [#####-----------------------------------] 13/93
  val   [######----------------------------------] 14/93
  val   [######----------------------------------] 15/93
  val   [######----------------------------------] 16/93
  val   [#######---------------------------------] 17/93
  val   [#######---------------------------------] 18/93
  val   [########--------------------------------] 19/93
  val   [########--------------------------------] 20/93
  val   [#########-------------------------------] 21/93
  val   [#########-------------------------------] 22/93
  val   [#########-------------------------------] 23/93
  val   [##########------------------------------] 24/93
  val   [##########------------------------------] 25/93
  val   [###########-----------------------------] 26/93
  val   [###########-----------------------------] 27/93
  val   [############----------------------------] 28/93
  val   [############----------------------------] 29/93
  val   [############----------------------------] 30/93
  val   [#############---------------------------] 31/93
  val   [#############---------------------------] 32/93
  val   [##############--------------------------] 33/93
  val   [##############--------------------------] 34/93
  val   [###############-------------------------] 35/93
  val   [###############-------------------------] 36/93
  val   [###############-------------------------] 37/93
  val   [################------------------------] 38/93
  val   [################------------------------] 39/93
  val   [#################-----------------------] 40/93
  val   [#################-----------------------] 41/93
  val   [##################----------------------] 42/93
  val   [##################----------------------] 43/93
  val   [##################----------------------] 44/93
  val   [###################---------------------] 45/93
  val   [###################---------------------] 46/93
  val   [####################--------------------] 47/93
  val   [####################--------------------] 48/93
  val   [#####################-------------------] 49/93
  val   [#####################-------------------] 50/93
  val   [#####################-------------------] 51/93
  val   [######################------------------] 52/93
  val   [######################------------------] 53/93
  val   [#######################-----------------] 54/93
  val   [#######################-----------------] 55/93
  val   [########################----------------] 56/93
  val   [########################----------------] 57/93
  val   [########################----------------] 58/93
  val   [#########################---------------] 59/93
  val   [#########################---------------] 60/93
  val   [##########################--------------] 61/93
  val   [##########################--------------] 62/93
  val   [###########################-------------] 63/93
  val   [###########################-------------] 64/93
  val   [###########################-------------] 65/93
  val   [############################------------] 66/93
  val   [############################------------] 67/93
  val   [#############################-----------] 68/93
  val   [#############################-----------] 69/93
  val   [##############################----------] 70/93
  val   [##############################----------] 71/93
  val   [##############################----------] 72/93
  val   [###############################---------] 73/93
  val   [###############################---------] 74/93
  val   [################################--------] 75/93
  val   [################################--------] 76/93
  val   [#################################-------] 77/93
  val   [#################################-------] 78/93
  val   [#################################-------] 79/93
  val   [##################################------] 80/93
  val   [##################################------] 81/93
  val   [###################################-----] 82/93
  val   [###################################-----] 83/93
  val   [####################################----] 84/93
  val   [####################################----] 85/93
  val   [####################################----] 86/93
  val   [#####################################---] 87/93
  val   [#####################################---] 88/93
  val   [######################################--] 89/93
  val   [######################################--] 90/93
  val   [#######################################-] 91/93
  val   [#######################################-] 92/93
  val   [########################################] 93/93
Epoch  23 | train_loss=0.0206 | val_loss=0.6014 | val_acc=0.8709
  -> best model saved (val_loss=0.6014)
  train [----------------------------------------] 4/444  loss=0.0167
  train [----------------------------------------] 8/444  loss=0.0132
  train [#---------------------------------------] 12/444  loss=0.0187
  train [#---------------------------------------] 16/444  loss=0.0167
  train [#---------------------------------------] 20/444  loss=0.0172
  train [##--------------------------------------] 24/444  loss=0.0160
  train [##--------------------------------------] 28/444  loss=0.0157
  train [##--------------------------------------] 32/444  loss=0.0186
  train [###-------------------------------------] 36/444  loss=0.0176
  train [###-------------------------------------] 40/444  loss=0.0188
  train [###-------------------------------------] 44/444  loss=0.0183
  train [####------------------------------------] 48/444  loss=0.0180
  train [####------------------------------------] 52/444  loss=0.0176
  train [#####-----------------------------------] 56/444  loss=0.0178
  train [#####-----------------------------------] 60/444  loss=0.0178
  train [#####-----------------------------------] 64/444  loss=0.0185
  train [######----------------------------------] 68/444  loss=0.0186
  train [######----------------------------------] 72/444  loss=0.0182
  train [######----------------------------------] 76/444  loss=0.0181
  train [#######---------------------------------] 80/444  loss=0.0184
  train [#######---------------------------------] 84/444  loss=0.0191
  train [#######---------------------------------] 88/444  loss=0.0186
  train [########--------------------------------] 92/444  loss=0.0184
  train [########--------------------------------] 96/444  loss=0.0194
  train [#########-------------------------------] 100/444  loss=0.0198
  train [#########-------------------------------] 104/444  loss=0.0201
  train [#########-------------------------------] 108/444  loss=0.0201
  train [##########------------------------------] 112/444  loss=0.0202
  train [##########------------------------------] 116/444  loss=0.0202
  train [##########------------------------------] 120/444  loss=0.0200
  train [###########-----------------------------] 124/444  loss=0.0199
  train [###########-----------------------------] 128/444  loss=0.0197
  train [###########-----------------------------] 132/444  loss=0.0199
  train [############----------------------------] 136/444  loss=0.0199
  train [############----------------------------] 140/444  loss=0.0197
  train [############----------------------------] 144/444  loss=0.0197
  train [#############---------------------------] 148/444  loss=0.0195
  train [#############---------------------------] 152/444  loss=0.0193
  train [##############--------------------------] 156/444  loss=0.0193
  train [##############--------------------------] 160/444  loss=0.0192
  train [##############--------------------------] 164/444  loss=0.0191
  train [###############-------------------------] 168/444  loss=0.0201
  train [###############-------------------------] 172/444  loss=0.0198
  train [###############-------------------------] 176/444  loss=0.0197
  train [################------------------------] 180/444  loss=0.0197
  train [################------------------------] 184/444  loss=0.0196
  train [################------------------------] 188/444  loss=0.0197
  train [#################-----------------------] 192/444  loss=0.0194
  train [#################-----------------------] 196/444  loss=0.0193
  train [##################----------------------] 200/444  loss=0.0192
  train [##################----------------------] 204/444  loss=0.0199
  train [##################----------------------] 208/444  loss=0.0199
  train [###################---------------------] 212/444  loss=0.0198
  train [###################---------------------] 216/444  loss=0.0198
  train [###################---------------------] 220/444  loss=0.0197
  train [####################--------------------] 224/444  loss=0.0196
  train [####################--------------------] 228/444  loss=0.0198
  train [####################--------------------] 232/444  loss=0.0198
  train [#####################-------------------] 236/444  loss=0.0199
  train [#####################-------------------] 240/444  loss=0.0203
  train [#####################-------------------] 244/444  loss=0.0202
  train [######################------------------] 248/444  loss=0.0201
  train [######################------------------] 252/444  loss=0.0202
  train [#######################-----------------] 256/444  loss=0.0201
  train [#######################-----------------] 260/444  loss=0.0199
  train [#######################-----------------] 264/444  loss=0.0201
  train [########################----------------] 268/444  loss=0.0200
  train [########################----------------] 272/444  loss=0.0199
  train [########################----------------] 276/444  loss=0.0200
  train [#########################---------------] 280/444  loss=0.0201
  train [#########################---------------] 284/444  loss=0.0201
  train [#########################---------------] 288/444  loss=0.0203
  train [##########################--------------] 292/444  loss=0.0203
  train [##########################--------------] 296/444  loss=0.0203
  train [###########################-------------] 300/444  loss=0.0203
  train [###########################-------------] 304/444  loss=0.0203
  train [###########################-------------] 308/444  loss=0.0205
  train [############################------------] 312/444  loss=0.0205
  train [############################------------] 316/444  loss=0.0205
  train [############################------------] 320/444  loss=0.0205
  train [#############################-----------] 324/444  loss=0.0204
  train [#############################-----------] 328/444  loss=0.0204
  train [#############################-----------] 332/444  loss=0.0203
  train [##############################----------] 336/444  loss=0.0202
  train [##############################----------] 340/444  loss=0.0201
  train [##############################----------] 344/444  loss=0.0201
  train [###############################---------] 348/444  loss=0.0200
  train [###############################---------] 352/444  loss=0.0200
  train [################################--------] 356/444  loss=0.0199
  train [################################--------] 360/444  loss=0.0199
  train [################################--------] 364/444  loss=0.0198
  train [#################################-------] 368/444  loss=0.0197
  train [#################################-------] 372/444  loss=0.0198
  train [#################################-------] 376/444  loss=0.0197
  train [##################################------] 380/444  loss=0.0197
  train [##################################------] 384/444  loss=0.0197
  train [##################################------] 388/444  loss=0.0196
  train [###################################-----] 392/444  loss=0.0196
  train [###################################-----] 396/444  loss=0.0195
  train [####################################----] 400/444  loss=0.0195
  train [####################################----] 404/444  loss=0.0195
  train [####################################----] 408/444  loss=0.0195
  train [#####################################---] 412/444  loss=0.0195
  train [#####################################---] 416/444  loss=0.0195
  train [#####################################---] 420/444  loss=0.0196
  train [######################################--] 424/444  loss=0.0195
  train [######################################--] 428/444  loss=0.0195
  train [######################################--] 432/444  loss=0.0194
  train [#######################################-] 436/444  loss=0.0194
  train [#######################################-] 440/444  loss=0.0194
  train [########################################] 444/444  loss=0.0193
  val   [----------------------------------------] 1/93
  val   [----------------------------------------] 2/93
  val   [#---------------------------------------] 3/93
  val   [#---------------------------------------] 4/93
  val   [##--------------------------------------] 5/93
  val   [##--------------------------------------] 6/93
  val   [###-------------------------------------] 7/93
  val   [###-------------------------------------] 8/93
  val   [###-------------------------------------] 9/93
  val   [####------------------------------------] 10/93
  val   [####------------------------------------] 11/93
  val   [#####-----------------------------------] 12/93
  val   [#####-----------------------------------] 13/93
  val   [######----------------------------------] 14/93
  val   [######----------------------------------] 15/93
  val   [######----------------------------------] 16/93
  val   [#######---------------------------------] 17/93
  val   [#######---------------------------------] 18/93
  val   [########--------------------------------] 19/93
  val   [########--------------------------------] 20/93
  val   [#########-------------------------------] 21/93
  val   [#########-------------------------------] 22/93
  val   [#########-------------------------------] 23/93
  val   [##########------------------------------] 24/93
  val   [##########------------------------------] 25/93
  val   [###########-----------------------------] 26/93
  val   [###########-----------------------------] 27/93
  val   [############----------------------------] 28/93
  val   [############----------------------------] 29/93
  val   [############----------------------------] 30/93
  val   [#############---------------------------] 31/93
  val   [#############---------------------------] 32/93
  val   [##############--------------------------] 33/93
  val   [##############--------------------------] 34/93
  val   [###############-------------------------] 35/93
  val   [###############-------------------------] 36/93
  val   [###############-------------------------] 37/93
  val   [################------------------------] 38/93
  val   [################------------------------] 39/93
  val   [#################-----------------------] 40/93
  val   [#################-----------------------] 41/93
  val   [##################----------------------] 42/93
  val   [##################----------------------] 43/93
  val   [##################----------------------] 44/93
  val   [###################---------------------] 45/93
  val   [###################---------------------] 46/93
  val   [####################--------------------] 47/93
  val   [####################--------------------] 48/93
  val   [#####################-------------------] 49/93
  val   [#####################-------------------] 50/93
  val   [#####################-------------------] 51/93
  val   [######################------------------] 52/93
  val   [######################------------------] 53/93
  val   [#######################-----------------] 54/93
  val   [#######################-----------------] 55/93
  val   [########################----------------] 56/93
  val   [########################----------------] 57/93
  val   [########################----------------] 58/93
  val   [#########################---------------] 59/93
  val   [#########################---------------] 60/93
  val   [##########################--------------] 61/93
  val   [##########################--------------] 62/93
  val   [###########################-------------] 63/93
  val   [###########################-------------] 64/93
  val   [###########################-------------] 65/93
  val   [############################------------] 66/93
  val   [############################------------] 67/93
  val   [#############################-----------] 68/93
  val   [#############################-----------] 69/93
  val   [##############################----------] 70/93
  val   [##############################----------] 71/93
  val   [##############################----------] 72/93
  val   [###############################---------] 73/93
  val   [###############################---------] 74/93
  val   [################################--------] 75/93
  val   [################################--------] 76/93
  val   [#################################-------] 77/93
  val   [#################################-------] 78/93
  val   [#################################-------] 79/93
  val   [##################################------] 80/93
  val   [##################################------] 81/93
  val   [###################################-----] 82/93
  val   [###################################-----] 83/93
  val   [####################################----] 84/93
  val   [####################################----] 85/93
  val   [####################################----] 86/93
  val   [#####################################---] 87/93
  val   [#####################################---] 88/93
  val   [######################################--] 89/93
  val   [######################################--] 90/93
  val   [#######################################-] 91/93
  val   [#######################################-] 92/93
  val   [########################################] 93/93
Epoch  24 | train_loss=0.0193 | val_loss=0.6040 | val_acc=0.8697
  train [----------------------------------------] 4/444  loss=0.0183
  train [----------------------------------------] 8/444  loss=0.0131
  train [#---------------------------------------] 12/444  loss=0.0122
  train [#---------------------------------------] 16/444  loss=0.0130
  train [#---------------------------------------] 20/444  loss=0.0140
  train [##--------------------------------------] 24/444  loss=0.0138
  train [##--------------------------------------] 28/444  loss=0.0141
  train [##--------------------------------------] 32/444  loss=0.0144
  train [###-------------------------------------] 36/444  loss=0.0137
  train [###-------------------------------------] 40/444  loss=0.0137
  train [###-------------------------------------] 44/444  loss=0.0142
  train [####------------------------------------] 48/444  loss=0.0141
  train [####------------------------------------] 52/444  loss=0.0144
  train [#####-----------------------------------] 56/444  loss=0.0142
  train [#####-----------------------------------] 60/444  loss=0.0141
  train [#####-----------------------------------] 64/444  loss=0.0146
  train [######----------------------------------] 68/444  loss=0.0142
  train [######----------------------------------] 72/444  loss=0.0141
  train [######----------------------------------] 76/444  loss=0.0147
  train [#######---------------------------------] 80/444  loss=0.0146
  train [#######---------------------------------] 84/444  loss=0.0148
  train [#######---------------------------------] 88/444  loss=0.0146
  train [########--------------------------------] 92/444  loss=0.0147
  train [########--------------------------------] 96/444  loss=0.0146
  train [#########-------------------------------] 100/444  loss=0.0147
  train [#########-------------------------------] 104/444  loss=0.0150
  train [#########-------------------------------] 108/444  loss=0.0147
  train [##########------------------------------] 112/444  loss=0.0147
  train [##########------------------------------] 116/444  loss=0.0147
  train [##########------------------------------] 120/444  loss=0.0148
  train [###########-----------------------------] 124/444  loss=0.0144
  train [###########-----------------------------] 128/444  loss=0.0143
  train [###########-----------------------------] 132/444  loss=0.0144
  train [############----------------------------] 136/444  loss=0.0143
  train [############----------------------------] 140/444  loss=0.0142
  train [############----------------------------] 144/444  loss=0.0143
  train [#############---------------------------] 148/444  loss=0.0143
  train [#############---------------------------] 152/444  loss=0.0145
  train [##############--------------------------] 156/444  loss=0.0146
  train [##############--------------------------] 160/444  loss=0.0149
  train [##############--------------------------] 164/444  loss=0.0147
  train [###############-------------------------] 168/444  loss=0.0148
  train [###############-------------------------] 172/444  loss=0.0148
  train [###############-------------------------] 176/444  loss=0.0150
  train [################------------------------] 180/444  loss=0.0149
  train [################------------------------] 184/444  loss=0.0148
  train [################------------------------] 188/444  loss=0.0151
  train [#################-----------------------] 192/444  loss=0.0150
  train [#################-----------------------] 196/444  loss=0.0151
  train [##################----------------------] 200/444  loss=0.0155
  train [##################----------------------] 204/444  loss=0.0154
  train [##################----------------------] 208/444  loss=0.0153
  train [###################---------------------] 212/444  loss=0.0153
  train [###################---------------------] 216/444  loss=0.0153
  train [###################---------------------] 220/444  loss=0.0153
  train [####################--------------------] 224/444  loss=0.0152
  train [####################--------------------] 228/444  loss=0.0151
  train [####################--------------------] 232/444  loss=0.0151
  train [#####################-------------------] 236/444  loss=0.0151
  train [#####################-------------------] 240/444  loss=0.0152
  train [#####################-------------------] 244/444  loss=0.0150
  train [######################------------------] 248/444  loss=0.0150
  train [######################------------------] 252/444  loss=0.0150
  train [#######################-----------------] 256/444  loss=0.0150
  train [#######################-----------------] 260/444  loss=0.0152
  train [#######################-----------------] 264/444  loss=0.0152
  train [########################----------------] 268/444  loss=0.0151
  train [########################----------------] 272/444  loss=0.0150
  train [########################----------------] 276/444  loss=0.0150
  train [#########################---------------] 280/444  loss=0.0151
  train [#########################---------------] 284/444  loss=0.0150
  train [#########################---------------] 288/444  loss=0.0152
  train [##########################--------------] 292/444  loss=0.0152
  train [##########################--------------] 296/444  loss=0.0153
  train [###########################-------------] 300/444  loss=0.0152
  train [###########################-------------] 304/444  loss=0.0152
  train [###########################-------------] 308/444  loss=0.0151
  train [############################------------] 312/444  loss=0.0152
  train [############################------------] 316/444  loss=0.0152
  train [############################------------] 320/444  loss=0.0152
  train [#############################-----------] 324/444  loss=0.0153
  train [#############################-----------] 328/444  loss=0.0153
  train [#############################-----------] 332/444  loss=0.0152
  train [##############################----------] 336/444  loss=0.0153
  train [##############################----------] 340/444  loss=0.0154
  train [##############################----------] 344/444  loss=0.0158
  train [###############################---------] 348/444  loss=0.0157
  train [###############################---------] 352/444  loss=0.0157
  train [################################--------] 356/444  loss=0.0159
  train [################################--------] 360/444  loss=0.0159
  train [################################--------] 364/444  loss=0.0159
  train [#################################-------] 368/444  loss=0.0160
  train [#################################-------] 372/444  loss=0.0160
  train [#################################-------] 376/444  loss=0.0160
  train [##################################------] 380/444  loss=0.0159
  train [##################################------] 384/444  loss=0.0160
  train [##################################------] 388/444  loss=0.0159
  train [###################################-----] 392/444  loss=0.0159
  train [###################################-----] 396/444  loss=0.0159
  train [####################################----] 400/444  loss=0.0159
  train [####################################----] 404/444  loss=0.0158
  train [####################################----] 408/444  loss=0.0159
  train [#####################################---] 412/444  loss=0.0159
  train [#####################################---] 416/444  loss=0.0159
  train [#####################################---] 420/444  loss=0.0160
  train [######################################--] 424/444  loss=0.0160
  train [######################################--] 428/444  loss=0.0160
  train [######################################--] 432/444  loss=0.0160
  train [#######################################-] 436/444  loss=0.0159
  train [#######################################-] 440/444  loss=0.0159
  train [########################################] 444/444  loss=0.0159
  val   [----------------------------------------] 1/93
  val   [----------------------------------------] 2/93
  val   [#---------------------------------------] 3/93
  val   [#---------------------------------------] 4/93
  val   [##--------------------------------------] 5/93
  val   [##--------------------------------------] 6/93
  val   [###-------------------------------------] 7/93
  val   [###-------------------------------------] 8/93
  val   [###-------------------------------------] 9/93
  val   [####------------------------------------] 10/93
  val   [####------------------------------------] 11/93
  val   [#####-----------------------------------] 12/93
  val   [#####-----------------------------------] 13/93
  val   [######----------------------------------] 14/93
  val   [######----------------------------------] 15/93
  val   [######----------------------------------] 16/93
  val   [#######---------------------------------] 17/93
  val   [#######---------------------------------] 18/93
  val   [########--------------------------------] 19/93
  val   [########--------------------------------] 20/93
  val   [#########-------------------------------] 21/93
  val   [#########-------------------------------] 22/93
  val   [#########-------------------------------] 23/93
  val   [##########------------------------------] 24/93
  val   [##########------------------------------] 25/93
  val   [###########-----------------------------] 26/93
  val   [###########-----------------------------] 27/93
  val   [############----------------------------] 28/93
  val   [############----------------------------] 29/93
  val   [############----------------------------] 30/93
  val   [#############---------------------------] 31/93
  val   [#############---------------------------] 32/93
  val   [##############--------------------------] 33/93
  val   [##############--------------------------] 34/93
  val   [###############-------------------------] 35/93
  val   [###############-------------------------] 36/93
  val   [###############-------------------------] 37/93
  val   [################------------------------] 38/93
  val   [################------------------------] 39/93
  val   [#################-----------------------] 40/93
  val   [#################-----------------------] 41/93
  val   [##################----------------------] 42/93
  val   [##################----------------------] 43/93
  val   [##################----------------------] 44/93
  val   [###################---------------------] 45/93
  val   [###################---------------------] 46/93
  val   [####################--------------------] 47/93
  val   [####################--------------------] 48/93
  val   [#####################-------------------] 49/93
  val   [#####################-------------------] 50/93
  val   [#####################-------------------] 51/93
  val   [######################------------------] 52/93
  val   [######################------------------] 53/93
  val   [#######################-----------------] 54/93
  val   [#######################-----------------] 55/93
  val   [########################----------------] 56/93
  val   [########################----------------] 57/93
  val   [########################----------------] 58/93
  val   [#########################---------------] 59/93
  val   [#########################---------------] 60/93
  val   [##########################--------------] 61/93
  val   [##########################--------------] 62/93
  val   [###########################-------------] 63/93
  val   [###########################-------------] 64/93
  val   [###########################-------------] 65/93
  val   [############################------------] 66/93
  val   [############################------------] 67/93
  val   [#############################-----------] 68/93
  val   [#############################-----------] 69/93
  val   [##############################----------] 70/93
  val   [##############################----------] 71/93
  val   [##############################----------] 72/93
  val   [###############################---------] 73/93
  val   [###############################---------] 74/93
  val   [################################--------] 75/93
  val   [################################--------] 76/93
  val   [#################################-------] 77/93
  val   [#################################-------] 78/93
  val   [#################################-------] 79/93
  val   [##################################------] 80/93
  val   [##################################------] 81/93
  val   [###################################-----] 82/93
  val   [###################################-----] 83/93
  val   [####################################----] 84/93
  val   [####################################----] 85/93
  val   [####################################----] 86/93
  val   [#####################################---] 87/93
  val   [#####################################---] 88/93
  val   [######################################--] 89/93
  val   [######################################--] 90/93
  val   [#######################################-] 91/93
  val   [#######################################-] 92/93
  val   [########################################] 93/93
Epoch  25 | train_loss=0.0159 | val_loss=0.6023 | val_acc=0.8724
  train [----------------------------------------] 4/444  loss=0.0161
  train [----------------------------------------] 8/444  loss=0.0167
  train [#---------------------------------------] 12/444  loss=0.0168
  train [#---------------------------------------] 16/444  loss=0.0162
  train [#---------------------------------------] 20/444  loss=0.0168
  train [##--------------------------------------] 24/444  loss=0.0177
  train [##--------------------------------------] 28/444  loss=0.0171
  train [##--------------------------------------] 32/444  loss=0.0171
  train [###-------------------------------------] 36/444  loss=0.0166
  train [###-------------------------------------] 40/444  loss=0.0182
  train [###-------------------------------------] 44/444  loss=0.0176
  train [####------------------------------------] 48/444  loss=0.0193
  train [####------------------------------------] 52/444  loss=0.0199
  train [#####-----------------------------------] 56/444  loss=0.0201
  train [#####-----------------------------------] 60/444  loss=0.0205
  train [#####-----------------------------------] 64/444  loss=0.0201
  train [######----------------------------------] 68/444  loss=0.0196
  train [######----------------------------------] 72/444  loss=0.0191
  train [######----------------------------------] 76/444  loss=0.0190
  train [#######---------------------------------] 80/444  loss=0.0190
  train [#######---------------------------------] 84/444  loss=0.0186
  train [#######---------------------------------] 88/444  loss=0.0186
  train [########--------------------------------] 92/444  loss=0.0198
  train [########--------------------------------] 96/444  loss=0.0197
  train [#########-------------------------------] 100/444  loss=0.0194
  train [#########-------------------------------] 104/444  loss=0.0192
  train [#########-------------------------------] 108/444  loss=0.0188
  train [##########------------------------------] 112/444  loss=0.0186
  train [##########------------------------------] 116/444  loss=0.0186
  train [##########------------------------------] 120/444  loss=0.0184
  train [###########-----------------------------] 124/444  loss=0.0183
  train [###########-----------------------------] 128/444  loss=0.0184
  train [###########-----------------------------] 132/444  loss=0.0182
  train [############----------------------------] 136/444  loss=0.0181
  train [############----------------------------] 140/444  loss=0.0180
  train [############----------------------------] 144/444  loss=0.0180
  train [#############---------------------------] 148/444  loss=0.0178
  train [#############---------------------------] 152/444  loss=0.0177
  train [##############--------------------------] 156/444  loss=0.0176
  train [##############--------------------------] 160/444  loss=0.0174
  train [##############--------------------------] 164/444  loss=0.0173
  train [###############-------------------------] 168/444  loss=0.0173
  train [###############-------------------------] 172/444  loss=0.0172
  train [###############-------------------------] 176/444  loss=0.0172
  train [################------------------------] 180/444  loss=0.0170
  train [################------------------------] 184/444  loss=0.0170
  train [################------------------------] 188/444  loss=0.0167
  train [#################-----------------------] 192/444  loss=0.0166
  train [#################-----------------------] 196/444  loss=0.0168
  train [##################----------------------] 200/444  loss=0.0169
  train [##################----------------------] 204/444  loss=0.0171
  train [##################----------------------] 208/444  loss=0.0172
  train [###################---------------------] 212/444  loss=0.0171
  train [###################---------------------] 216/444  loss=0.0170
  train [###################---------------------] 220/444  loss=0.0171
  train [####################--------------------] 224/444  loss=0.0171
  train [####################--------------------] 228/444  loss=0.0170
  train [####################--------------------] 232/444  loss=0.0169
  train [#####################-------------------] 236/444  loss=0.0169
  train [#####################-------------------] 240/444  loss=0.0172
  train [#####################-------------------] 244/444  loss=0.0171
  train [######################------------------] 248/444  loss=0.0169
  train [######################------------------] 252/444  loss=0.0169
  train [#######################-----------------] 256/444  loss=0.0169
  train [#######################-----------------] 260/444  loss=0.0168
  train [#######################-----------------] 264/444  loss=0.0168
  train [########################----------------] 268/444  loss=0.0168
  train [########################----------------] 272/444  loss=0.0168
  train [########################----------------] 276/444  loss=0.0167
  train [#########################---------------] 280/444  loss=0.0166
  train [#########################---------------] 284/444  loss=0.0165
  train [#########################---------------] 288/444  loss=0.0169
  train [##########################--------------] 292/444  loss=0.0168
  train [##########################--------------] 296/444  loss=0.0169
  train [###########################-------------] 300/444  loss=0.0170
  train [###########################-------------] 304/444  loss=0.0169
  train [###########################-------------] 308/444  loss=0.0168
  train [############################------------] 312/444  loss=0.0168
  train [############################------------] 316/444  loss=0.0168
  train [############################------------] 320/444  loss=0.0167
  train [#############################-----------] 324/444  loss=0.0166
  train [#############################-----------] 328/444  loss=0.0166
  train [#############################-----------] 332/444  loss=0.0165
  train [##############################----------] 336/444  loss=0.0164
  train [##############################----------] 340/444  loss=0.0165
  train [##############################----------] 344/444  loss=0.0165
  train [###############################---------] 348/444  loss=0.0165
  train [###############################---------] 352/444  loss=0.0165
  train [################################--------] 356/444  loss=0.0165
  train [################################--------] 360/444  loss=0.0164
  train [################################--------] 364/444  loss=0.0164
  train [#################################-------] 368/444  loss=0.0164
  train [#################################-------] 372/444  loss=0.0164
  train [#################################-------] 376/444  loss=0.0164
  train [##################################------] 380/444  loss=0.0165
  train [##################################------] 384/444  loss=0.0166
  train [##################################------] 388/444  loss=0.0166
  train [###################################-----] 392/444  loss=0.0166
  train [###################################-----] 396/444  loss=0.0166
  train [####################################----] 400/444  loss=0.0166
  train [####################################----] 404/444  loss=0.0166
  train [####################################----] 408/444  loss=0.0166
  train [#####################################---] 412/444  loss=0.0165
  train [#####################################---] 416/444  loss=0.0166
  train [#####################################---] 420/444  loss=0.0167
  train [######################################--] 424/444  loss=0.0166
  train [######################################--] 428/444  loss=0.0168
  train [######################################--] 432/444  loss=0.0167
  train [#######################################-] 436/444  loss=0.0169
  train [#######################################-] 440/444  loss=0.0168
  train [########################################] 444/444  loss=0.0168
  val   [----------------------------------------] 1/93
  val   [----------------------------------------] 2/93
  val   [#---------------------------------------] 3/93
  val   [#---------------------------------------] 4/93
  val   [##--------------------------------------] 5/93
  val   [##--------------------------------------] 6/93
  val   [###-------------------------------------] 7/93
  val   [###-------------------------------------] 8/93
  val   [###-------------------------------------] 9/93
  val   [####------------------------------------] 10/93
  val   [####------------------------------------] 11/93
  val   [#####-----------------------------------] 12/93
  val   [#####-----------------------------------] 13/93
  val   [######----------------------------------] 14/93
  val   [######----------------------------------] 15/93
  val   [######----------------------------------] 16/93
  val   [#######---------------------------------] 17/93
  val   [#######---------------------------------] 18/93
  val   [########--------------------------------] 19/93
  val   [########--------------------------------] 20/93
  val   [#########-------------------------------] 21/93
  val   [#########-------------------------------] 22/93
  val   [#########-------------------------------] 23/93
  val   [##########------------------------------] 24/93
  val   [##########------------------------------] 25/93
  val   [###########-----------------------------] 26/93
  val   [###########-----------------------------] 27/93
  val   [############----------------------------] 28/93
  val   [############----------------------------] 29/93
  val   [############----------------------------] 30/93
  val   [#############---------------------------] 31/93
  val   [#############---------------------------] 32/93
  val   [##############--------------------------] 33/93
  val   [##############--------------------------] 34/93
  val   [###############-------------------------] 35/93
  val   [###############-------------------------] 36/93
  val   [###############-------------------------] 37/93
  val   [################------------------------] 38/93
  val   [################------------------------] 39/93
  val   [#################-----------------------] 40/93
  val   [#################-----------------------] 41/93
  val   [##################----------------------] 42/93
  val   [##################----------------------] 43/93
  val   [##################----------------------] 44/93
  val   [###################---------------------] 45/93
  val   [###################---------------------] 46/93
  val   [####################--------------------] 47/93
  val   [####################--------------------] 48/93
  val   [#####################-------------------] 49/93
  val   [#####################-------------------] 50/93
  val   [#####################-------------------] 51/93
  val   [######################------------------] 52/93
  val   [######################------------------] 53/93
  val   [#######################-----------------] 54/93
  val   [#######################-----------------] 55/93
  val   [########################----------------] 56/93
  val   [########################----------------] 57/93
  val   [########################----------------] 58/93
  val   [#########################---------------] 59/93
  val   [#########################---------------] 60/93
  val   [##########################--------------] 61/93
  val   [##########################--------------] 62/93
  val   [###########################-------------] 63/93
  val   [###########################-------------] 64/93
  val   [###########################-------------] 65/93
  val   [############################------------] 66/93
  val   [############################------------] 67/93
  val   [#############################-----------] 68/93
  val   [#############################-----------] 69/93
  val   [##############################----------] 70/93
  val   [##############################----------] 71/93
  val   [##############################----------] 72/93
  val   [###############################---------] 73/93
  val   [###############################---------] 74/93
  val   [################################--------] 75/93
  val   [################################--------] 76/93
  val   [#################################-------] 77/93
  val   [#################################-------] 78/93
  val   [#################################-------] 79/93
  val   [##################################------] 80/93
  val   [##################################------] 81/93
  val   [###################################-----] 82/93
  val   [###################################-----] 83/93
  val   [####################################----] 84/93
  val   [####################################----] 85/93
  val   [####################################----] 86/93
  val   [#####################################---] 87/93
  val   [#####################################---] 88/93
  val   [######################################--] 89/93
  val   [######################################--] 90/93
  val   [#######################################-] 91/93
  val   [#######################################-] 92/93
  val   [########################################] 93/93
Epoch  26 | train_loss=0.0169 | val_loss=0.6018 | val_acc=0.8717
  train [----------------------------------------] 4/444  loss=0.0215
  train [----------------------------------------] 8/444  loss=0.0201
  train [#---------------------------------------] 12/444  loss=0.0169
  train [#---------------------------------------] 16/444  loss=0.0154
  train [#---------------------------------------] 20/444  loss=0.0148
  train [##--------------------------------------] 24/444  loss=0.0134
  train [##--------------------------------------] 28/444  loss=0.0137
  train [##--------------------------------------] 32/444  loss=0.0130
  train [###-------------------------------------] 36/444  loss=0.0127
  train [###-------------------------------------] 40/444  loss=0.0129
  train [###-------------------------------------] 44/444  loss=0.0131
  train [####------------------------------------] 48/444  loss=0.0126
  train [####------------------------------------] 52/444  loss=0.0126
  train [#####-----------------------------------] 56/444  loss=0.0125
  train [#####-----------------------------------] 60/444  loss=0.0143
  train [#####-----------------------------------] 64/444  loss=0.0143
  train [######----------------------------------] 68/444  loss=0.0146
  train [######----------------------------------] 72/444  loss=0.0142
  train [######----------------------------------] 76/444  loss=0.0140
  train [#######---------------------------------] 80/444  loss=0.0140
  train [#######---------------------------------] 84/444  loss=0.0139
  train [#######---------------------------------] 88/444  loss=0.0141
  train [########--------------------------------] 92/444  loss=0.0150
  train [########--------------------------------] 96/444  loss=0.0148
  train [#########-------------------------------] 100/444  loss=0.0147
  train [#########-------------------------------] 104/444  loss=0.0151
  train [#########-------------------------------] 108/444  loss=0.0154
  train [##########------------------------------] 112/444  loss=0.0158
  train [##########------------------------------] 116/444  loss=0.0162
  train [##########------------------------------] 120/444  loss=0.0161
  train [###########-----------------------------] 124/444  loss=0.0162
  train [###########-----------------------------] 128/444  loss=0.0160
  train [###########-----------------------------] 132/444  loss=0.0164
  train [############----------------------------] 136/444  loss=0.0161
  train [############----------------------------] 140/444  loss=0.0162
  train [############----------------------------] 144/444  loss=0.0160
  train [#############---------------------------] 148/444  loss=0.0160
  train [#############---------------------------] 152/444  loss=0.0159
  train [##############--------------------------] 156/444  loss=0.0160
  train [##############--------------------------] 160/444  loss=0.0160
  train [##############--------------------------] 164/444  loss=0.0159
  train [###############-------------------------] 168/444  loss=0.0157
  train [###############-------------------------] 172/444  loss=0.0157
  train [###############-------------------------] 176/444  loss=0.0155
  train [################------------------------] 180/444  loss=0.0156
  train [################------------------------] 184/444  loss=0.0156
  train [################------------------------] 188/444  loss=0.0156
  train [#################-----------------------] 192/444  loss=0.0158
  train [#################-----------------------] 196/444  loss=0.0156
  train [##################----------------------] 200/444  loss=0.0156
  train [##################----------------------] 204/444  loss=0.0156
  train [##################----------------------] 208/444  loss=0.0157
  train [###################---------------------] 212/444  loss=0.0155
  train [###################---------------------] 216/444  loss=0.0156
  train [###################---------------------] 220/444  loss=0.0154
  train [####################--------------------] 224/444  loss=0.0155
  train [####################--------------------] 228/444  loss=0.0155
  train [####################--------------------] 232/444  loss=0.0154
  train [#####################-------------------] 236/444  loss=0.0154
  train [#####################-------------------] 240/444  loss=0.0153
  train [#####################-------------------] 244/444  loss=0.0157
  train [######################------------------] 248/444  loss=0.0158
  train [######################------------------] 252/444  loss=0.0156
  train [#######################-----------------] 256/444  loss=0.0158
  train [#######################-----------------] 260/444  loss=0.0159
  train [#######################-----------------] 264/444  loss=0.0158
  train [########################----------------] 268/444  loss=0.0157
  train [########################----------------] 272/444  loss=0.0156
  train [########################----------------] 276/444  loss=0.0155
  train [#########################---------------] 280/444  loss=0.0155
  train [#########################---------------] 284/444  loss=0.0154
  train [#########################---------------] 288/444  loss=0.0153
  train [##########################--------------] 292/444  loss=0.0152
  train [##########################--------------] 296/444  loss=0.0151
  train [###########################-------------] 300/444  loss=0.0151
  train [###########################-------------] 304/444  loss=0.0151
  train [###########################-------------] 308/444  loss=0.0151
  train [############################------------] 312/444  loss=0.0151
  train [############################------------] 316/444  loss=0.0152
  train [############################------------] 320/444  loss=0.0153
  train [#############################-----------] 324/444  loss=0.0153
  train [#############################-----------] 328/444  loss=0.0152
  train [#############################-----------] 332/444  loss=0.0152
  train [##############################----------] 336/444  loss=0.0152
  train [##############################----------] 340/444  loss=0.0152
  train [##############################----------] 344/444  loss=0.0153
  train [###############################---------] 348/444  loss=0.0152
  train [###############################---------] 352/444  loss=0.0152
  train [################################--------] 356/444  loss=0.0151
  train [################################--------] 360/444  loss=0.0151
  train [################################--------] 364/444  loss=0.0152
  train [#################################-------] 368/444  loss=0.0151
  train [#################################-------] 372/444  loss=0.0153
  train [#################################-------] 376/444  loss=0.0152
  train [##################################------] 380/444  loss=0.0153
  train [##################################------] 384/444  loss=0.0153
  train [##################################------] 388/444  loss=0.0153
  train [###################################-----] 392/444  loss=0.0153
  train [###################################-----] 396/444  loss=0.0152
  train [####################################----] 400/444  loss=0.0152
  train [####################################----] 404/444  loss=0.0152
  train [####################################----] 408/444  loss=0.0152
  train [#####################################---] 412/444  loss=0.0152
  train [#####################################---] 416/444  loss=0.0154
  train [#####################################---] 420/444  loss=0.0153
  train [######################################--] 424/444  loss=0.0154
  train [######################################--] 428/444  loss=0.0154
  train [######################################--] 432/444  loss=0.0153
  train [#######################################-] 436/444  loss=0.0153
  train [#######################################-] 440/444  loss=0.0153
  train [########################################] 444/444  loss=0.0154
  val   [----------------------------------------] 1/93
  val   [----------------------------------------] 2/93
  val   [#---------------------------------------] 3/93
  val   [#---------------------------------------] 4/93
  val   [##--------------------------------------] 5/93
  val   [##--------------------------------------] 6/93
  val   [###-------------------------------------] 7/93
  val   [###-------------------------------------] 8/93
  val   [###-------------------------------------] 9/93
  val   [####------------------------------------] 10/93
  val   [####------------------------------------] 11/93
  val   [#####-----------------------------------] 12/93
  val   [#####-----------------------------------] 13/93
  val   [######----------------------------------] 14/93
  val   [######----------------------------------] 15/93
  val   [######----------------------------------] 16/93
  val   [#######---------------------------------] 17/93
  val   [#######---------------------------------] 18/93
  val   [########--------------------------------] 19/93
  val   [########--------------------------------] 20/93
  val   [#########-------------------------------] 21/93
  val   [#########-------------------------------] 22/93
  val   [#########-------------------------------] 23/93
  val   [##########------------------------------] 24/93
  val   [##########------------------------------] 25/93
  val   [###########-----------------------------] 26/93
  val   [###########-----------------------------] 27/93
  val   [############----------------------------] 28/93
  val   [############----------------------------] 29/93
  val   [############----------------------------] 30/93
  val   [#############---------------------------] 31/93
  val   [#############---------------------------] 32/93
  val   [##############--------------------------] 33/93
  val   [##############--------------------------] 34/93
  val   [###############-------------------------] 35/93
  val   [###############-------------------------] 36/93
  val   [###############-------------------------] 37/93
  val   [################------------------------] 38/93
  val   [################------------------------] 39/93
  val   [#################-----------------------] 40/93
  val   [#################-----------------------] 41/93
  val   [##################----------------------] 42/93
  val   [##################----------------------] 43/93
  val   [##################----------------------] 44/93
  val   [###################---------------------] 45/93
  val   [###################---------------------] 46/93
  val   [####################--------------------] 47/93
  val   [####################--------------------] 48/93
  val   [#####################-------------------] 49/93
  val   [#####################-------------------] 50/93
  val   [#####################-------------------] 51/93
  val   [######################------------------] 52/93
  val   [######################------------------] 53/93
  val   [#######################-----------------] 54/93
  val   [#######################-----------------] 55/93
  val   [########################----------------] 56/93
  val   [########################----------------] 57/93
  val   [########################----------------] 58/93
  val   [#########################---------------] 59/93
  val   [#########################---------------] 60/93
  val   [##########################--------------] 61/93
  val   [##########################--------------] 62/93
  val   [###########################-------------] 63/93
  val   [###########################-------------] 64/93
  val   [###########################-------------] 65/93
  val   [############################------------] 66/93
  val   [############################------------] 67/93
  val   [#############################-----------] 68/93
  val   [#############################-----------] 69/93
  val   [##############################----------] 70/93
  val   [##############################----------] 71/93
  val   [##############################----------] 72/93
  val   [###############################---------] 73/93
  val   [###############################---------] 74/93
  val   [################################--------] 75/93
  val   [################################--------] 76/93
  val   [#################################-------] 77/93
  val   [#################################-------] 78/93
  val   [#################################-------] 79/93
  val   [##################################------] 80/93
  val   [##################################------] 81/93
  val   [###################################-----] 82/93
  val   [###################################-----] 83/93
  val   [####################################----] 84/93
  val   [####################################----] 85/93
  val   [####################################----] 86/93
  val   [#####################################---] 87/93
  val   [#####################################---] 88/93
  val   [######################################--] 89/93
  val   [######################################--] 90/93
  val   [#######################################-] 91/93
  val   [#######################################-] 92/93
  val   [########################################] 93/93
Epoch  27 | train_loss=0.0154 | val_loss=0.5980 | val_acc=0.8731
  -> best model saved (val_loss=0.5980)
  train [----------------------------------------] 4/444  loss=0.0093
  train [----------------------------------------] 8/444  loss=0.0165
  train [#---------------------------------------] 12/444  loss=0.0150
  train [#---------------------------------------] 16/444  loss=0.0135
  train [#---------------------------------------] 20/444  loss=0.0152
  train [##--------------------------------------] 24/444  loss=0.0142
  train [##--------------------------------------] 28/444  loss=0.0150
  train [##--------------------------------------] 32/444  loss=0.0148
  train [###-------------------------------------] 36/444  loss=0.0150
  train [###-------------------------------------] 40/444  loss=0.0152
  train [###-------------------------------------] 44/444  loss=0.0149
  train [####------------------------------------] 48/444  loss=0.0146
  train [####------------------------------------] 52/444  loss=0.0147
  train [#####-----------------------------------] 56/444  loss=0.0147
  train [#####-----------------------------------] 60/444  loss=0.0145
  train [#####-----------------------------------] 64/444  loss=0.0145
  train [######----------------------------------] 68/444  loss=0.0148
  train [######----------------------------------] 72/444  loss=0.0152
  train [######----------------------------------] 76/444  loss=0.0148
  train [#######---------------------------------] 80/444  loss=0.0145
  train [#######---------------------------------] 84/444  loss=0.0174
  train [#######---------------------------------] 88/444  loss=0.0177
  train [########--------------------------------] 92/444  loss=0.0172
  train [########--------------------------------] 96/444  loss=0.0172
  train [#########-------------------------------] 100/444  loss=0.0169
  train [#########-------------------------------] 104/444  loss=0.0169
  train [#########-------------------------------] 108/444  loss=0.0169
  train [##########------------------------------] 112/444  loss=0.0168
  train [##########------------------------------] 116/444  loss=0.0171
  train [##########------------------------------] 120/444  loss=0.0173
  train [###########-----------------------------] 124/444  loss=0.0173
  train [###########-----------------------------] 128/444  loss=0.0171
  train [###########-----------------------------] 132/444  loss=0.0172
  train [############----------------------------] 136/444  loss=0.0171
  train [############----------------------------] 140/444  loss=0.0168
  train [############----------------------------] 144/444  loss=0.0167
  train [#############---------------------------] 148/444  loss=0.0165
  train [#############---------------------------] 152/444  loss=0.0163
  train [##############--------------------------] 156/444  loss=0.0162
  train [##############--------------------------] 160/444  loss=0.0161
  train [##############--------------------------] 164/444  loss=0.0160
  train [###############-------------------------] 168/444  loss=0.0159
  train [###############-------------------------] 172/444  loss=0.0158
  train [###############-------------------------] 176/444  loss=0.0157
  train [################------------------------] 180/444  loss=0.0160
  train [################------------------------] 184/444  loss=0.0159
  train [################------------------------] 188/444  loss=0.0160
  train [#################-----------------------] 192/444  loss=0.0159
  train [#################-----------------------] 196/444  loss=0.0158
  train [##################----------------------] 200/444  loss=0.0157
  train [##################----------------------] 204/444  loss=0.0156
  train [##################----------------------] 208/444  loss=0.0155
  train [###################---------------------] 212/444  loss=0.0156
  train [###################---------------------] 216/444  loss=0.0156
  train [###################---------------------] 220/444  loss=0.0155
  train [####################--------------------] 224/444  loss=0.0156
  train [####################--------------------] 228/444  loss=0.0155
  train [####################--------------------] 232/444  loss=0.0154
  train [#####################-------------------] 236/444  loss=0.0154
  train [#####################-------------------] 240/444  loss=0.0153
  train [#####################-------------------] 244/444  loss=0.0152
  train [######################------------------] 248/444  loss=0.0154
  train [######################------------------] 252/444  loss=0.0154
  train [#######################-----------------] 256/444  loss=0.0154
  train [#######################-----------------] 260/444  loss=0.0154
  train [#######################-----------------] 264/444  loss=0.0153
  train [########################----------------] 268/444  loss=0.0153
  train [########################----------------] 272/444  loss=0.0152
  train [########################----------------] 276/444  loss=0.0152
  train [#########################---------------] 280/444  loss=0.0153
  train [#########################---------------] 284/444  loss=0.0152
  train [#########################---------------] 288/444  loss=0.0152
  train [##########################--------------] 292/444  loss=0.0152
  train [##########################--------------] 296/444  loss=0.0151
  train [###########################-------------] 300/444  loss=0.0151
  train [###########################-------------] 304/444  loss=0.0151
  train [###########################-------------] 308/444  loss=0.0151
  train [############################------------] 312/444  loss=0.0150
  train [############################------------] 316/444  loss=0.0149
  train [############################------------] 320/444  loss=0.0150
  train [#############################-----------] 324/444  loss=0.0150
  train [#############################-----------] 328/444  loss=0.0150
  train [#############################-----------] 332/444  loss=0.0151
  train [##############################----------] 336/444  loss=0.0150
  train [##############################----------] 340/444  loss=0.0149
  train [##############################----------] 344/444  loss=0.0150
  train [###############################---------] 348/444  loss=0.0149
  train [###############################---------] 352/444  loss=0.0149
  train [################################--------] 356/444  loss=0.0148
  train [################################--------] 360/444  loss=0.0149
  train [################################--------] 364/444  loss=0.0148
  train [#################################-------] 368/444  loss=0.0149
  train [#################################-------] 372/444  loss=0.0149
  train [#################################-------] 376/444  loss=0.0149
  train [##################################------] 380/444  loss=0.0148
  train [##################################------] 384/444  loss=0.0148
  train [##################################------] 388/444  loss=0.0148
  train [###################################-----] 392/444  loss=0.0148
  train [###################################-----] 396/444  loss=0.0148
  train [####################################----] 400/444  loss=0.0149
  train [####################################----] 404/444  loss=0.0150
  train [####################################----] 408/444  loss=0.0149
  train [#####################################---] 412/444  loss=0.0150
  train [#####################################---] 416/444  loss=0.0150
  train [#####################################---] 420/444  loss=0.0150
  train [######################################--] 424/444  loss=0.0152
  train [######################################--] 428/444  loss=0.0151
  train [######################################--] 432/444  loss=0.0151
  train [#######################################-] 436/444  loss=0.0150
  train [#######################################-] 440/444  loss=0.0150
  train [########################################] 444/444  loss=0.0150
  val   [----------------------------------------] 1/93
  val   [----------------------------------------] 2/93
  val   [#---------------------------------------] 3/93
  val   [#---------------------------------------] 4/93
  val   [##--------------------------------------] 5/93
  val   [##--------------------------------------] 6/93
  val   [###-------------------------------------] 7/93
  val   [###-------------------------------------] 8/93
  val   [###-------------------------------------] 9/93
  val   [####------------------------------------] 10/93
  val   [####------------------------------------] 11/93
  val   [#####-----------------------------------] 12/93
  val   [#####-----------------------------------] 13/93
  val   [######----------------------------------] 14/93
  val   [######----------------------------------] 15/93
  val   [######----------------------------------] 16/93
  val   [#######---------------------------------] 17/93
  val   [#######---------------------------------] 18/93
  val   [########--------------------------------] 19/93
  val   [########--------------------------------] 20/93
  val   [#########-------------------------------] 21/93
  val   [#########-------------------------------] 22/93
  val   [#########-------------------------------] 23/93
  val   [##########------------------------------] 24/93
  val   [##########------------------------------] 25/93
  val   [###########-----------------------------] 26/93
  val   [###########-----------------------------] 27/93
  val   [############----------------------------] 28/93
  val   [############----------------------------] 29/93
  val   [############----------------------------] 30/93
  val   [#############---------------------------] 31/93
  val   [#############---------------------------] 32/93
  val   [##############--------------------------] 33/93
  val   [##############--------------------------] 34/93
  val   [###############-------------------------] 35/93
  val   [###############-------------------------] 36/93
  val   [###############-------------------------] 37/93
  val   [################------------------------] 38/93
  val   [################------------------------] 39/93
  val   [#################-----------------------] 40/93
  val   [#################-----------------------] 41/93
  val   [##################----------------------] 42/93
  val   [##################----------------------] 43/93
  val   [##################----------------------] 44/93
  val   [###################---------------------] 45/93
  val   [###################---------------------] 46/93
  val   [####################--------------------] 47/93
  val   [####################--------------------] 48/93
  val   [#####################-------------------] 49/93
  val   [#####################-------------------] 50/93
  val   [#####################-------------------] 51/93
  val   [######################------------------] 52/93
  val   [######################------------------] 53/93
  val   [#######################-----------------] 54/93
  val   [#######################-----------------] 55/93
  val   [########################----------------] 56/93
  val   [########################----------------] 57/93
  val   [########################----------------] 58/93
  val   [#########################---------------] 59/93
  val   [#########################---------------] 60/93
  val   [##########################--------------] 61/93
  val   [##########################--------------] 62/93
  val   [###########################-------------] 63/93
  val   [###########################-------------] 64/93
  val   [###########################-------------] 65/93
  val   [############################------------] 66/93
  val   [############################------------] 67/93
  val   [#############################-----------] 68/93
  val   [#############################-----------] 69/93
  val   [##############################----------] 70/93
  val   [##############################----------] 71/93
  val   [##############################----------] 72/93
  val   [###############################---------] 73/93
  val   [###############################---------] 74/93
  val   [################################--------] 75/93
  val   [################################--------] 76/93
  val   [#################################-------] 77/93
  val   [#################################-------] 78/93
  val   [#################################-------] 79/93
  val   [##################################------] 80/93
  val   [##################################------] 81/93
  val   [###################################-----] 82/93
  val   [###################################-----] 83/93
  val   [####################################----] 84/93
  val   [####################################----] 85/93
  val   [####################################----] 86/93
  val   [#####################################---] 87/93
  val   [#####################################---] 88/93
  val   [######################################--] 89/93
  val   [######################################--] 90/93
  val   [#######################################-] 91/93
  val   [#######################################-] 92/93
  val   [########################################] 93/93
Epoch  28 | train_loss=0.0150 | val_loss=0.5902 | val_acc=0.8748
  -> best model saved (val_loss=0.5902)
  train [----------------------------------------] 4/444  loss=0.0061
  train [----------------------------------------] 8/444  loss=0.0088
  train [#---------------------------------------] 12/444  loss=0.0100
  train [#---------------------------------------] 16/444  loss=0.0103
  train [#---------------------------------------] 20/444  loss=0.0108
  train [##--------------------------------------] 24/444  loss=0.0107
  train [##--------------------------------------] 28/444  loss=0.0108
  train [##--------------------------------------] 32/444  loss=0.0120
  train [###-------------------------------------] 36/444  loss=0.0114
  train [###-------------------------------------] 40/444  loss=0.0115
  train [###-------------------------------------] 44/444  loss=0.0112
  train [####------------------------------------] 48/444  loss=0.0115
  train [####------------------------------------] 52/444  loss=0.0116
  train [#####-----------------------------------] 56/444  loss=0.0120
  train [#####-----------------------------------] 60/444  loss=0.0119
  train [#####-----------------------------------] 64/444  loss=0.0121
  train [######----------------------------------] 68/444  loss=0.0119
  train [######----------------------------------] 72/444  loss=0.0121
  train [######----------------------------------] 76/444  loss=0.0129
  train [#######---------------------------------] 80/444  loss=0.0129
  train [#######---------------------------------] 84/444  loss=0.0129
  train [#######---------------------------------] 88/444  loss=0.0127
  train [########--------------------------------] 92/444  loss=0.0128
  train [########--------------------------------] 96/444  loss=0.0129
  train [#########-------------------------------] 100/444  loss=0.0128
  train [#########-------------------------------] 104/444  loss=0.0127
  train [#########-------------------------------] 108/444  loss=0.0131
  train [##########------------------------------] 112/444  loss=0.0129
  train [##########------------------------------] 116/444  loss=0.0129
  train [##########------------------------------] 120/444  loss=0.0131
  train [###########-----------------------------] 124/444  loss=0.0129
  train [###########-----------------------------] 128/444  loss=0.0131
  train [###########-----------------------------] 132/444  loss=0.0130
  train [############----------------------------] 136/444  loss=0.0131
  train [############----------------------------] 140/444  loss=0.0131
  train [############----------------------------] 144/444  loss=0.0129
  train [#############---------------------------] 148/444  loss=0.0130
  train [#############---------------------------] 152/444  loss=0.0129
  train [##############--------------------------] 156/444  loss=0.0129
  train [##############--------------------------] 160/444  loss=0.0129
  train [##############--------------------------] 164/444  loss=0.0130
  train [###############-------------------------] 168/444  loss=0.0133
  train [###############-------------------------] 172/444  loss=0.0132
  train [###############-------------------------] 176/444  loss=0.0132
  train [################------------------------] 180/444  loss=0.0130
  train [################------------------------] 184/444  loss=0.0130
  train [################------------------------] 188/444  loss=0.0131
  train [#################-----------------------] 192/444  loss=0.0131
  train [#################-----------------------] 196/444  loss=0.0132
  train [##################----------------------] 200/444  loss=0.0132
  train [##################----------------------] 204/444  loss=0.0131
  train [##################----------------------] 208/444  loss=0.0130
  train [###################---------------------] 212/444  loss=0.0131
  train [###################---------------------] 216/444  loss=0.0132
  train [###################---------------------] 220/444  loss=0.0132
  train [####################--------------------] 224/444  loss=0.0132
  train [####################--------------------] 228/444  loss=0.0135
  train [####################--------------------] 232/444  loss=0.0134
  train [#####################-------------------] 236/444  loss=0.0136
  train [#####################-------------------] 240/444  loss=0.0136
  train [#####################-------------------] 244/444  loss=0.0136
  train [######################------------------] 248/444  loss=0.0137
  train [######################------------------] 252/444  loss=0.0137
  train [#######################-----------------] 256/444  loss=0.0136
  train [#######################-----------------] 260/444  loss=0.0137
  train [#######################-----------------] 264/444  loss=0.0137
  train [########################----------------] 268/444  loss=0.0137
  train [########################----------------] 272/444  loss=0.0137
  train [########################----------------] 276/444  loss=0.0137
  train [#########################---------------] 280/444  loss=0.0138
  train [#########################---------------] 284/444  loss=0.0137
  train [#########################---------------] 288/444  loss=0.0136
  train [##########################--------------] 292/444  loss=0.0137
  train [##########################--------------] 296/444  loss=0.0138
  train [###########################-------------] 300/444  loss=0.0137
  train [###########################-------------] 304/444  loss=0.0137
  train [###########################-------------] 308/444  loss=0.0137
  train [############################------------] 312/444  loss=0.0137
  train [############################------------] 316/444  loss=0.0136
  train [############################------------] 320/444  loss=0.0136
  train [#############################-----------] 324/444  loss=0.0137
  train [#############################-----------] 328/444  loss=0.0136
  train [#############################-----------] 332/444  loss=0.0138
  train [##############################----------] 336/444  loss=0.0138
  train [##############################----------] 340/444  loss=0.0138
  train [##############################----------] 344/444  loss=0.0138
  train [###############################---------] 348/444  loss=0.0139
  train [###############################---------] 352/444  loss=0.0138
  train [################################--------] 356/444  loss=0.0139
  train [################################--------] 360/444  loss=0.0138
  train [################################--------] 364/444  loss=0.0138
  train [#################################-------] 368/444  loss=0.0137
  train [#################################-------] 372/444  loss=0.0137
  train [#################################-------] 376/444  loss=0.0138
  train [##################################------] 380/444  loss=0.0137
  train [##################################------] 384/444  loss=0.0138
  train [##################################------] 388/444  loss=0.0137
  train [###################################-----] 392/444  loss=0.0136
  train [###################################-----] 396/444  loss=0.0136
  train [####################################----] 400/444  loss=0.0136
  train [####################################----] 404/444  loss=0.0136
  train [####################################----] 408/444  loss=0.0136
  train [#####################################---] 412/444  loss=0.0137
  train [#####################################---] 416/444  loss=0.0137
  train [#####################################---] 420/444  loss=0.0137
  train [######################################--] 424/444  loss=0.0136
  train [######################################--] 428/444  loss=0.0136
  train [######################################--] 432/444  loss=0.0136
  train [#######################################-] 436/444  loss=0.0137
  train [#######################################-] 440/444  loss=0.0137
  train [########################################] 444/444  loss=0.0137
  val   [----------------------------------------] 1/93
  val   [----------------------------------------] 2/93
  val   [#---------------------------------------] 3/93
  val   [#---------------------------------------] 4/93
  val   [##--------------------------------------] 5/93
  val   [##--------------------------------------] 6/93
  val   [###-------------------------------------] 7/93
  val   [###-------------------------------------] 8/93
  val   [###-------------------------------------] 9/93
  val   [####------------------------------------] 10/93
  val   [####------------------------------------] 11/93
  val   [#####-----------------------------------] 12/93
  val   [#####-----------------------------------] 13/93
  val   [######----------------------------------] 14/93
  val   [######----------------------------------] 15/93
  val   [######----------------------------------] 16/93
  val   [#######---------------------------------] 17/93
  val   [#######---------------------------------] 18/93
  val   [########--------------------------------] 19/93
  val   [########--------------------------------] 20/93
  val   [#########-------------------------------] 21/93
  val   [#########-------------------------------] 22/93
  val   [#########-------------------------------] 23/93
  val   [##########------------------------------] 24/93
  val   [##########------------------------------] 25/93
  val   [###########-----------------------------] 26/93
  val   [###########-----------------------------] 27/93
  val   [############----------------------------] 28/93
  val   [############----------------------------] 29/93
  val   [############----------------------------] 30/93
  val   [#############---------------------------] 31/93
  val   [#############---------------------------] 32/93
  val   [##############--------------------------] 33/93
  val   [##############--------------------------] 34/93
  val   [###############-------------------------] 35/93
  val   [###############-------------------------] 36/93
  val   [###############-------------------------] 37/93
  val   [################------------------------] 38/93
  val   [################------------------------] 39/93
  val   [#################-----------------------] 40/93
  val   [#################-----------------------] 41/93
  val   [##################----------------------] 42/93
  val   [##################----------------------] 43/93
  val   [##################----------------------] 44/93
  val   [###################---------------------] 45/93
  val   [###################---------------------] 46/93
  val   [####################--------------------] 47/93
  val   [####################--------------------] 48/93
  val   [#####################-------------------] 49/93
  val   [#####################-------------------] 50/93
  val   [#####################-------------------] 51/93
  val   [######################------------------] 52/93
  val   [######################------------------] 53/93
  val   [#######################-----------------] 54/93
  val   [#######################-----------------] 55/93
  val   [########################----------------] 56/93
  val   [########################----------------] 57/93
  val   [########################----------------] 58/93
  val   [#########################---------------] 59/93
  val   [#########################---------------] 60/93
  val   [##########################--------------] 61/93
  val   [##########################--------------] 62/93
  val   [###########################-------------] 63/93
  val   [###########################-------------] 64/93
  val   [###########################-------------] 65/93
  val   [############################------------] 66/93
  val   [############################------------] 67/93
  val   [#############################-----------] 68/93
  val   [#############################-----------] 69/93
  val   [##############################----------] 70/93
  val   [##############################----------] 71/93
  val   [##############################----------] 72/93
  val   [###############################---------] 73/93
  val   [###############################---------] 74/93
  val   [################################--------] 75/93
  val   [################################--------] 76/93
  val   [#################################-------] 77/93
  val   [#################################-------] 78/93
  val   [#################################-------] 79/93
  val   [##################################------] 80/93
  val   [##################################------] 81/93
  val   [###################################-----] 82/93
  val   [###################################-----] 83/93
  val   [####################################----] 84/93
  val   [####################################----] 85/93
  val   [####################################----] 86/93
  val   [#####################################---] 87/93
  val   [#####################################---] 88/93
  val   [######################################--] 89/93
  val   [######################################--] 90/93
  val   [#######################################-] 91/93
  val   [#######################################-] 92/93
  val   [########################################] 93/93
Epoch  29 | train_loss=0.0137 | val_loss=0.5987 | val_acc=0.8719

Done. Results in /zfsstore/courses/2025-2026/4343MMEBX/Group6/results/gated_fusion_resnet50/
Loading datasets...
Classes: 317, total samples: 40902
Discarded 247 species (1087 records) below MIN_GBIFIDS=10
Building model and loading best.pt...
Running inference on test set...
  inference [----------------------------------------] 1/104
  inference [----------------------------------------] 2/104
  inference [#---------------------------------------] 3/104
  inference [#---------------------------------------] 4/104
  inference [#---------------------------------------] 5/104
  inference [##--------------------------------------] 6/104
  inference [##--------------------------------------] 7/104
  inference [###-------------------------------------] 8/104
  inference [###-------------------------------------] 9/104
  inference [###-------------------------------------] 10/104
  inference [####------------------------------------] 11/104
  inference [####------------------------------------] 12/104
  inference [#####-----------------------------------] 13/104
  inference [#####-----------------------------------] 14/104
  inference [#####-----------------------------------] 15/104
  inference [######----------------------------------] 16/104
  inference [######----------------------------------] 17/104
  inference [######----------------------------------] 18/104
  inference [#######---------------------------------] 19/104
  inference [#######---------------------------------] 20/104
  inference [########--------------------------------] 21/104
  inference [########--------------------------------] 22/104
  inference [########--------------------------------] 23/104
  inference [#########-------------------------------] 24/104
  inference [#########-------------------------------] 25/104
  inference [##########------------------------------] 26/104
  inference [##########------------------------------] 27/104
  inference [##########------------------------------] 28/104
  inference [###########-----------------------------] 29/104
  inference [###########-----------------------------] 30/104
  inference [###########-----------------------------] 31/104
  inference [############----------------------------] 32/104
  inference [############----------------------------] 33/104
  inference [#############---------------------------] 34/104
  inference [#############---------------------------] 35/104
  inference [#############---------------------------] 36/104
  inference [##############--------------------------] 37/104
  inference [##############--------------------------] 38/104
  inference [###############-------------------------] 39/104
  inference [###############-------------------------] 40/104
  inference [###############-------------------------] 41/104
  inference [################------------------------] 42/104
  inference [################------------------------] 43/104
  inference [################------------------------] 44/104
  inference [#################-----------------------] 45/104
  inference [#################-----------------------] 46/104
  inference [##################----------------------] 47/104
  inference [##################----------------------] 48/104
  inference [##################----------------------] 49/104
  inference [###################---------------------] 50/104
  inference [###################---------------------] 51/104
  inference [####################--------------------] 52/104
  inference [####################--------------------] 53/104
  inference [####################--------------------] 54/104
  inference [#####################-------------------] 55/104
  inference [#####################-------------------] 56/104
  inference [#####################-------------------] 57/104
  inference [######################------------------] 58/104
  inference [######################------------------] 59/104
  inference [#######################-----------------] 60/104
  inference [#######################-----------------] 61/104
  inference [#######################-----------------] 62/104
  inference [########################----------------] 63/104
  inference [########################----------------] 64/104
  inference [#########################---------------] 65/104
  inference [#########################---------------] 66/104
  inference [#########################---------------] 67/104
  inference [##########################--------------] 68/104
  inference [##########################--------------] 69/104
  inference [##########################--------------] 70/104
  inference [###########################-------------] 71/104
  inference [###########################-------------] 72/104
  inference [############################------------] 73/104
  inference [############################------------] 74/104
  inference [############################------------] 75/104
  inference [#############################-----------] 76/104
  inference [#############################-----------] 77/104
  inference [##############################----------] 78/104
  inference [##############################----------] 79/104
  inference [##############################----------] 80/104
  inference [###############################---------] 81/104
  inference [###############################---------] 82/104
  inference [###############################---------] 83/104
  inference [################################--------] 84/104
  inference [################################--------] 85/104
  inference [#################################-------] 86/104
  inference [#################################-------] 87/104
  inference [#################################-------] 88/104
  inference [##################################------] 89/104
  inference [##################################------] 90/104
  inference [###################################-----] 91/104
  inference [###################################-----] 92/104
  inference [###################################-----] 93/104
  inference [####################################----] 94/104
  inference [####################################----] 95/104
  inference [####################################----] 96/104
  inference [#####################################---] 97/104
  inference [#####################################---] 98/104
  inference [######################################--] 99/104
  inference [######################################--] 100/104
  inference [######################################--] 101/104
  inference [#######################################-] 102/104
  inference [#######################################-] 103/104
  inference [########################################] 104/104
Macro-F1 (overall): 0.7897
  rare  : 0.8132
  medium: 0.8709
  common: 0.9264
Metrics saved to /zfsstore/courses/2025-2026/4343MMEBX/Group6/results/gated_fusion_resnet50/metrics.json
