  failed 3449987949_Preview001.jpg: <urlopen error timed out>
  failed 3449979074_Preview001.jpg: <urlopen error timed out>
  failed 3449953358_Preview001.jpg: <urlopen error timed out>
  failed 3449943128_Preview001.jpg: <urlopen error timed out>
  failed 3449934212_Preview001.jpg: <urlopen error timed out>
Loaded 32095 occurrence records
Total multimedia rows: 42152

Done. total=42006, downloaded=0, skipped=42001, errors=5
Downloading: "https://download.pytorch.org/models/resnet50-0676ba61.pth" to /home/s3569829/.cache/torch/hub/checkpoints/resnet50-0676ba61.pth
Device: cuda
Loading datasets...
Classes: 317, total samples: 40902
Discarded 247 species (1087 records) below MIN_GBIFIDS=10
Classes: 317 | train: 28370 | val: 5933
Building model...
  0%|          | 0.00/97.8M [00:00<?, ?B/s] 12%|█▏        | 11.9M/97.8M [00:00<00:00, 118MB/s] 25%|██▍       | 24.0M/97.8M [00:00<00:00, 123MB/s] 37%|███▋      | 35.8M/97.8M [00:00<00:00, 112MB/s] 48%|████▊     | 46.6M/97.8M [00:00<00:00, 105MB/s] 60%|█████▉    | 58.6M/97.8M [00:00<00:00, 111MB/s] 73%|███████▎  | 71.1M/97.8M [00:00<00:00, 117MB/s] 86%|████████▌ | 83.9M/97.8M [00:00<00:00, 122MB/s]100%|██████████| 97.8M/97.8M [00:00<00:00, 122MB/s]
Mixed precision (autocast + GradScaler) enabled
--resume set but no last.pt found; starting from scratch
  train [----------------------------------------] 4/444  loss=5.9444
  train [----------------------------------------] 8/444  loss=6.2511
  train [#---------------------------------------] 12/444  loss=6.3584
  train [#---------------------------------------] 16/444  loss=6.4028
  train [#---------------------------------------] 20/444  loss=6.4196
  train [##--------------------------------------] 24/444  loss=6.3752
  train [##--------------------------------------] 28/444  loss=6.3456
  train [##--------------------------------------] 32/444  loss=6.2740
  train [###-------------------------------------] 36/444  loss=6.1750
  train [###-------------------------------------] 40/444  loss=6.1221
  train [###-------------------------------------] 44/444  loss=6.0694
  train [####------------------------------------] 48/444  loss=6.0059
  train [####------------------------------------] 52/444  loss=5.9568
  train [#####-----------------------------------] 56/444  loss=5.8967
  train [#####-----------------------------------] 60/444  loss=5.8475
  train [#####-----------------------------------] 64/444  loss=5.7878
  train [######----------------------------------] 68/444  loss=5.7690
  train [######----------------------------------] 72/444  loss=5.7155
  train [######----------------------------------] 76/444  loss=5.6579
  train [#######---------------------------------] 80/444  loss=5.6053
  train [#######---------------------------------] 84/444  loss=5.5595
  train [#######---------------------------------] 88/444  loss=5.5123
  train [########--------------------------------] 92/444  loss=5.4774
  train [########--------------------------------] 96/444  loss=5.4404
  train [#########-------------------------------] 100/444  loss=5.3851
  train [#########-------------------------------] 104/444  loss=5.3475
  train [#########-------------------------------] 108/444  loss=5.3089
  train [##########------------------------------] 112/444  loss=5.2711
  train [##########------------------------------] 116/444  loss=5.2289
  train [##########------------------------------] 120/444  loss=5.1972
  train [###########-----------------------------] 124/444  loss=5.1509
  train [###########-----------------------------] 128/444  loss=5.1061
  train [###########-----------------------------] 132/444  loss=5.0601
  train [############----------------------------] 136/444  loss=5.0255
  train [############----------------------------] 140/444  loss=4.9899
  train [############----------------------------] 144/444  loss=4.9624
  train [#############---------------------------] 148/444  loss=4.9253
  train [#############---------------------------] 152/444  loss=4.8930
  train [##############--------------------------] 156/444  loss=4.8593
  train [##############--------------------------] 160/444  loss=4.8296
  train [##############--------------------------] 164/444  loss=4.7944
  train [###############-------------------------] 168/444  loss=4.7659
  train [###############-------------------------] 172/444  loss=4.7268
  train [###############-------------------------] 176/444  loss=4.6915
  train [################------------------------] 180/444  loss=4.6614
  train [################------------------------] 184/444  loss=4.6338
  train [################------------------------] 188/444  loss=4.6052
  train [#################-----------------------] 192/444  loss=4.5734
  train [#################-----------------------] 196/444  loss=4.5410
  train [##################----------------------] 200/444  loss=4.5144
  train [##################----------------------] 204/444  loss=4.4804
  train [##################----------------------] 208/444  loss=4.4558
  train [###################---------------------] 212/444  loss=4.4300
  train [###################---------------------] 216/444  loss=4.4039
  train [###################---------------------] 220/444  loss=4.3794
  train [####################--------------------] 224/444  loss=4.3537
  train [####################--------------------] 228/444  loss=4.3281
  train [####################--------------------] 232/444  loss=4.3032
  train [#####################-------------------] 236/444  loss=4.2805
  train [#####################-------------------] 240/444  loss=4.2511
  train [#####################-------------------] 244/444  loss=4.2265
  train [######################------------------] 248/444  loss=4.2043
  train [######################------------------] 252/444  loss=4.1785
  train [#######################-----------------] 256/444  loss=4.1528
  train [#######################-----------------] 260/444  loss=4.1279
  train [#######################-----------------] 264/444  loss=4.1094
  train [########################----------------] 268/444  loss=4.0840
  train [########################----------------] 272/444  loss=4.0638
  train [########################----------------] 276/444  loss=4.0395
  train [#########################---------------] 280/444  loss=4.0176
  train [#########################---------------] 284/444  loss=3.9942
  train [#########################---------------] 288/444  loss=3.9752
  train [##########################--------------] 292/444  loss=3.9534
  train [##########################--------------] 296/444  loss=3.9327
  train [###########################-------------] 300/444  loss=3.9090
  train [###########################-------------] 304/444  loss=3.8828
  train [###########################-------------] 308/444  loss=3.8650
  train [############################------------] 312/444  loss=3.8488
  train [############################------------] 316/444  loss=3.8280
  train [############################------------] 320/444  loss=3.8103
  train [#############################-----------] 324/444  loss=3.7908
  train [#############################-----------] 328/444  loss=3.7705
  train [#############################-----------] 332/444  loss=3.7509
  train [##############################----------] 336/444  loss=3.7302
  train [##############################----------] 340/444  loss=3.7113
  train [##############################----------] 344/444  loss=3.6923
  train [###############################---------] 348/444  loss=3.6755
  train [###############################---------] 352/444  loss=3.6565
  train [################################--------] 356/444  loss=3.6385
  train [################################--------] 360/444  loss=3.6229
  train [################################--------] 364/444  loss=3.6072
  train [#################################-------] 368/444  loss=3.5909
  train [#################################-------] 372/444  loss=3.5742
  train [#################################-------] 376/444  loss=3.5588
  train [##################################------] 380/444  loss=3.5415
  train [##################################------] 384/444  loss=3.5257
  train [##################################------] 388/444  loss=3.5112
  train [###################################-----] 392/444  loss=3.4972
  train [###################################-----] 396/444  loss=3.4825
  train [####################################----] 400/444  loss=3.4676
  train [####################################----] 404/444  loss=3.4523
  train [####################################----] 408/444  loss=3.4396
  train [#####################################---] 412/444  loss=3.4261
  train [#####################################---] 416/444  loss=3.4117
  train [#####################################---] 420/444  loss=3.4002
  train [######################################--] 424/444  loss=3.3861
  train [######################################--] 428/444  loss=3.3716
  train [######################################--] 432/444  loss=3.3571
  train [#######################################-] 436/444  loss=3.3445
  train [#######################################-] 440/444  loss=3.3335
  train [########################################] 444/444  loss=3.3174
  val   [----------------------------------------] 1/93
  val   [----------------------------------------] 2/93
  val   [#---------------------------------------] 3/93
  val   [#---------------------------------------] 4/93
  val   [##--------------------------------------] 5/93
  val   [##--------------------------------------] 6/93
  val   [###-------------------------------------] 7/93
  val   [###-------------------------------------] 8/93
  val   [###-------------------------------------] 9/93
  val   [####------------------------------------] 10/93
  val   [####------------------------------------] 11/93
  val   [#####-----------------------------------] 12/93
  val   [#####-----------------------------------] 13/93
  val   [######----------------------------------] 14/93
  val   [######----------------------------------] 15/93
  val   [######----------------------------------] 16/93
  val   [#######---------------------------------] 17/93
  val   [#######---------------------------------] 18/93
  val   [########--------------------------------] 19/93
  val   [########--------------------------------] 20/93
  val   [#########-------------------------------] 21/93
  val   [#########-------------------------------] 22/93
  val   [#########-------------------------------] 23/93
  val   [##########------------------------------] 24/93
  val   [##########------------------------------] 25/93
  val   [###########-----------------------------] 26/93
  val   [###########-----------------------------] 27/93
  val   [############----------------------------] 28/93
  val   [############----------------------------] 29/93
  val   [############----------------------------] 30/93
  val   [#############---------------------------] 31/93
  val   [#############---------------------------] 32/93
  val   [##############--------------------------] 33/93
  val   [##############--------------------------] 34/93
  val   [###############-------------------------] 35/93
  val   [###############-------------------------] 36/93
  val   [###############-------------------------] 37/93
  val   [################------------------------] 38/93
  val   [################------------------------] 39/93
  val   [#################-----------------------] 40/93
  val   [#################-----------------------] 41/93
  val   [##################----------------------] 42/93
  val   [##################----------------------] 43/93
  val   [##################----------------------] 44/93
  val   [###################---------------------] 45/93
  val   [###################---------------------] 46/93
  val   [####################--------------------] 47/93
  val   [####################--------------------] 48/93
  val   [#####################-------------------] 49/93
  val   [#####################-------------------] 50/93
  val   [#####################-------------------] 51/93
  val   [######################------------------] 52/93
  val   [######################------------------] 53/93
  val   [#######################-----------------] 54/93
  val   [#######################-----------------] 55/93
  val   [########################----------------] 56/93
  val   [########################----------------] 57/93
  val   [########################----------------] 58/93
  val   [#########################---------------] 59/93
  val   [#########################---------------] 60/93
  val   [##########################--------------] 61/93
  val   [##########################--------------] 62/93
  val   [###########################-------------] 63/93
  val   [###########################-------------] 64/93
  val   [###########################-------------] 65/93
  val   [############################------------] 66/93
  val   [############################------------] 67/93
  val   [#############################-----------] 68/93
  val   [#############################-----------] 69/93
  val   [##############################----------] 70/93
  val   [##############################----------] 71/93
  val   [##############################----------] 72/93
  val   [###############################---------] 73/93
  val   [###############################---------] 74/93
  val   [################################--------] 75/93
  val   [################################--------] 76/93
  val   [#################################-------] 77/93
  val   [#################################-------] 78/93
  val   [#################################-------] 79/93
  val   [##################################------] 80/93
  val   [##################################------] 81/93
  val   [###################################-----] 82/93
  val   [###################################-----] 83/93
  val   [####################################----] 84/93
  val   [####################################----] 85/93
  val   [####################################----] 86/93
  val   [#####################################---] 87/93
  val   [#####################################---] 88/93
  val   [######################################--] 89/93
  val   [######################################--] 90/93
  val   [#######################################-] 91/93
  val   [#######################################-] 92/93
  val   [########################################] 93/93
Epoch   0 | train_loss=3.3228 | val_loss=1.6437 | val_acc=0.6395
  -> best model saved (val_loss=1.6437)
  train [----------------------------------------] 4/444  loss=1.4326
  train [----------------------------------------] 8/444  loss=1.4560
  train [#---------------------------------------] 12/444  loss=1.4813
  train [#---------------------------------------] 16/444  loss=1.4855
  train [#---------------------------------------] 20/444  loss=1.4748
  train [##--------------------------------------] 24/444  loss=1.5012
  train [##--------------------------------------] 28/444  loss=1.4865
  train [##--------------------------------------] 32/444  loss=1.4606
  train [###-------------------------------------] 36/444  loss=1.4572
  train [###-------------------------------------] 40/444  loss=1.4481
  train [###-------------------------------------] 44/444  loss=1.4556
  train [####------------------------------------] 48/444  loss=1.4552
  train [####------------------------------------] 52/444  loss=1.4463
  train [#####-----------------------------------] 56/444  loss=1.4479
  train [#####-----------------------------------] 60/444  loss=1.4406
  train [#####-----------------------------------] 64/444  loss=1.4356
  train [######----------------------------------] 68/444  loss=1.4317
  train [######----------------------------------] 72/444  loss=1.4416
  train [######----------------------------------] 76/444  loss=1.4337
  train [#######---------------------------------] 80/444  loss=1.4351
  train [#######---------------------------------] 84/444  loss=1.4360
  train [#######---------------------------------] 88/444  loss=1.4370
  train [########--------------------------------] 92/444  loss=1.4258
  train [########--------------------------------] 96/444  loss=1.4221
  train [#########-------------------------------] 100/444  loss=1.4216
  train [#########-------------------------------] 104/444  loss=1.4140
  train [#########-------------------------------] 108/444  loss=1.4171
  train [##########------------------------------] 112/444  loss=1.4213
  train [##########------------------------------] 116/444  loss=1.4188
  train [##########------------------------------] 120/444  loss=1.4184
  train [###########-----------------------------] 124/444  loss=1.4133
  train [###########-----------------------------] 128/444  loss=1.4162
  train [###########-----------------------------] 132/444  loss=1.4183
  train [############----------------------------] 136/444  loss=1.4253
  train [############----------------------------] 140/444  loss=1.4261
  train [############----------------------------] 144/444  loss=1.4292
  train [#############---------------------------] 148/444  loss=1.4253
  train [#############---------------------------] 152/444  loss=1.4242
  train [##############--------------------------] 156/444  loss=1.4237
  train [##############--------------------------] 160/444  loss=1.4177
  train [##############--------------------------] 164/444  loss=1.4154
  train [###############-------------------------] 168/444  loss=1.4099
  train [###############-------------------------] 172/444  loss=1.4105
  train [###############-------------------------] 176/444  loss=1.4099
  train [################------------------------] 180/444  loss=1.4072
  train [################------------------------] 184/444  loss=1.4018
  train [################------------------------] 188/444  loss=1.4018
  train [#################-----------------------] 192/444  loss=1.4007
  train [#################-----------------------] 196/444  loss=1.3957
  train [##################----------------------] 200/444  loss=1.3924
  train [##################----------------------] 204/444  loss=1.3881
  train [##################----------------------] 208/444  loss=1.3833
  train [###################---------------------] 212/444  loss=1.3809
  train [###################---------------------] 216/444  loss=1.3779
  train [###################---------------------] 220/444  loss=1.3730
  train [####################--------------------] 224/444  loss=1.3721
  train [####################--------------------] 228/444  loss=1.3716
  train [####################--------------------] 232/444  loss=1.3684
  train [#####################-------------------] 236/444  loss=1.3632
  train [#####################-------------------] 240/444  loss=1.3595
  train [#####################-------------------] 244/444  loss=1.3611
  train [######################------------------] 248/444  loss=1.3565
  train [######################------------------] 252/444  loss=1.3535
  train [#######################-----------------] 256/444  loss=1.3509
  train [#######################-----------------] 260/444  loss=1.3459
  train [#######################-----------------] 264/444  loss=1.3435
  train [########################----------------] 268/444  loss=1.3424
  train [########################----------------] 272/444  loss=1.3386
  train [########################----------------] 276/444  loss=1.3368
  train [#########################---------------] 280/444  loss=1.3347
  train [#########################---------------] 284/444  loss=1.3367
  train [#########################---------------] 288/444  loss=1.3373
  train [##########################--------------] 292/444  loss=1.3363
  train [##########################--------------] 296/444  loss=1.3337
  train [###########################-------------] 300/444  loss=1.3321
  train [###########################-------------] 304/444  loss=1.3302
  train [###########################-------------] 308/444  loss=1.3300
  train [############################------------] 312/444  loss=1.3313
  train [############################------------] 316/444  loss=1.3295
  train [############################------------] 320/444  loss=1.3258
  train [#############################-----------] 324/444  loss=1.3236
  train [#############################-----------] 328/444  loss=1.3213
  train [#############################-----------] 332/444  loss=1.3191
  train [##############################----------] 336/444  loss=1.3191
  train [##############################----------] 340/444  loss=1.3150
  train [##############################----------] 344/444  loss=1.3118
  train [###############################---------] 348/444  loss=1.3089
  train [###############################---------] 352/444  loss=1.3075
  train [################################--------] 356/444  loss=1.3068
  train [################################--------] 360/444  loss=1.3056
  train [################################--------] 364/444  loss=1.3032
  train [#################################-------] 368/444  loss=1.3037
  train [#################################-------] 372/444  loss=1.3036
  train [#################################-------] 376/444  loss=1.3008
  train [##################################------] 380/444  loss=1.3000
  train [##################################------] 384/444  loss=1.3008
  train [##################################------] 388/444  loss=1.2996
  train [###################################-----] 392/444  loss=1.2990
  train [###################################-----] 396/444  loss=1.2980
  train [####################################----] 400/444  loss=1.2950
  train [####################################----] 404/444  loss=1.2918
  train [####################################----] 408/444  loss=1.2910
  train [#####################################---] 412/444  loss=1.2883
  train [#####################################---] 416/444  loss=1.2869
  train [#####################################---] 420/444  loss=1.2866
  train [######################################--] 424/444  loss=1.2846
  train [######################################--] 428/444  loss=1.2833
  train [######################################--] 432/444  loss=1.2826
  train [#######################################-] 436/444  loss=1.2804
  train [#######################################-] 440/444  loss=1.2783
  train [########################################] 444/444  loss=1.2753
  val   [----------------------------------------] 1/93
  val   [----------------------------------------] 2/93
  val   [#---------------------------------------] 3/93
  val   [#---------------------------------------] 4/93
  val   [##--------------------------------------] 5/93
  val   [##--------------------------------------] 6/93
  val   [###-------------------------------------] 7/93
  val   [###-------------------------------------] 8/93
  val   [###-------------------------------------] 9/93
  val   [####------------------------------------] 10/93
  val   [####------------------------------------] 11/93
  val   [#####-----------------------------------] 12/93
  val   [#####-----------------------------------] 13/93
  val   [######----------------------------------] 14/93
  val   [######----------------------------------] 15/93
  val   [######----------------------------------] 16/93
  val   [#######---------------------------------] 17/93
  val   [#######---------------------------------] 18/93
  val   [########--------------------------------] 19/93
  val   [########--------------------------------] 20/93
  val   [#########-------------------------------] 21/93
  val   [#########-------------------------------] 22/93
  val   [#########-------------------------------] 23/93
  val   [##########------------------------------] 24/93
  val   [##########------------------------------] 25/93
  val   [###########-----------------------------] 26/93
  val   [###########-----------------------------] 27/93
  val   [############----------------------------] 28/93
  val   [############----------------------------] 29/93
  val   [############----------------------------] 30/93
  val   [#############---------------------------] 31/93
  val   [#############---------------------------] 32/93
  val   [##############--------------------------] 33/93
  val   [##############--------------------------] 34/93
  val   [###############-------------------------] 35/93
  val   [###############-------------------------] 36/93
  val   [###############-------------------------] 37/93
  val   [################------------------------] 38/93
  val   [################------------------------] 39/93
  val   [#################-----------------------] 40/93
  val   [#################-----------------------] 41/93
  val   [##################----------------------] 42/93
  val   [##################----------------------] 43/93
  val   [##################----------------------] 44/93
  val   [###################---------------------] 45/93
  val   [###################---------------------] 46/93
  val   [####################--------------------] 47/93
  val   [####################--------------------] 48/93
  val   [#####################-------------------] 49/93
  val   [#####################-------------------] 50/93
  val   [#####################-------------------] 51/93
  val   [######################------------------] 52/93
  val   [######################------------------] 53/93
  val   [#######################-----------------] 54/93
  val   [#######################-----------------] 55/93
  val   [########################----------------] 56/93
  val   [########################----------------] 57/93
  val   [########################----------------] 58/93
  val   [#########################---------------] 59/93
  val   [#########################---------------] 60/93
  val   [##########################--------------] 61/93
  val   [##########################--------------] 62/93
  val   [###########################-------------] 63/93
  val   [###########################-------------] 64/93
  val   [###########################-------------] 65/93
  val   [############################------------] 66/93
  val   [############################------------] 67/93
  val   [#############################-----------] 68/93
  val   [#############################-----------] 69/93
  val   [##############################----------] 70/93
  val   [##############################----------] 71/93
  val   [##############################----------] 72/93
  val   [###############################---------] 73/93
  val   [###############################---------] 74/93
  val   [################################--------] 75/93
  val   [################################--------] 76/93
  val   [#################################-------] 77/93
  val   [#################################-------] 78/93
  val   [#################################-------] 79/93
  val   [##################################------] 80/93
  val   [##################################------] 81/93
  val   [###################################-----] 82/93
  val   [###################################-----] 83/93
  val   [####################################----] 84/93
  val   [####################################----] 85/93
  val   [####################################----] 86/93
  val   [#####################################---] 87/93
  val   [#####################################---] 88/93
  val   [######################################--] 89/93
  val   [######################################--] 90/93
  val   [#######################################-] 91/93
  val   [#######################################-] 92/93
  val   [########################################] 93/93
Epoch   1 | train_loss=1.2774 | val_loss=1.2061 | val_acc=0.7217
  -> best model saved (val_loss=1.2061)
  train [----------------------------------------] 4/444  loss=0.9082
  train [----------------------------------------] 8/444  loss=0.8801
  train [#---------------------------------------] 12/444  loss=0.8452
  train [#---------------------------------------] 16/444  loss=0.8929
  train [#---------------------------------------] 20/444  loss=0.8612
  train [##--------------------------------------] 24/444  loss=0.8328
  train [##--------------------------------------] 28/444  loss=0.8379
  train [##--------------------------------------] 32/444  loss=0.8220
  train [###-------------------------------------] 36/444  loss=0.8208
  train [###-------------------------------------] 40/444  loss=0.8300
  train [###-------------------------------------] 44/444  loss=0.8304
  train [####------------------------------------] 48/444  loss=0.8349
  train [####------------------------------------] 52/444  loss=0.8323
  train [#####-----------------------------------] 56/444  loss=0.8397
  train [#####-----------------------------------] 60/444  loss=0.8343
  train [#####-----------------------------------] 64/444  loss=0.8330
  train [######----------------------------------] 68/444  loss=0.8282
  train [######----------------------------------] 72/444  loss=0.8281
  train [######----------------------------------] 76/444  loss=0.8326
  train [#######---------------------------------] 80/444  loss=0.8312
  train [#######---------------------------------] 84/444  loss=0.8243
  train [#######---------------------------------] 88/444  loss=0.8244
  train [########--------------------------------] 92/444  loss=0.8277
  train [########--------------------------------] 96/444  loss=0.8322
  train [#########-------------------------------] 100/444  loss=0.8359
  train [#########-------------------------------] 104/444  loss=0.8313
  train [#########-------------------------------] 108/444  loss=0.8307
  train [##########------------------------------] 112/444  loss=0.8308
  train [##########------------------------------] 116/444  loss=0.8274
  train [##########------------------------------] 120/444  loss=0.8270
  train [###########-----------------------------] 124/444  loss=0.8328
  train [###########-----------------------------] 128/444  loss=0.8300
  train [###########-----------------------------] 132/444  loss=0.8320
  train [############----------------------------] 136/444  loss=0.8305
  train [############----------------------------] 140/444  loss=0.8307
  train [############----------------------------] 144/444  loss=0.8304
  train [#############---------------------------] 148/444  loss=0.8302
  train [#############---------------------------] 152/444  loss=0.8325
  train [##############--------------------------] 156/444  loss=0.8314
  train [##############--------------------------] 160/444  loss=0.8293
  train [##############--------------------------] 164/444  loss=0.8320
  train [###############-------------------------] 168/444  loss=0.8290
  train [###############-------------------------] 172/444  loss=0.8284
  train [###############-------------------------] 176/444  loss=0.8251
  train [################------------------------] 180/444  loss=0.8242
  train [################------------------------] 184/444  loss=0.8253
  train [################------------------------] 188/444  loss=0.8261
  train [#################-----------------------] 192/444  loss=0.8266
  train [#################-----------------------] 196/444  loss=0.8227
  train [##################----------------------] 200/444  loss=0.8256
  train [##################----------------------] 204/444  loss=0.8237
  train [##################----------------------] 208/444  loss=0.8231
  train [###################---------------------] 212/444  loss=0.8222
  train [###################---------------------] 216/444  loss=0.8199
  train [###################---------------------] 220/444  loss=0.8203
  train [####################--------------------] 224/444  loss=0.8194
  train [####################--------------------] 228/444  loss=0.8173
  train [####################--------------------] 232/444  loss=0.8163
  train [#####################-------------------] 236/444  loss=0.8158
  train [#####################-------------------] 240/444  loss=0.8135
  train [#####################-------------------] 244/444  loss=0.8123
  train [######################------------------] 248/444  loss=0.8127
  train [######################------------------] 252/444  loss=0.8140
  train [#######################-----------------] 256/444  loss=0.8132
  train [#######################-----------------] 260/444  loss=0.8115
  train [#######################-----------------] 264/444  loss=0.8093
  train [########################----------------] 268/444  loss=0.8107
  train [########################----------------] 272/444  loss=0.8084
  train [########################----------------] 276/444  loss=0.8060
  train [#########################---------------] 280/444  loss=0.8077
  train [#########################---------------] 284/444  loss=0.8057
  train [#########################---------------] 288/444  loss=0.8064
  train [##########################--------------] 292/444  loss=0.8059
  train [##########################--------------] 296/444  loss=0.8056
  train [###########################-------------] 300/444  loss=0.8053
  train [###########################-------------] 304/444  loss=0.8068
  train [###########################-------------] 308/444  loss=0.8051
  train [############################------------] 312/444  loss=0.8047
  train [############################------------] 316/444  loss=0.8047
  train [############################------------] 320/444  loss=0.8048
  train [#############################-----------] 324/444  loss=0.8051
  train [#############################-----------] 328/444  loss=0.8037
  train [#############################-----------] 332/444  loss=0.8033
  train [##############################----------] 336/444  loss=0.8036
  train [##############################----------] 340/444  loss=0.8025
  train [##############################----------] 344/444  loss=0.8032
  train [###############################---------] 348/444  loss=0.8039
  train [###############################---------] 352/444  loss=0.8037
  train [################################--------] 356/444  loss=0.8031
  train [################################--------] 360/444  loss=0.8028
  train [################################--------] 364/444  loss=0.8027
  train [#################################-------] 368/444  loss=0.8030
  train [#################################-------] 372/444  loss=0.8054
  train [#################################-------] 376/444  loss=0.8039
  train [##################################------] 380/444  loss=0.8019
  train [##################################------] 384/444  loss=0.8017
  train [##################################------] 388/444  loss=0.8038
  train [###################################-----] 392/444  loss=0.8031
  train [###################################-----] 396/444  loss=0.8030
  train [####################################----] 400/444  loss=0.8016
  train [####################################----] 404/444  loss=0.8013
  train [####################################----] 408/444  loss=0.8023
  train [#####################################---] 412/444  loss=0.8019
  train [#####################################---] 416/444  loss=0.8024
  train [#####################################---] 420/444  loss=0.8027
  train [######################################--] 424/444  loss=0.8008
  train [######################################--] 428/444  loss=0.8010
  train [######################################--] 432/444  loss=0.8012
  train [#######################################-] 436/444  loss=0.8005
  train [#######################################-] 440/444  loss=0.8011
  train [########################################] 444/444  loss=0.7987
  val   [----------------------------------------] 1/93
  val   [----------------------------------------] 2/93
  val   [#---------------------------------------] 3/93
  val   [#---------------------------------------] 4/93
  val   [##--------------------------------------] 5/93
  val   [##--------------------------------------] 6/93
  val   [###-------------------------------------] 7/93
  val   [###-------------------------------------] 8/93
  val   [###-------------------------------------] 9/93
  val   [####------------------------------------] 10/93
  val   [####------------------------------------] 11/93
  val   [#####-----------------------------------] 12/93
  val   [#####-----------------------------------] 13/93
  val   [######----------------------------------] 14/93
  val   [######----------------------------------] 15/93
  val   [######----------------------------------] 16/93
  val   [#######---------------------------------] 17/93
  val   [#######---------------------------------] 18/93
  val   [########--------------------------------] 19/93
  val   [########--------------------------------] 20/93
  val   [#########-------------------------------] 21/93
  val   [#########-------------------------------] 22/93
  val   [#########-------------------------------] 23/93
  val   [##########------------------------------] 24/93
  val   [##########------------------------------] 25/93
  val   [###########-----------------------------] 26/93
  val   [###########-----------------------------] 27/93
  val   [############----------------------------] 28/93
  val   [############----------------------------] 29/93
  val   [############----------------------------] 30/93
  val   [#############---------------------------] 31/93
  val   [#############---------------------------] 32/93
  val   [##############--------------------------] 33/93
  val   [##############--------------------------] 34/93
  val   [###############-------------------------] 35/93
  val   [###############-------------------------] 36/93
  val   [###############-------------------------] 37/93
  val   [################------------------------] 38/93
  val   [################------------------------] 39/93
  val   [#################-----------------------] 40/93
  val   [#################-----------------------] 41/93
  val   [##################----------------------] 42/93
  val   [##################----------------------] 43/93
  val   [##################----------------------] 44/93
  val   [###################---------------------] 45/93
  val   [###################---------------------] 46/93
  val   [####################--------------------] 47/93
  val   [####################--------------------] 48/93
  val   [#####################-------------------] 49/93
  val   [#####################-------------------] 50/93
  val   [#####################-------------------] 51/93
  val   [######################------------------] 52/93
  val   [######################------------------] 53/93
  val   [#######################-----------------] 54/93
  val   [#######################-----------------] 55/93
  val   [########################----------------] 56/93
  val   [########################----------------] 57/93
  val   [########################----------------] 58/93
  val   [#########################---------------] 59/93
  val   [#########################---------------] 60/93
  val   [##########################--------------] 61/93
  val   [##########################--------------] 62/93
  val   [###########################-------------] 63/93
  val   [###########################-------------] 64/93
  val   [###########################-------------] 65/93
  val   [############################------------] 66/93
  val   [############################------------] 67/93
  val   [#############################-----------] 68/93
  val   [#############################-----------] 69/93
  val   [##############################----------] 70/93
  val   [##############################----------] 71/93
  val   [##############################----------] 72/93
  val   [###############################---------] 73/93
  val   [###############################---------] 74/93
  val   [################################--------] 75/93
  val   [################################--------] 76/93
  val   [#################################-------] 77/93
  val   [#################################-------] 78/93
  val   [#################################-------] 79/93
  val   [##################################------] 80/93
  val   [##################################------] 81/93
  val   [###################################-----] 82/93
  val   [###################################-----] 83/93
  val   [####################################----] 84/93
  val   [####################################----] 85/93
  val   [####################################----] 86/93
  val   [#####################################---] 87/93
  val   [#####################################---] 88/93
  val   [######################################--] 89/93
  val   [######################################--] 90/93
  val   [#######################################-] 91/93
  val   [#######################################-] 92/93
  val   [########################################] 93/93
Epoch   2 | train_loss=0.7999 | val_loss=1.0304 | val_acc=0.7593
  -> best model saved (val_loss=1.0304)
  train [----------------------------------------] 4/444  loss=0.5332
  train [----------------------------------------] 8/444  loss=0.6234
  train [#---------------------------------------] 12/444  loss=0.5753
  train [#---------------------------------------] 16/444  loss=0.5788
  train [#---------------------------------------] 20/444  loss=0.5648
  train [##--------------------------------------] 24/444  loss=0.5625
  train [##--------------------------------------] 28/444  loss=0.5539
  train [##--------------------------------------] 32/444  loss=0.5529
  train [###-------------------------------------] 36/444  loss=0.5458
  train [###-------------------------------------] 40/444  loss=0.5462
  train [###-------------------------------------] 44/444  loss=0.5425
  train [####------------------------------------] 48/444  loss=0.5349
  train [####------------------------------------] 52/444  loss=0.5458
  train [#####-----------------------------------] 56/444  loss=0.5461
  train [#####-----------------------------------] 60/444  loss=0.5515
  train [#####-----------------------------------] 64/444  loss=0.5456
  train [######----------------------------------] 68/444  loss=0.5411
  train [######----------------------------------] 72/444  loss=0.5359
  train [######----------------------------------] 76/444  loss=0.5407
  train [#######---------------------------------] 80/444  loss=0.5367
  train [#######---------------------------------] 84/444  loss=0.5328
  train [#######---------------------------------] 88/444  loss=0.5265
  train [########--------------------------------] 92/444  loss=0.5261
  train [########--------------------------------] 96/444  loss=0.5197
  train [#########-------------------------------] 100/444  loss=0.5235
  train [#########-------------------------------] 104/444  loss=0.5221
  train [#########-------------------------------] 108/444  loss=0.5212
  train [##########------------------------------] 112/444  loss=0.5204
  train [##########------------------------------] 116/444  loss=0.5209
  train [##########------------------------------] 120/444  loss=0.5219
  train [###########-----------------------------] 124/444  loss=0.5228
  train [###########-----------------------------] 128/444  loss=0.5247
  train [###########-----------------------------] 132/444  loss=0.5273
  train [############----------------------------] 136/444  loss=0.5273
  train [############----------------------------] 140/444  loss=0.5270
  train [############----------------------------] 144/444  loss=0.5274
  train [#############---------------------------] 148/444  loss=0.5284
  train [#############---------------------------] 152/444  loss=0.5293
  train [##############--------------------------] 156/444  loss=0.5312
  train [##############--------------------------] 160/444  loss=0.5305
  train [##############--------------------------] 164/444  loss=0.5308
  train [###############-------------------------] 168/444  loss=0.5289
  train [###############-------------------------] 172/444  loss=0.5299
  train [###############-------------------------] 176/444  loss=0.5326
  train [################------------------------] 180/444  loss=0.5323
  train [################------------------------] 184/444  loss=0.5311
  train [################------------------------] 188/444  loss=0.5321
  train [#################-----------------------] 192/444  loss=0.5313
  train [#################-----------------------] 196/444  loss=0.5309
  train [##################----------------------] 200/444  loss=0.5307
  train [##################----------------------] 204/444  loss=0.5309
  train [##################----------------------] 208/444  loss=0.5290
  train [###################---------------------] 212/444  loss=0.5276
  train [###################---------------------] 216/444  loss=0.5275
  train [###################---------------------] 220/444  loss=0.5279
  train [####################--------------------] 224/444  loss=0.5287
  train [####################--------------------] 228/444  loss=0.5280
  train [####################--------------------] 232/444  loss=0.5271
  train [#####################-------------------] 236/444  loss=0.5290
  train [#####################-------------------] 240/444  loss=0.5289
  train [#####################-------------------] 244/444  loss=0.5310
  train [######################------------------] 248/444  loss=0.5283
  train [######################------------------] 252/444  loss=0.5273
  train [#######################-----------------] 256/444  loss=0.5284
  train [#######################-----------------] 260/444  loss=0.5297
  train [#######################-----------------] 264/444  loss=0.5310
  train [########################----------------] 268/444  loss=0.5304
  train [########################----------------] 272/444  loss=0.5310
  train [########################----------------] 276/444  loss=0.5303
  train [#########################---------------] 280/444  loss=0.5297
  train [#########################---------------] 284/444  loss=0.5288
  train [#########################---------------] 288/444  loss=0.5286
  train [##########################--------------] 292/444  loss=0.5289
  train [##########################--------------] 296/444  loss=0.5293
  train [###########################-------------] 300/444  loss=0.5295
  train [###########################-------------] 304/444  loss=0.5305
  train [###########################-------------] 308/444  loss=0.5295
  train [############################------------] 312/444  loss=0.5302
  train [############################------------] 316/444  loss=0.5318
  train [############################------------] 320/444  loss=0.5330
  train [#############################-----------] 324/444  loss=0.5329
  train [#############################-----------] 328/444  loss=0.5335
  train [#############################-----------] 332/444  loss=0.5346
  train [##############################----------] 336/444  loss=0.5353
  train [##############################----------] 340/444  loss=0.5362
  train [##############################----------] 344/444  loss=0.5364
  train [###############################---------] 348/444  loss=0.5369
  train [###############################---------] 352/444  loss=0.5383
  train [################################--------] 356/444  loss=0.5390
  train [################################--------] 360/444  loss=0.5400
  train [################################--------] 364/444  loss=0.5401
  train [#################################-------] 368/444  loss=0.5408
  train [#################################-------] 372/444  loss=0.5406
  train [#################################-------] 376/444  loss=0.5403
  train [##################################------] 380/444  loss=0.5399
  train [##################################------] 384/444  loss=0.5407
  train [##################################------] 388/444  loss=0.5412
  train [###################################-----] 392/444  loss=0.5423
  train [###################################-----] 396/444  loss=0.5430
  train [####################################----] 400/444  loss=0.5440
  train [####################################----] 404/444  loss=0.5435
  train [####################################----] 408/444  loss=0.5442
  train [#####################################---] 412/444  loss=0.5443
  train [#####################################---] 416/444  loss=0.5436
  train [#####################################---] 420/444  loss=0.5446
  train [######################################--] 424/444  loss=0.5450
  train [######################################--] 428/444  loss=0.5441
  train [######################################--] 432/444  loss=0.5456
  train [#######################################-] 436/444  loss=0.5458
  train [#######################################-] 440/444  loss=0.5445
  train [########################################] 444/444  loss=0.5445
  val   [----------------------------------------] 1/93
  val   [----------------------------------------] 2/93
  val   [#---------------------------------------] 3/93
  val   [#---------------------------------------] 4/93
  val   [##--------------------------------------] 5/93
  val   [##--------------------------------------] 6/93
  val   [###-------------------------------------] 7/93
  val   [###-------------------------------------] 8/93
  val   [###-------------------------------------] 9/93
  val   [####------------------------------------] 10/93
  val   [####------------------------------------] 11/93
  val   [#####-----------------------------------] 12/93
  val   [#####-----------------------------------] 13/93
  val   [######----------------------------------] 14/93
  val   [######----------------------------------] 15/93
  val   [######----------------------------------] 16/93
  val   [#######---------------------------------] 17/93
  val   [#######---------------------------------] 18/93
  val   [########--------------------------------] 19/93
  val   [########--------------------------------] 20/93
  val   [#########-------------------------------] 21/93
  val   [#########-------------------------------] 22/93
  val   [#########-------------------------------] 23/93
  val   [##########------------------------------] 24/93
  val   [##########------------------------------] 25/93
  val   [###########-----------------------------] 26/93
  val   [###########-----------------------------] 27/93
  val   [############----------------------------] 28/93
  val   [############----------------------------] 29/93
  val   [############----------------------------] 30/93
  val   [#############---------------------------] 31/93
  val   [#############---------------------------] 32/93
  val   [##############--------------------------] 33/93
  val   [##############--------------------------] 34/93
  val   [###############-------------------------] 35/93
  val   [###############-------------------------] 36/93
  val   [###############-------------------------] 37/93
  val   [################------------------------] 38/93
  val   [################------------------------] 39/93
  val   [#################-----------------------] 40/93
  val   [#################-----------------------] 41/93
  val   [##################----------------------] 42/93
  val   [##################----------------------] 43/93
  val   [##################----------------------] 44/93
  val   [###################---------------------] 45/93
  val   [###################---------------------] 46/93
  val   [####################--------------------] 47/93
  val   [####################--------------------] 48/93
  val   [#####################-------------------] 49/93
  val   [#####################-------------------] 50/93
  val   [#####################-------------------] 51/93
  val   [######################------------------] 52/93
  val   [######################------------------] 53/93
  val   [#######################-----------------] 54/93
  val   [#######################-----------------] 55/93
  val   [########################----------------] 56/93
  val   [########################----------------] 57/93
  val   [########################----------------] 58/93
  val   [#########################---------------] 59/93
  val   [#########################---------------] 60/93
  val   [##########################--------------] 61/93
  val   [##########################--------------] 62/93
  val   [###########################-------------] 63/93
  val   [###########################-------------] 64/93
  val   [###########################-------------] 65/93
  val   [############################------------] 66/93
  val   [############################------------] 67/93
  val   [#############################-----------] 68/93
  val   [#############################-----------] 69/93
  val   [##############################----------] 70/93
  val   [##############################----------] 71/93
  val   [##############################----------] 72/93
  val   [###############################---------] 73/93
  val   [###############################---------] 74/93
  val   [################################--------] 75/93
  val   [################################--------] 76/93
  val   [#################################-------] 77/93
  val   [#################################-------] 78/93
  val   [#################################-------] 79/93
  val   [##################################------] 80/93
  val   [##################################------] 81/93
  val   [###################################-----] 82/93
  val   [###################################-----] 83/93
  val   [####################################----] 84/93
  val   [####################################----] 85/93
  val   [####################################----] 86/93
  val   [#####################################---] 87/93
  val   [#####################################---] 88/93
  val   [######################################--] 89/93
  val   [######################################--] 90/93
  val   [#######################################-] 91/93
  val   [#######################################-] 92/93
  val   [########################################] 93/93
Epoch   3 | train_loss=0.5454 | val_loss=1.0135 | val_acc=0.7666
  -> best model saved (val_loss=1.0135)
  train [----------------------------------------] 4/444  loss=0.5937
  train [----------------------------------------] 8/444  loss=0.5409
  train [#---------------------------------------] 12/444  loss=0.5344
  train [#---------------------------------------] 16/444  loss=0.4897
  train [#---------------------------------------] 20/444  loss=0.4778
  train [##--------------------------------------] 24/444  loss=0.4632
  train [##--------------------------------------] 28/444  loss=0.4604
  train [##--------------------------------------] 32/444  loss=0.4494
  train [###-------------------------------------] 36/444  loss=0.4459
  train [###-------------------------------------] 40/444  loss=0.4374
  train [###-------------------------------------] 44/444  loss=0.4330
  train [####------------------------------------] 48/444  loss=0.4396
  train [####------------------------------------] 52/444  loss=0.4376
  train [#####-----------------------------------] 56/444  loss=0.4327
  train [#####-----------------------------------] 60/444  loss=0.4352
  train [#####-----------------------------------] 64/444  loss=0.4293
  train [######----------------------------------] 68/444  loss=0.4230
  train [######----------------------------------] 72/444  loss=0.4202
  train [######----------------------------------] 76/444  loss=0.4173
  train [#######---------------------------------] 80/444  loss=0.4206
  train [#######---------------------------------] 84/444  loss=0.4136
  train [#######---------------------------------] 88/444  loss=0.4077
  train [########--------------------------------] 92/444  loss=0.4078
  train [########--------------------------------] 96/444  loss=0.4087
  train [#########-------------------------------] 100/444  loss=0.4057
  train [#########-------------------------------] 104/444  loss=0.4073
  train [#########-------------------------------] 108/444  loss=0.4040
  train [##########------------------------------] 112/444  loss=0.4021
  train [##########------------------------------] 116/444  loss=0.4002
  train [##########------------------------------] 120/444  loss=0.3999
  train [###########-----------------------------] 124/444  loss=0.4012
  train [###########-----------------------------] 128/444  loss=0.4005
  train [###########-----------------------------] 132/444  loss=0.3973
  train [############----------------------------] 136/444  loss=0.3974
  train [############----------------------------] 140/444  loss=0.3946
  train [############----------------------------] 144/444  loss=0.3974
  train [#############---------------------------] 148/444  loss=0.3935
  train [#############---------------------------] 152/444  loss=0.3926
  train [##############--------------------------] 156/444  loss=0.3918
  train [##############--------------------------] 160/444  loss=0.3906
  train [##############--------------------------] 164/444  loss=0.3890
  train [###############-------------------------] 168/444  loss=0.3900
  train [###############-------------------------] 172/444  loss=0.3890
  train [###############-------------------------] 176/444  loss=0.3908
  train [################------------------------] 180/444  loss=0.3896
  train [################------------------------] 184/444  loss=0.3916
  train [################------------------------] 188/444  loss=0.3893
  train [#################-----------------------] 192/444  loss=0.3878
  train [#################-----------------------] 196/444  loss=0.3865
  train [##################----------------------] 200/444  loss=0.3879
  train [##################----------------------] 204/444  loss=0.3897
  train [##################----------------------] 208/444  loss=0.3909
  train [###################---------------------] 212/444  loss=0.3914
  train [###################---------------------] 216/444  loss=0.3910
  train [###################---------------------] 220/444  loss=0.3899
  train [####################--------------------] 224/444  loss=0.3907
  train [####################--------------------] 228/444  loss=0.3906
  train [####################--------------------] 232/444  loss=0.3913
  train [#####################-------------------] 236/444  loss=0.3903
  train [#####################-------------------] 240/444  loss=0.3886
  train [#####################-------------------] 244/444  loss=0.3880
  train [######################------------------] 248/444  loss=0.3881
  train [######################------------------] 252/444  loss=0.3887
  train [#######################-----------------] 256/444  loss=0.3884
  train [#######################-----------------] 260/444  loss=0.3895
  train [#######################-----------------] 264/444  loss=0.3888
  train [########################----------------] 268/444  loss=0.3889
  train [########################----------------] 272/444  loss=0.3904
  train [########################----------------] 276/444  loss=0.3908
  train [#########################---------------] 280/444  loss=0.3907
  train [#########################---------------] 284/444  loss=0.3903
  train [#########################---------------] 288/444  loss=0.3908
  train [##########################--------------] 292/444  loss=0.3903
  train [##########################--------------] 296/444  loss=0.3905
  train [###########################-------------] 300/444  loss=0.3898
  train [###########################-------------] 304/444  loss=0.3900
  train [###########################-------------] 308/444  loss=0.3899
  train [############################------------] 312/444  loss=0.3889
  train [############################------------] 316/444  loss=0.3883
  train [############################------------] 320/444  loss=0.3891
  train [#############################-----------] 324/444  loss=0.3901
  train [#############################-----------] 328/444  loss=0.3906
  train [#############################-----------] 332/444  loss=0.3914
  train [##############################----------] 336/444  loss=0.3923
  train [##############################----------] 340/444  loss=0.3933
  train [##############################----------] 344/444  loss=0.3931
  train [###############################---------] 348/444  loss=0.3944
  train [###############################---------] 352/444  loss=0.3950
  train [################################--------] 356/444  loss=0.3951
  train [################################--------] 360/444  loss=0.3955
  train [################################--------] 364/444  loss=0.3949
  train [#################################-------] 368/444  loss=0.3946
  train [#################################-------] 372/444  loss=0.3954
  train [#################################-------] 376/444  loss=0.3960
  train [##################################------] 380/444  loss=0.3959
  train [##################################------] 384/444  loss=0.3953
  train [##################################------] 388/444  loss=0.3953
  train [###################################-----] 392/444  loss=0.3968
  train [###################################-----] 396/444  loss=0.3974
  train [####################################----] 400/444  loss=0.3970
  train [####################################----] 404/444  loss=0.3982
  train [####################################----] 408/444  loss=0.3988
  train [#####################################---] 412/444  loss=0.3995
  train [#####################################---] 416/444  loss=0.3991
  train [#####################################---] 420/444  loss=0.3995
  train [######################################--] 424/444  loss=0.3994
  train [######################################--] 428/444  loss=0.3990
  train [######################################--] 432/444  loss=0.3987
  train [#######################################-] 436/444  loss=0.3988
  train [#######################################-] 440/444  loss=0.3983
  train [########################################] 444/444  loss=0.3985
  val   [----------------------------------------] 1/93
  val   [----------------------------------------] 2/93
  val   [#---------------------------------------] 3/93
  val   [#---------------------------------------] 4/93
  val   [##--------------------------------------] 5/93
  val   [##--------------------------------------] 6/93
  val   [###-------------------------------------] 7/93
  val   [###-------------------------------------] 8/93
  val   [###-------------------------------------] 9/93
  val   [####------------------------------------] 10/93
  val   [####------------------------------------] 11/93
  val   [#####-----------------------------------] 12/93
  val   [#####-----------------------------------] 13/93
  val   [######----------------------------------] 14/93
  val   [######----------------------------------] 15/93
  val   [######----------------------------------] 16/93
  val   [#######---------------------------------] 17/93
  val   [#######---------------------------------] 18/93
  val   [########--------------------------------] 19/93
  val   [########--------------------------------] 20/93
  val   [#########-------------------------------] 21/93
  val   [#########-------------------------------] 22/93
  val   [#########-------------------------------] 23/93
  val   [##########------------------------------] 24/93
  val   [##########------------------------------] 25/93
  val   [###########-----------------------------] 26/93
  val   [###########-----------------------------] 27/93
  val   [############----------------------------] 28/93
  val   [############----------------------------] 29/93
  val   [############----------------------------] 30/93
  val   [#############---------------------------] 31/93
  val   [#############---------------------------] 32/93
  val   [##############--------------------------] 33/93
  val   [##############--------------------------] 34/93
  val   [###############-------------------------] 35/93
  val   [###############-------------------------] 36/93
  val   [###############-------------------------] 37/93
  val   [################------------------------] 38/93
  val   [################------------------------] 39/93
  val   [#################-----------------------] 40/93
  val   [#################-----------------------] 41/93
  val   [##################----------------------] 42/93
  val   [##################----------------------] 43/93
  val   [##################----------------------] 44/93
  val   [###################---------------------] 45/93
  val   [###################---------------------] 46/93
  val   [####################--------------------] 47/93
  val   [####################--------------------] 48/93
  val   [#####################-------------------] 49/93
  val   [#####################-------------------] 50/93
  val   [#####################-------------------] 51/93
  val   [######################------------------] 52/93
  val   [######################------------------] 53/93
  val   [#######################-----------------] 54/93
  val   [#######################-----------------] 55/93
  val   [########################----------------] 56/93
  val   [########################----------------] 57/93
  val   [########################----------------] 58/93
  val   [#########################---------------] 59/93
  val   [#########################---------------] 60/93
  val   [##########################--------------] 61/93
  val   [##########################--------------] 62/93
  val   [###########################-------------] 63/93
  val   [###########################-------------] 64/93
  val   [###########################-------------] 65/93
  val   [############################------------] 66/93
  val   [############################------------] 67/93
  val   [#############################-----------] 68/93
  val   [#############################-----------] 69/93
  val   [##############################----------] 70/93
  val   [##############################----------] 71/93
  val   [##############################----------] 72/93
  val   [###############################---------] 73/93
  val   [###############################---------] 74/93
  val   [################################--------] 75/93
  val   [################################--------] 76/93
  val   [#################################-------] 77/93
  val   [#################################-------] 78/93
  val   [#################################-------] 79/93
  val   [##################################------] 80/93
  val   [##################################------] 81/93
  val   [###################################-----] 82/93
  val   [###################################-----] 83/93
  val   [####################################----] 84/93
  val   [####################################----] 85/93
  val   [####################################----] 86/93
  val   [#####################################---] 87/93
  val   [#####################################---] 88/93
  val   [######################################--] 89/93
  val   [######################################--] 90/93
  val   [#######################################-] 91/93
  val   [#######################################-] 92/93
  val   [########################################] 93/93
Epoch   4 | train_loss=0.3991 | val_loss=0.9381 | val_acc=0.7922
  -> best model saved (val_loss=0.9381)
  train [----------------------------------------] 4/444  loss=0.2859
  train [----------------------------------------] 8/444  loss=0.3196
  train [#---------------------------------------] 12/444  loss=0.3209
  train [#---------------------------------------] 16/444  loss=0.3124
  train [#---------------------------------------] 20/444  loss=0.2986
  train [##--------------------------------------] 24/444  loss=0.2993
  train [##--------------------------------------] 28/444  loss=0.2990
  train [##--------------------------------------] 32/444  loss=0.3013
  train [###-------------------------------------] 36/444  loss=0.3030
  train [###-------------------------------------] 40/444  loss=0.3009
  train [###-------------------------------------] 44/444  loss=0.3130
  train [####------------------------------------] 48/444  loss=0.3136
  train [####------------------------------------] 52/444  loss=0.3147
  train [#####-----------------------------------] 56/444  loss=0.3101
  train [#####-----------------------------------] 60/444  loss=0.3085
  train [#####-----------------------------------] 64/444  loss=0.3085
  train [######----------------------------------] 68/444  loss=0.3061
  train [######----------------------------------] 72/444  loss=0.3088
  train [######----------------------------------] 76/444  loss=0.3051
  train [#######---------------------------------] 80/444  loss=0.3042
  train [#######---------------------------------] 84/444  loss=0.3037
  train [#######---------------------------------] 88/444  loss=0.3024
  train [########--------------------------------] 92/444  loss=0.3064
  train [########--------------------------------] 96/444  loss=0.3039
  train [#########-------------------------------] 100/444  loss=0.3026
  train [#########-------------------------------] 104/444  loss=0.2996
  train [#########-------------------------------] 108/444  loss=0.2984
  train [##########------------------------------] 112/444  loss=0.2991
  train [##########------------------------------] 116/444  loss=0.2990
  train [##########------------------------------] 120/444  loss=0.2971
  train [###########-----------------------------] 124/444  loss=0.2950
  train [###########-----------------------------] 128/444  loss=0.2982
  train [###########-----------------------------] 132/444  loss=0.2964
  train [############----------------------------] 136/444  loss=0.2950
  train [############----------------------------] 140/444  loss=0.2944
  train [############----------------------------] 144/444  loss=0.2939
  train [#############---------------------------] 148/444  loss=0.2920
  train [#############---------------------------] 152/444  loss=0.2911
  train [##############--------------------------] 156/444  loss=0.2908
  train [##############--------------------------] 160/444  loss=0.2900
  train [##############--------------------------] 164/444  loss=0.2921
  train [###############-------------------------] 168/444  loss=0.2919
  train [###############-------------------------] 172/444  loss=0.2920
  train [###############-------------------------] 176/444  loss=0.2914
  train [################------------------------] 180/444  loss=0.2895
  train [################------------------------] 184/444  loss=0.2887
  train [################------------------------] 188/444  loss=0.2886
  train [#################-----------------------] 192/444  loss=0.2879
  train [#################-----------------------] 196/444  loss=0.2871
  train [##################----------------------] 200/444  loss=0.2888
  train [##################----------------------] 204/444  loss=0.2881
  train [##################----------------------] 208/444  loss=0.2878
  train [###################---------------------] 212/444  loss=0.2872
  train [###################---------------------] 216/444  loss=0.2876
  train [###################---------------------] 220/444  loss=0.2875
  train [####################--------------------] 224/444  loss=0.2883
  train [####################--------------------] 228/444  loss=0.2882
  train [####################--------------------] 232/444  loss=0.2881
  train [#####################-------------------] 236/444  loss=0.2892
  train [#####################-------------------] 240/444  loss=0.2890
  train [#####################-------------------] 244/444  loss=0.2886
  train [######################------------------] 248/444  loss=0.2888
  train [######################------------------] 252/444  loss=0.2892
  train [#######################-----------------] 256/444  loss=0.2896
  train [#######################-----------------] 260/444  loss=0.2891
  train [#######################-----------------] 264/444  loss=0.2895
  train [########################----------------] 268/444  loss=0.2898
  train [########################----------------] 272/444  loss=0.2891
  train [########################----------------] 276/444  loss=0.2896
  train [#########################---------------] 280/444  loss=0.2890
  train [#########################---------------] 284/444  loss=0.2890
  train [#########################---------------] 288/444  loss=0.2899
  train [##########################--------------] 292/444  loss=0.2897
  train [##########################--------------] 296/444  loss=0.2896
  train [###########################-------------] 300/444  loss=0.2899
  train [###########################-------------] 304/444  loss=0.2904
  train [###########################-------------] 308/444  loss=0.2917
  train [############################------------] 312/444  loss=0.2933
  train [############################------------] 316/444  loss=0.2936
  train [############################------------] 320/444  loss=0.2933
  train [#############################-----------] 324/444  loss=0.2956
  train [#############################-----------] 328/444  loss=0.2969
  train [#############################-----------] 332/444  loss=0.2971
  train [##############################----------] 336/444  loss=0.2967
  train [##############################----------] 340/444  loss=0.2969
  train [##############################----------] 344/444  loss=0.2979
  train [###############################---------] 348/444  loss=0.2977
  train [###############################---------] 352/444  loss=0.2985
  train [################################--------] 356/444  loss=0.2986
  train [################################--------] 360/444  loss=0.2991
  train [################################--------] 364/444  loss=0.2985
  train [#################################-------] 368/444  loss=0.2987
  train [#################################-------] 372/444  loss=0.2986
  train [#################################-------] 376/444  loss=0.2985
  train [##################################------] 380/444  loss=0.2977
  train [##################################------] 384/444  loss=0.2976
  train [##################################------] 388/444  loss=0.2976
  train [###################################-----] 392/444  loss=0.2982
  train [###################################-----] 396/444  loss=0.2985
  train [####################################----] 400/444  loss=0.2984
  train [####################################----] 404/444  loss=0.2993
  train [####################################----] 408/444  loss=0.2994
  train [#####################################---] 412/444  loss=0.2993
  train [#####################################---] 416/444  loss=0.2991
  train [#####################################---] 420/444  loss=0.2992
  train [######################################--] 424/444  loss=0.2990
  train [######################################--] 428/444  loss=0.3001
  train [######################################--] 432/444  loss=0.2997
  train [#######################################-] 436/444  loss=0.3001
  train [#######################################-] 440/444  loss=0.3013
  train [########################################] 444/444  loss=0.3007
  val   [----------------------------------------] 1/93
  val   [----------------------------------------] 2/93
  val   [#---------------------------------------] 3/93
  val   [#---------------------------------------] 4/93
  val   [##--------------------------------------] 5/93
  val   [##--------------------------------------] 6/93
  val   [###-------------------------------------] 7/93
  val   [###-------------------------------------] 8/93
  val   [###-------------------------------------] 9/93
  val   [####------------------------------------] 10/93
  val   [####------------------------------------] 11/93
  val   [#####-----------------------------------] 12/93
  val   [#####-----------------------------------] 13/93
  val   [######----------------------------------] 14/93
  val   [######----------------------------------] 15/93
  val   [######----------------------------------] 16/93
  val   [#######---------------------------------] 17/93
  val   [#######---------------------------------] 18/93
  val   [########--------------------------------] 19/93
  val   [########--------------------------------] 20/93
  val   [#########-------------------------------] 21/93
  val   [#########-------------------------------] 22/93
  val   [#########-------------------------------] 23/93
  val   [##########------------------------------] 24/93
  val   [##########------------------------------] 25/93
  val   [###########-----------------------------] 26/93
  val   [###########-----------------------------] 27/93
  val   [############----------------------------] 28/93
  val   [############----------------------------] 29/93
  val   [############----------------------------] 30/93
  val   [#############---------------------------] 31/93
  val   [#############---------------------------] 32/93
  val   [##############--------------------------] 33/93
  val   [##############--------------------------] 34/93
  val   [###############-------------------------] 35/93
  val   [###############-------------------------] 36/93
  val   [###############-------------------------] 37/93
  val   [################------------------------] 38/93
  val   [################------------------------] 39/93
  val   [#################-----------------------] 40/93
  val   [#################-----------------------] 41/93
  val   [##################----------------------] 42/93
  val   [##################----------------------] 43/93
  val   [##################----------------------] 44/93
  val   [###################---------------------] 45/93
  val   [###################---------------------] 46/93
  val   [####################--------------------] 47/93
  val   [####################--------------------] 48/93
  val   [#####################-------------------] 49/93
  val   [#####################-------------------] 50/93
  val   [#####################-------------------] 51/93
  val   [######################------------------] 52/93
  val   [######################------------------] 53/93
  val   [#######################-----------------] 54/93
  val   [#######################-----------------] 55/93
  val   [########################----------------] 56/93
  val   [########################----------------] 57/93
  val   [########################----------------] 58/93
  val   [#########################---------------] 59/93
  val   [#########################---------------] 60/93
  val   [##########################--------------] 61/93
  val   [##########################--------------] 62/93
  val   [###########################-------------] 63/93
  val   [###########################-------------] 64/93
  val   [###########################-------------] 65/93
  val   [############################------------] 66/93
  val   [############################------------] 67/93
  val   [#############################-----------] 68/93
  val   [#############################-----------] 69/93
  val   [##############################----------] 70/93
  val   [##############################----------] 71/93
  val   [##############################----------] 72/93
  val   [###############################---------] 73/93
  val   [###############################---------] 74/93
  val   [################################--------] 75/93
  val   [################################--------] 76/93
  val   [#################################-------] 77/93
  val   [#################################-------] 78/93
  val   [#################################-------] 79/93
  val   [##################################------] 80/93
  val   [##################################------] 81/93
  val   [###################################-----] 82/93
  val   [###################################-----] 83/93
  val   [####################################----] 84/93
  val   [####################################----] 85/93
  val   [####################################----] 86/93
  val   [#####################################---] 87/93
  val   [#####################################---] 88/93
  val   [######################################--] 89/93
  val   [######################################--] 90/93
  val   [#######################################-] 91/93
  val   [#######################################-] 92/93
  val   [########################################] 93/93
Epoch   5 | train_loss=0.3012 | val_loss=0.9243 | val_acc=0.7956
  -> best model saved (val_loss=0.9243)
  train [----------------------------------------] 4/444  loss=0.2685
  train [----------------------------------------] 8/444  loss=0.2611
  train [#---------------------------------------] 12/444  loss=0.2488
  train [#---------------------------------------] 16/444  loss=0.2612
  train [#---------------------------------------] 20/444  loss=0.2652
  train [##--------------------------------------] 24/444  loss=0.2683
  train [##--------------------------------------] 28/444  loss=0.2639
  train [##--------------------------------------] 32/444  loss=0.2607
  train [###-------------------------------------] 36/444  loss=0.2567
  train [###-------------------------------------] 40/444  loss=0.2542
  train [###-------------------------------------] 44/444  loss=0.2505
  train [####------------------------------------] 48/444  loss=0.2548
  train [####------------------------------------] 52/444  loss=0.2527
  train [#####-----------------------------------] 56/444  loss=0.2516
  train [#####-----------------------------------] 60/444  loss=0.2569
  train [#####-----------------------------------] 64/444  loss=0.2555
  train [######----------------------------------] 68/444  loss=0.2546
  train [######----------------------------------] 72/444  loss=0.2531
  train [######----------------------------------] 76/444  loss=0.2527
  train [#######---------------------------------] 80/444  loss=0.2539
  train [#######---------------------------------] 84/444  loss=0.2541
  train [#######---------------------------------] 88/444  loss=0.2521
  train [########--------------------------------] 92/444  loss=0.2526
  train [########--------------------------------] 96/444  loss=0.2526
  train [#########-------------------------------] 100/444  loss=0.2533
  train [#########-------------------------------] 104/444  loss=0.2501
  train [#########-------------------------------] 108/444  loss=0.2493
  train [##########------------------------------] 112/444  loss=0.2473
  train [##########------------------------------] 116/444  loss=0.2472
  train [##########------------------------------] 120/444  loss=0.2444
  train [###########-----------------------------] 124/444  loss=0.2418
  train [###########-----------------------------] 128/444  loss=0.2414
  train [###########-----------------------------] 132/444  loss=0.2419
  train [############----------------------------] 136/444  loss=0.2425
  train [############----------------------------] 140/444  loss=0.2421
  train [############----------------------------] 144/444  loss=0.2418
  train [#############---------------------------] 148/444  loss=0.2404
  train [#############---------------------------] 152/444  loss=0.2407
  train [##############--------------------------] 156/444  loss=0.2420
  train [##############--------------------------] 160/444  loss=0.2432
  train [##############--------------------------] 164/444  loss=0.2440
  train [###############-------------------------] 168/444  loss=0.2468
  train [###############-------------------------] 172/444  loss=0.2461
  train [###############-------------------------] 176/444  loss=0.2465
  train [################------------------------] 180/444  loss=0.2482
  train [################------------------------] 184/444  loss=0.2484
  train [################------------------------] 188/444  loss=0.2488
  train [#################-----------------------] 192/444  loss=0.2475
  train [#################-----------------------] 196/444  loss=0.2467
  train [##################----------------------] 200/444  loss=0.2470
  train [##################----------------------] 204/444  loss=0.2468
  train [##################----------------------] 208/444  loss=0.2465
  train [###################---------------------] 212/444  loss=0.2453
  train [###################---------------------] 216/444  loss=0.2456
  train [###################---------------------] 220/444  loss=0.2450
  train [####################--------------------] 224/444  loss=0.2444
  train [####################--------------------] 228/444  loss=0.2458
  train [####################--------------------] 232/444  loss=0.2471
  train [#####################-------------------] 236/444  loss=0.2475
  train [#####################-------------------] 240/444  loss=0.2483
  train [#####################-------------------] 244/444  loss=0.2473
  train [######################------------------] 248/444  loss=0.2483
  train [######################------------------] 252/444  loss=0.2489
  train [#######################-----------------] 256/444  loss=0.2488
  train [#######################-----------------] 260/444  loss=0.2489
  train [#######################-----------------] 264/444  loss=0.2484
  train [########################----------------] 268/444  loss=0.2489
  train [########################----------------] 272/444  loss=0.2485
  train [########################----------------] 276/444  loss=0.2484
  train [#########################---------------] 280/444  loss=0.2479
  train [#########################---------------] 284/444  loss=0.2480
  train [#########################---------------] 288/444  loss=0.2483
  train [##########################--------------] 292/444  loss=0.2473
  train [##########################--------------] 296/444  loss=0.2486
  train [###########################-------------] 300/444  loss=0.2480
  train [###########################-------------] 304/444  loss=0.2473
  train [###########################-------------] 308/444  loss=0.2462
  train [############################------------] 312/444  loss=0.2467
  train [############################------------] 316/444  loss=0.2466
  train [############################------------] 320/444  loss=0.2463
  train [#############################-----------] 324/444  loss=0.2457
  train [#############################-----------] 328/444  loss=0.2463
  train [#############################-----------] 332/444  loss=0.2466
  train [##############################----------] 336/444  loss=0.2461
  train [##############################----------] 340/444  loss=0.2466
  train [##############################----------] 344/444  loss=0.2467
  train [###############################---------] 348/444  loss=0.2471
  train [###############################---------] 352/444  loss=0.2466
  train [################################--------] 356/444  loss=0.2473
  train [################################--------] 360/444  loss=0.2480
  train [################################--------] 364/444  loss=0.2486
  train [#################################-------] 368/444  loss=0.2483
  train [#################################-------] 372/444  loss=0.2479
  train [#################################-------] 376/444  loss=0.2478
  train [##################################------] 380/444  loss=0.2483
  train [##################################------] 384/444  loss=0.2483
  train [##################################------] 388/444  loss=0.2479
  train [###################################-----] 392/444  loss=0.2475
  train [###################################-----] 396/444  loss=0.2474
  train [####################################----] 400/444  loss=0.2477
  train [####################################----] 404/444  loss=0.2476
  train [####################################----] 408/444  loss=0.2483
  train [#####################################---] 412/444  loss=0.2491
  train [#####################################---] 416/444  loss=0.2487
  train [#####################################---] 420/444  loss=0.2490
  train [######################################--] 424/444  loss=0.2502
  train [######################################--] 428/444  loss=0.2504
  train [######################################--] 432/444  loss=0.2505
  train [#######################################-] 436/444  loss=0.2504
  train [#######################################-] 440/444  loss=0.2503
  train [########################################] 444/444  loss=0.2502
  val   [----------------------------------------] 1/93
  val   [----------------------------------------] 2/93
  val   [#---------------------------------------] 3/93
  val   [#---------------------------------------] 4/93
  val   [##--------------------------------------] 5/93
  val   [##--------------------------------------] 6/93
  val   [###-------------------------------------] 7/93
  val   [###-------------------------------------] 8/93
  val   [###-------------------------------------] 9/93
  val   [####------------------------------------] 10/93
  val   [####------------------------------------] 11/93
  val   [#####-----------------------------------] 12/93
  val   [#####-----------------------------------] 13/93
  val   [######----------------------------------] 14/93
  val   [######----------------------------------] 15/93
  val   [######----------------------------------] 16/93
  val   [#######---------------------------------] 17/93
  val   [#######---------------------------------] 18/93
  val   [########--------------------------------] 19/93
  val   [########--------------------------------] 20/93
  val   [#########-------------------------------] 21/93
  val   [#########-------------------------------] 22/93
  val   [#########-------------------------------] 23/93
  val   [##########------------------------------] 24/93
  val   [##########------------------------------] 25/93
  val   [###########-----------------------------] 26/93
  val   [###########-----------------------------] 27/93
  val   [############----------------------------] 28/93
  val   [############----------------------------] 29/93
  val   [############----------------------------] 30/93
  val   [#############---------------------------] 31/93
  val   [#############---------------------------] 32/93
  val   [##############--------------------------] 33/93
  val   [##############--------------------------] 34/93
  val   [###############-------------------------] 35/93
  val   [###############-------------------------] 36/93
  val   [###############-------------------------] 37/93
  val   [################------------------------] 38/93
  val   [################------------------------] 39/93
  val   [#################-----------------------] 40/93
  val   [#################-----------------------] 41/93
  val   [##################----------------------] 42/93
  val   [##################----------------------] 43/93
  val   [##################----------------------] 44/93
  val   [###################---------------------] 45/93
  val   [###################---------------------] 46/93
  val   [####################--------------------] 47/93
  val   [####################--------------------] 48/93
  val   [#####################-------------------] 49/93
  val   [#####################-------------------] 50/93
  val   [#####################-------------------] 51/93
  val   [######################------------------] 52/93
  val   [######################------------------] 53/93
  val   [#######################-----------------] 54/93
  val   [#######################-----------------] 55/93
  val   [########################----------------] 56/93
  val   [########################----------------] 57/93
  val   [########################----------------] 58/93
  val   [#########################---------------] 59/93
  val   [#########################---------------] 60/93
  val   [##########################--------------] 61/93
  val   [##########################--------------] 62/93
  val   [###########################-------------] 63/93
  val   [###########################-------------] 64/93
  val   [###########################-------------] 65/93
  val   [############################------------] 66/93
  val   [############################------------] 67/93
  val   [#############################-----------] 68/93
  val   [#############################-----------] 69/93
  val   [##############################----------] 70/93
  val   [##############################----------] 71/93
  val   [##############################----------] 72/93
  val   [###############################---------] 73/93
  val   [###############################---------] 74/93
  val   [################################--------] 75/93
  val   [################################--------] 76/93
  val   [#################################-------] 77/93
  val   [#################################-------] 78/93
  val   [#################################-------] 79/93
  val   [##################################------] 80/93
  val   [##################################------] 81/93
  val   [###################################-----] 82/93
  val   [###################################-----] 83/93
  val   [####################################----] 84/93
  val   [####################################----] 85/93
  val   [####################################----] 86/93
  val   [#####################################---] 87/93
  val   [#####################################---] 88/93
  val   [######################################--] 89/93
  val   [######################################--] 90/93
  val   [#######################################-] 91/93
  val   [#######################################-] 92/93
  val   [########################################] 93/93
Epoch   6 | train_loss=0.2506 | val_loss=0.9981 | val_acc=0.7971
  train [----------------------------------------] 4/444  loss=0.2576
  train [----------------------------------------] 8/444  loss=0.2294
  train [#---------------------------------------] 12/444  loss=0.2276
  train [#---------------------------------------] 16/444  loss=0.2155
  train [#---------------------------------------] 20/444  loss=0.2211
  train [##--------------------------------------] 24/444  loss=0.2102
  train [##--------------------------------------] 28/444  loss=0.2122
  train [##--------------------------------------] 32/444  loss=0.2156
  train [###-------------------------------------] 36/444  loss=0.2092
  train [###-------------------------------------] 40/444  loss=0.2060
  train [###-------------------------------------] 44/444  loss=0.2059
  train [####------------------------------------] 48/444  loss=0.2026
  train [####------------------------------------] 52/444  loss=0.1985
  train [#####-----------------------------------] 56/444  loss=0.1983
  train [#####-----------------------------------] 60/444  loss=0.1964
  train [#####-----------------------------------] 64/444  loss=0.1995
  train [######----------------------------------] 68/444  loss=0.1977
  train [######----------------------------------] 72/444  loss=0.1991
  train [######----------------------------------] 76/444  loss=0.1982
  train [#######---------------------------------] 80/444  loss=0.1969
  train [#######---------------------------------] 84/444  loss=0.1963
  train [#######---------------------------------] 88/444  loss=0.1996
  train [########--------------------------------] 92/444  loss=0.2019
  train [########--------------------------------] 96/444  loss=0.1997
  train [#########-------------------------------] 100/444  loss=0.1987
  train [#########-------------------------------] 104/444  loss=0.1987
  train [#########-------------------------------] 108/444  loss=0.1969
  train [##########------------------------------] 112/444  loss=0.1973
  train [##########------------------------------] 116/444  loss=0.1990
  train [##########------------------------------] 120/444  loss=0.1997
  train [###########-----------------------------] 124/444  loss=0.2023
  train [###########-----------------------------] 128/444  loss=0.2013
  train [###########-----------------------------] 132/444  loss=0.2026
  train [############----------------------------] 136/444  loss=0.2014
  train [############----------------------------] 140/444  loss=0.2012
  train [############----------------------------] 144/444  loss=0.2011
  train [#############---------------------------] 148/444  loss=0.2013
  train [#############---------------------------] 152/444  loss=0.2014
  train [##############--------------------------] 156/444  loss=0.2018
  train [##############--------------------------] 160/444  loss=0.2001
  train [##############--------------------------] 164/444  loss=0.1993
  train [###############-------------------------] 168/444  loss=0.1992
  train [###############-------------------------] 172/444  loss=0.1987
  train [###############-------------------------] 176/444  loss=0.1990
  train [################------------------------] 180/444  loss=0.1988
  train [################------------------------] 184/444  loss=0.1997
  train [################------------------------] 188/444  loss=0.1994
  train [#################-----------------------] 192/444  loss=0.1993
  train [#################-----------------------] 196/444  loss=0.1988
  train [##################----------------------] 200/444  loss=0.2003
  train [##################----------------------] 204/444  loss=0.2004
  train [##################----------------------] 208/444  loss=0.2004
  train [###################---------------------] 212/444  loss=0.2023
  train [###################---------------------] 216/444  loss=0.2023
  train [###################---------------------] 220/444  loss=0.2013
  train [####################--------------------] 224/444  loss=0.2009
  train [####################--------------------] 228/444  loss=0.1991
  train [####################--------------------] 232/444  loss=0.2017
  train [#####################-------------------] 236/444  loss=0.2015
  train [#####################-------------------] 240/444  loss=0.2025
  train [#####################-------------------] 244/444  loss=0.2022
  train [######################------------------] 248/444  loss=0.2028
  train [######################------------------] 252/444  loss=0.2024
  train [#######################-----------------] 256/444  loss=0.2023
  train [#######################-----------------] 260/444  loss=0.2035
  train [#######################-----------------] 264/444  loss=0.2040
  train [########################----------------] 268/444  loss=0.2041
  train [########################----------------] 272/444  loss=0.2043
  train [########################----------------] 276/444  loss=0.2037
  train [#########################---------------] 280/444  loss=0.2033
  train [#########################---------------] 284/444  loss=0.2032
  train [#########################---------------] 288/444  loss=0.2040
  train [##########################--------------] 292/444  loss=0.2032
  train [##########################--------------] 296/444  loss=0.2036
  train [###########################-------------] 300/444  loss=0.2040
  train [###########################-------------] 304/444  loss=0.2035
  train [###########################-------------] 308/444  loss=0.2034
  train [############################------------] 312/444  loss=0.2029
  train [############################------------] 316/444  loss=0.2022
  train [############################------------] 320/444  loss=0.2018
  train [#############################-----------] 324/444  loss=0.2014
  train [#############################-----------] 328/444  loss=0.2012
  train [#############################-----------] 332/444  loss=0.2011
  train [##############################----------] 336/444  loss=0.2009
  train [##############################----------] 340/444  loss=0.2011
  train [##############################----------] 344/444  loss=0.2013
  train [###############################---------] 348/444  loss=0.2012
  train [###############################---------] 352/444  loss=0.2009
  train [################################--------] 356/444  loss=0.2011
  train [################################--------] 360/444  loss=0.2008
  train [################################--------] 364/444  loss=0.1999
  train [#################################-------] 368/444  loss=0.1999
  train [#################################-------] 372/444  loss=0.1990
  train [#################################-------] 376/444  loss=0.1991
  train [##################################------] 380/444  loss=0.1986
  train [##################################------] 384/444  loss=0.1992
  train [##################################------] 388/444  loss=0.1999
  train [###################################-----] 392/444  loss=0.2001
  train [###################################-----] 396/444  loss=0.2001
  train [####################################----] 400/444  loss=0.1997
  train [####################################----] 404/444  loss=0.2003
  train [####################################----] 408/444  loss=0.1999
  train [#####################################---] 412/444  loss=0.2000
  train [#####################################---] 416/444  loss=0.1999
  train [#####################################---] 420/444  loss=0.2002
  train [######################################--] 424/444  loss=0.1996
  train [######################################--] 428/444  loss=0.1998
  train [######################################--] 432/444  loss=0.2004
  train [#######################################-] 436/444  loss=0.2007
  train [#######################################-] 440/444  loss=0.2003
  train [########################################] 444/444  loss=0.2006
  val   [----------------------------------------] 1/93
  val   [----------------------------------------] 2/93
  val   [#---------------------------------------] 3/93
  val   [#---------------------------------------] 4/93
  val   [##--------------------------------------] 5/93
  val   [##--------------------------------------] 6/93
  val   [###-------------------------------------] 7/93
  val   [###-------------------------------------] 8/93
  val   [###-------------------------------------] 9/93
  val   [####------------------------------------] 10/93
  val   [####------------------------------------] 11/93
  val   [#####-----------------------------------] 12/93
  val   [#####-----------------------------------] 13/93
  val   [######----------------------------------] 14/93
  val   [######----------------------------------] 15/93
  val   [######----------------------------------] 16/93
  val   [#######---------------------------------] 17/93
  val   [#######---------------------------------] 18/93
  val   [########--------------------------------] 19/93
  val   [########--------------------------------] 20/93
  val   [#########-------------------------------] 21/93
  val   [#########-------------------------------] 22/93
  val   [#########-------------------------------] 23/93
  val   [##########------------------------------] 24/93
  val   [##########------------------------------] 25/93
  val   [###########-----------------------------] 26/93
  val   [###########-----------------------------] 27/93
  val   [############----------------------------] 28/93
  val   [############----------------------------] 29/93
  val   [############----------------------------] 30/93
  val   [#############---------------------------] 31/93
  val   [#############---------------------------] 32/93
  val   [##############--------------------------] 33/93
  val   [##############--------------------------] 34/93
  val   [###############-------------------------] 35/93
  val   [###############-------------------------] 36/93
  val   [###############-------------------------] 37/93
  val   [################------------------------] 38/93
  val   [################------------------------] 39/93
  val   [#################-----------------------] 40/93
  val   [#################-----------------------] 41/93
  val   [##################----------------------] 42/93
  val   [##################----------------------] 43/93
  val   [##################----------------------] 44/93
  val   [###################---------------------] 45/93
  val   [###################---------------------] 46/93
  val   [####################--------------------] 47/93
  val   [####################--------------------] 48/93
  val   [#####################-------------------] 49/93
  val   [#####################-------------------] 50/93
  val   [#####################-------------------] 51/93
  val   [######################------------------] 52/93
  val   [######################------------------] 53/93
  val   [#######################-----------------] 54/93
  val   [#######################-----------------] 55/93
  val   [########################----------------] 56/93
  val   [########################----------------] 57/93
  val   [########################----------------] 58/93
  val   [#########################---------------] 59/93
  val   [#########################---------------] 60/93
  val   [##########################--------------] 61/93
  val   [##########################--------------] 62/93
  val   [###########################-------------] 63/93
  val   [###########################-------------] 64/93
  val   [###########################-------------] 65/93
  val   [############################------------] 66/93
  val   [############################------------] 67/93
  val   [#############################-----------] 68/93
  val   [#############################-----------] 69/93
  val   [##############################----------] 70/93
  val   [##############################----------] 71/93
  val   [##############################----------] 72/93
  val   [###############################---------] 73/93
  val   [###############################---------] 74/93
  val   [################################--------] 75/93
  val   [################################--------] 76/93
  val   [#################################-------] 77/93
  val   [#################################-------] 78/93
  val   [#################################-------] 79/93
  val   [##################################------] 80/93
  val   [##################################------] 81/93
  val   [###################################-----] 82/93
  val   [###################################-----] 83/93
  val   [####################################----] 84/93
  val   [####################################----] 85/93
  val   [####################################----] 86/93
  val   [#####################################---] 87/93
  val   [#####################################---] 88/93
  val   [######################################--] 89/93
  val   [######################################--] 90/93
  val   [#######################################-] 91/93
  val   [#######################################-] 92/93
  val   [########################################] 93/93
Epoch   7 | train_loss=0.2009 | val_loss=0.9167 | val_acc=0.8062
  -> best model saved (val_loss=0.9167)
  train [----------------------------------------] 4/444  loss=0.1880
  train [----------------------------------------] 8/444  loss=0.1572
  train [#---------------------------------------] 12/444  loss=0.1794
  train [#---------------------------------------] 16/444  loss=0.1763
  train [#---------------------------------------] 20/444  loss=0.1657
  train [##--------------------------------------] 24/444  loss=0.1642
  train [##--------------------------------------] 28/444  loss=0.1603
  train [##--------------------------------------] 32/444  loss=0.1593
  train [###-------------------------------------] 36/444  loss=0.1589
  train [###-------------------------------------] 40/444  loss=0.1607
  train [###-------------------------------------] 44/444  loss=0.1629
  train [####------------------------------------] 48/444  loss=0.1617
  train [####------------------------------------] 52/444  loss=0.1615
  train [#####-----------------------------------] 56/444  loss=0.1610
  train [#####-----------------------------------] 60/444  loss=0.1579
  train [#####-----------------------------------] 64/444  loss=0.1540
  train [######----------------------------------] 68/444  loss=0.1511
  train [######----------------------------------] 72/444  loss=0.1503
  train [######----------------------------------] 76/444  loss=0.1496
  train [#######---------------------------------] 80/444  loss=0.1504
  train [#######---------------------------------] 84/444  loss=0.1489
  train [#######---------------------------------] 88/444  loss=0.1484
  train [########--------------------------------] 92/444  loss=0.1471
  train [########--------------------------------] 96/444  loss=0.1483
  train [#########-------------------------------] 100/444  loss=0.1492
  train [#########-------------------------------] 104/444  loss=0.1481
  train [#########-------------------------------] 108/444  loss=0.1486
  train [##########------------------------------] 112/444  loss=0.1497
  train [##########------------------------------] 116/444  loss=0.1502
  train [##########------------------------------] 120/444  loss=0.1517
  train [###########-----------------------------] 124/444  loss=0.1513
  train [###########-----------------------------] 128/444  loss=0.1505
  train [###########-----------------------------] 132/444  loss=0.1504
  train [############----------------------------] 136/444  loss=0.1489
  train [############----------------------------] 140/444  loss=0.1497
  train [############----------------------------] 144/444  loss=0.1496
  train [#############---------------------------] 148/444  loss=0.1519
  train [#############---------------------------] 152/444  loss=0.1529
  train [##############--------------------------] 156/444  loss=0.1526
  train [##############--------------------------] 160/444  loss=0.1520
  train [##############--------------------------] 164/444  loss=0.1526
  train [###############-------------------------] 168/444  loss=0.1540
  train [###############-------------------------] 172/444  loss=0.1539
  train [###############-------------------------] 176/444  loss=0.1544
  train [################------------------------] 180/444  loss=0.1537
  train [################------------------------] 184/444  loss=0.1537
  train [################------------------------] 188/444  loss=0.1537
  train [#################-----------------------] 192/444  loss=0.1546
  train [#################-----------------------] 196/444  loss=0.1546
  train [##################----------------------] 200/444  loss=0.1554
  train [##################----------------------] 204/444  loss=0.1560
  train [##################----------------------] 208/444  loss=0.1555
  train [###################---------------------] 212/444  loss=0.1563
  train [###################---------------------] 216/444  loss=0.1563
  train [###################---------------------] 220/444  loss=0.1583
  train [####################--------------------] 224/444  loss=0.1585
  train [####################--------------------] 228/444  loss=0.1585
  train [####################--------------------] 232/444  loss=0.1598
  train [#####################-------------------] 236/444  loss=0.1603
  train [#####################-------------------] 240/444  loss=0.1595
  train [#####################-------------------] 244/444  loss=0.1593
  train [######################------------------] 248/444  loss=0.1592
  train [######################------------------] 252/444  loss=0.1596
  train [#######################-----------------] 256/444  loss=0.1594
  train [#######################-----------------] 260/444  loss=0.1591
  train [#######################-----------------] 264/444  loss=0.1595
  train [########################----------------] 268/444  loss=0.1591
  train [########################----------------] 272/444  loss=0.1585
  train [########################----------------] 276/444  loss=0.1580
  train [#########################---------------] 280/444  loss=0.1581
  train [#########################---------------] 284/444  loss=0.1577
  train [#########################---------------] 288/444  loss=0.1572
  train [##########################--------------] 292/444  loss=0.1568
  train [##########################--------------] 296/444  loss=0.1559
  train [###########################-------------] 300/444  loss=0.1558
  train [###########################-------------] 304/444  loss=0.1557
  train [###########################-------------] 308/444  loss=0.1554
  train [############################------------] 312/444  loss=0.1556
  train [############################------------] 316/444  loss=0.1561
  train [############################------------] 320/444  loss=0.1559
  train [#############################-----------] 324/444  loss=0.1556
  train [#############################-----------] 328/444  loss=0.1552
  train [#############################-----------] 332/444  loss=0.1549
  train [##############################----------] 336/444  loss=0.1545
  train [##############################----------] 340/444  loss=0.1549
  train [##############################----------] 344/444  loss=0.1552
  train [###############################---------] 348/444  loss=0.1546
  train [###############################---------] 352/444  loss=0.1550
  train [################################--------] 356/444  loss=0.1548
  train [################################--------] 360/444  loss=0.1547
  train [################################--------] 364/444  loss=0.1547
  train [#################################-------] 368/444  loss=0.1547
  train [#################################-------] 372/444  loss=0.1544
  train [#################################-------] 376/444  loss=0.1552
  train [##################################------] 380/444  loss=0.1551
  train [##################################------] 384/444  loss=0.1553
  train [##################################------] 388/444  loss=0.1563
  train [###################################-----] 392/444  loss=0.1561
  train [###################################-----] 396/444  loss=0.1564
  train [####################################----] 400/444  loss=0.1565
  train [####################################----] 404/444  loss=0.1571
  train [####################################----] 408/444  loss=0.1573
  train [#####################################---] 412/444  loss=0.1570
  train [#####################################---] 416/444  loss=0.1568
  train [#####################################---] 420/444  loss=0.1572
  train [######################################--] 424/444  loss=0.1571
  train [######################################--] 428/444  loss=0.1573
  train [######################################--] 432/444  loss=0.1574
  train [#######################################-] 436/444  loss=0.1567
  train [#######################################-] 440/444  loss=0.1570
  train [########################################] 444/444  loss=0.1567
  val   [----------------------------------------] 1/93
  val   [----------------------------------------] 2/93
  val   [#---------------------------------------] 3/93
  val   [#---------------------------------------] 4/93
  val   [##--------------------------------------] 5/93
  val   [##--------------------------------------] 6/93
  val   [###-------------------------------------] 7/93
  val   [###-------------------------------------] 8/93
  val   [###-------------------------------------] 9/93
  val   [####------------------------------------] 10/93
  val   [####------------------------------------] 11/93
  val   [#####-----------------------------------] 12/93
  val   [#####-----------------------------------] 13/93
  val   [######----------------------------------] 14/93
  val   [######----------------------------------] 15/93
  val   [######----------------------------------] 16/93
  val   [#######---------------------------------] 17/93
  val   [#######---------------------------------] 18/93
  val   [########--------------------------------] 19/93
  val   [########--------------------------------] 20/93
  val   [#########-------------------------------] 21/93
  val   [#########-------------------------------] 22/93
  val   [#########-------------------------------] 23/93
  val   [##########------------------------------] 24/93
  val   [##########------------------------------] 25/93
  val   [###########-----------------------------] 26/93
  val   [###########-----------------------------] 27/93
  val   [############----------------------------] 28/93
  val   [############----------------------------] 29/93
  val   [############----------------------------] 30/93
  val   [#############---------------------------] 31/93
  val   [#############---------------------------] 32/93
  val   [##############--------------------------] 33/93
  val   [##############--------------------------] 34/93
  val   [###############-------------------------] 35/93
  val   [###############-------------------------] 36/93
  val   [###############-------------------------] 37/93
  val   [################------------------------] 38/93
  val   [################------------------------] 39/93
  val   [#################-----------------------] 40/93
  val   [#################-----------------------] 41/93
  val   [##################----------------------] 42/93
  val   [##################----------------------] 43/93
  val   [##################----------------------] 44/93
  val   [###################---------------------] 45/93
  val   [###################---------------------] 46/93
  val   [####################--------------------] 47/93
  val   [####################--------------------] 48/93
  val   [#####################-------------------] 49/93
  val   [#####################-------------------] 50/93
  val   [#####################-------------------] 51/93
  val   [######################------------------] 52/93
  val   [######################------------------] 53/93
  val   [#######################-----------------] 54/93
  val   [#######################-----------------] 55/93
  val   [########################----------------] 56/93
  val   [########################----------------] 57/93
  val   [########################----------------] 58/93
  val   [#########################---------------] 59/93
  val   [#########################---------------] 60/93
  val   [##########################--------------] 61/93
  val   [##########################--------------] 62/93
  val   [###########################-------------] 63/93
  val   [###########################-------------] 64/93
  val   [###########################-------------] 65/93
  val   [############################------------] 66/93
  val   [############################------------] 67/93
  val   [#############################-----------] 68/93
  val   [#############################-----------] 69/93
  val   [##############################----------] 70/93
  val   [##############################----------] 71/93
  val   [##############################----------] 72/93
  val   [###############################---------] 73/93
  val   [###############################---------] 74/93
  val   [################################--------] 75/93
  val   [################################--------] 76/93
  val   [#################################-------] 77/93
  val   [#################################-------] 78/93
  val   [#################################-------] 79/93
  val   [##################################------] 80/93
  val   [##################################------] 81/93
  val   [###################################-----] 82/93
  val   [###################################-----] 83/93
  val   [####################################----] 84/93
  val   [####################################----] 85/93
  val   [####################################----] 86/93
  val   [#####################################---] 87/93
  val   [#####################################---] 88/93
  val   [######################################--] 89/93
  val   [######################################--] 90/93
  val   [#######################################-] 91/93
  val   [#######################################-] 92/93
  val   [########################################] 93/93
Epoch   8 | train_loss=0.1570 | val_loss=0.9181 | val_acc=0.8144
  train [----------------------------------------] 4/444  loss=0.1552
  train [----------------------------------------] 8/444  loss=0.1360
  train [#---------------------------------------] 12/444  loss=0.1251
  train [#---------------------------------------] 16/444  loss=0.1296
  train [#---------------------------------------] 20/444  loss=0.1345
  train [##--------------------------------------] 24/444  loss=0.1293
  train [##--------------------------------------] 28/444  loss=0.1309
  train [##--------------------------------------] 32/444  loss=0.1306
  train [###-------------------------------------] 36/444  loss=0.1270
  train [###-------------------------------------] 40/444  loss=0.1232
  train [###-------------------------------------] 44/444  loss=0.1203
  train [####------------------------------------] 48/444  loss=0.1208
  train [####------------------------------------] 52/444  loss=0.1244
  train [#####-----------------------------------] 56/444  loss=0.1219
  train [#####-----------------------------------] 60/444  loss=0.1196
  train [#####-----------------------------------] 64/444  loss=0.1207
  train [######----------------------------------] 68/444  loss=0.1206
  train [######----------------------------------] 72/444  loss=0.1195
  train [######----------------------------------] 76/444  loss=0.1173
  train [#######---------------------------------] 80/444  loss=0.1165
  train [#######---------------------------------] 84/444  loss=0.1166
  train [#######---------------------------------] 88/444  loss=0.1170
  train [########--------------------------------] 92/444  loss=0.1179
  train [########--------------------------------] 96/444  loss=0.1174
  train [#########-------------------------------] 100/444  loss=0.1190
  train [#########-------------------------------] 104/444  loss=0.1198
  train [#########-------------------------------] 108/444  loss=0.1187
  train [##########------------------------------] 112/444  loss=0.1177
  train [##########------------------------------] 116/444  loss=0.1170
  train [##########------------------------------] 120/444  loss=0.1172
  train [###########-----------------------------] 124/444  loss=0.1171
  train [###########-----------------------------] 128/444  loss=0.1186
  train [###########-----------------------------] 132/444  loss=0.1180
  train [############----------------------------] 136/444  loss=0.1179
  train [############----------------------------] 140/444  loss=0.1184
  train [############----------------------------] 144/444  loss=0.1189
  train [#############---------------------------] 148/444  loss=0.1193
  train [#############---------------------------] 152/444  loss=0.1204
  train [##############--------------------------] 156/444  loss=0.1205
  train [##############--------------------------] 160/444  loss=0.1205
  train [##############--------------------------] 164/444  loss=0.1203
  train [###############-------------------------] 168/444  loss=0.1199
  train [###############-------------------------] 172/444  loss=0.1199
  train [###############-------------------------] 176/444  loss=0.1199
  train [################------------------------] 180/444  loss=0.1193
  train [################------------------------] 184/444  loss=0.1185
  train [################------------------------] 188/444  loss=0.1189
  train [#################-----------------------] 192/444  loss=0.1187
  train [#################-----------------------] 196/444  loss=0.1183
  train [##################----------------------] 200/444  loss=0.1181
  train [##################----------------------] 204/444  loss=0.1178
  train [##################----------------------] 208/444  loss=0.1179
  train [###################---------------------] 212/444  loss=0.1178
  train [###################---------------------] 216/444  loss=0.1176
  train [###################---------------------] 220/444  loss=0.1166
  train [####################--------------------] 224/444  loss=0.1170
  train [####################--------------------] 228/444  loss=0.1170
  train [####################--------------------] 232/444  loss=0.1160
  train [#####################-------------------] 236/444  loss=0.1162
  train [#####################-------------------] 240/444  loss=0.1163
  train [#####################-------------------] 244/444  loss=0.1165
  train [######################------------------] 248/444  loss=0.1171
  train [######################------------------] 252/444  loss=0.1165
  train [#######################-----------------] 256/444  loss=0.1173
  train [#######################-----------------] 260/444  loss=0.1180
  train [#######################-----------------] 264/444  loss=0.1185
  train [########################----------------] 268/444  loss=0.1187
  train [########################----------------] 272/444  loss=0.1185
  train [########################----------------] 276/444  loss=0.1185
  train [#########################---------------] 280/444  loss=0.1184
  train [#########################---------------] 284/444  loss=0.1185
  train [#########################---------------] 288/444  loss=0.1188
  train [##########################--------------] 292/444  loss=0.1193
  train [##########################--------------] 296/444  loss=0.1190
  train [###########################-------------] 300/444  loss=0.1190
  train [###########################-------------] 304/444  loss=0.1191
  train [###########################-------------] 308/444  loss=0.1198
  train [############################------------] 312/444  loss=0.1205
  train [############################------------] 316/444  loss=0.1200
  train [############################------------] 320/444  loss=0.1203
  train [#############################-----------] 324/444  loss=0.1206
  train [#############################-----------] 328/444  loss=0.1209
  train [#############################-----------] 332/444  loss=0.1207
  train [##############################----------] 336/444  loss=0.1212
  train [##############################----------] 340/444  loss=0.1214
  train [##############################----------] 344/444  loss=0.1217
  train [###############################---------] 348/444  loss=0.1211
  train [###############################---------] 352/444  loss=0.1215
  train [################################--------] 356/444  loss=0.1215
  train [################################--------] 360/444  loss=0.1220
  train [################################--------] 364/444  loss=0.1222
  train [#################################-------] 368/444  loss=0.1229
  train [#################################-------] 372/444  loss=0.1226
  train [#################################-------] 376/444  loss=0.1227
  train [##################################------] 380/444  loss=0.1234
  train [##################################------] 384/444  loss=0.1233
  train [##################################------] 388/444  loss=0.1236
  train [###################################-----] 392/444  loss=0.1238
  train [###################################-----] 396/444  loss=0.1244
  train [####################################----] 400/444  loss=0.1243
  train [####################################----] 404/444  loss=0.1252
  train [####################################----] 408/444  loss=0.1252
  train [#####################################---] 412/444  loss=0.1252
  train [#####################################---] 416/444  loss=0.1254
  train [#####################################---] 420/444  loss=0.1255
  train [######################################--] 424/444  loss=0.1260
  train [######################################--] 428/444  loss=0.1271
  train [######################################--] 432/444  loss=0.1274
  train [#######################################-] 436/444  loss=0.1281
  train [#######################################-] 440/444  loss=0.1283
  train [########################################] 444/444  loss=0.1283
  val   [----------------------------------------] 1/93
  val   [----------------------------------------] 2/93
  val   [#---------------------------------------] 3/93
  val   [#---------------------------------------] 4/93
  val   [##--------------------------------------] 5/93
  val   [##--------------------------------------] 6/93
  val   [###-------------------------------------] 7/93
  val   [###-------------------------------------] 8/93
  val   [###-------------------------------------] 9/93
  val   [####------------------------------------] 10/93
  val   [####------------------------------------] 11/93
  val   [#####-----------------------------------] 12/93
  val   [#####-----------------------------------] 13/93
  val   [######----------------------------------] 14/93
  val   [######----------------------------------] 15/93
  val   [######----------------------------------] 16/93
  val   [#######---------------------------------] 17/93
  val   [#######---------------------------------] 18/93
  val   [########--------------------------------] 19/93
  val   [########--------------------------------] 20/93
  val   [#########-------------------------------] 21/93
  val   [#########-------------------------------] 22/93
  val   [#########-------------------------------] 23/93
  val   [##########------------------------------] 24/93
  val   [##########------------------------------] 25/93
  val   [###########-----------------------------] 26/93
  val   [###########-----------------------------] 27/93
  val   [############----------------------------] 28/93
  val   [############----------------------------] 29/93
  val   [############----------------------------] 30/93
  val   [#############---------------------------] 31/93
  val   [#############---------------------------] 32/93
  val   [##############--------------------------] 33/93
  val   [##############--------------------------] 34/93
  val   [###############-------------------------] 35/93
  val   [###############-------------------------] 36/93
  val   [###############-------------------------] 37/93
  val   [################------------------------] 38/93
  val   [################------------------------] 39/93
  val   [#################-----------------------] 40/93
  val   [#################-----------------------] 41/93
  val   [##################----------------------] 42/93
  val   [##################----------------------] 43/93
  val   [##################----------------------] 44/93
  val   [###################---------------------] 45/93
  val   [###################---------------------] 46/93
  val   [####################--------------------] 47/93
  val   [####################--------------------] 48/93
  val   [#####################-------------------] 49/93
  val   [#####################-------------------] 50/93
  val   [#####################-------------------] 51/93
  val   [######################------------------] 52/93
  val   [######################------------------] 53/93
  val   [#######################-----------------] 54/93
  val   [#######################-----------------] 55/93
  val   [########################----------------] 56/93
  val   [########################----------------] 57/93
  val   [########################----------------] 58/93
  val   [#########################---------------] 59/93
  val   [#########################---------------] 60/93
  val   [##########################--------------] 61/93
  val   [##########################--------------] 62/93
  val   [###########################-------------] 63/93
  val   [###########################-------------] 64/93
  val   [###########################-------------] 65/93
  val   [############################------------] 66/93
  val   [############################------------] 67/93
  val   [#############################-----------] 68/93
  val   [#############################-----------] 69/93
  val   [##############################----------] 70/93
  val   [##############################----------] 71/93
  val   [##############################----------] 72/93
  val   [###############################---------] 73/93
  val   [###############################---------] 74/93
  val   [################################--------] 75/93
  val   [################################--------] 76/93
  val   [#################################-------] 77/93
  val   [#################################-------] 78/93
  val   [#################################-------] 79/93
  val   [##################################------] 80/93
  val   [##################################------] 81/93
  val   [###################################-----] 82/93
  val   [###################################-----] 83/93
  val   [####################################----] 84/93
  val   [####################################----] 85/93
  val   [####################################----] 86/93
  val   [#####################################---] 87/93
  val   [#####################################---] 88/93
  val   [######################################--] 89/93
  val   [######################################--] 90/93
  val   [#######################################-] 91/93
  val   [#######################################-] 92/93
  val   [########################################] 93/93
Epoch   9 | train_loss=0.1286 | val_loss=0.9597 | val_acc=0.8099
  train [----------------------------------------] 4/444  loss=0.1260
  train [----------------------------------------] 8/444  loss=0.1354
  train [#---------------------------------------] 12/444  loss=0.1487
  train [#---------------------------------------] 16/444  loss=0.1355
  train [#---------------------------------------] 20/444  loss=0.1273
  train [##--------------------------------------] 24/444  loss=0.1318
  train [##--------------------------------------] 28/444  loss=0.1309
  train [##--------------------------------------] 32/444  loss=0.1241
  train [###-------------------------------------] 36/444  loss=0.1171
  train [###-------------------------------------] 40/444  loss=0.1173
  train [###-------------------------------------] 44/444  loss=0.1202
  train [####------------------------------------] 48/444  loss=0.1189
  train [####------------------------------------] 52/444  loss=0.1158
  train [#####-----------------------------------] 56/444  loss=0.1149
  train [#####-----------------------------------] 60/444  loss=0.1108
  train [#####-----------------------------------] 64/444  loss=0.1113
  train [######----------------------------------] 68/444  loss=0.1105
  train [######----------------------------------] 72/444  loss=0.1097
  train [######----------------------------------] 76/444  loss=0.1069
  train [#######---------------------------------] 80/444  loss=0.1085
  train [#######---------------------------------] 84/444  loss=0.1102
  train [#######---------------------------------] 88/444  loss=0.1089
  train [########--------------------------------] 92/444  loss=0.1092
  train [########--------------------------------] 96/444  loss=0.1091
  train [#########-------------------------------] 100/444  loss=0.1091
  train [#########-------------------------------] 104/444  loss=0.1069
  train [#########-------------------------------] 108/444  loss=0.1056
  train [##########------------------------------] 112/444  loss=0.1065
  train [##########------------------------------] 116/444  loss=0.1053
  train [##########------------------------------] 120/444  loss=0.1051
  train [###########-----------------------------] 124/444  loss=0.1055
  train [###########-----------------------------] 128/444  loss=0.1048
  train [###########-----------------------------] 132/444  loss=0.1055
  train [############----------------------------] 136/444  loss=0.1053
  train [############----------------------------] 140/444  loss=0.1043
  train [############----------------------------] 144/444  loss=0.1036
  train [#############---------------------------] 148/444  loss=0.1049
  train [#############---------------------------] 152/444  loss=0.1045
  train [##############--------------------------] 156/444  loss=0.1046
  train [##############--------------------------] 160/444  loss=0.1037
  train [##############--------------------------] 164/444  loss=0.1037
  train [###############-------------------------] 168/444  loss=0.1039
  train [###############-------------------------] 172/444  loss=0.1045
  train [###############-------------------------] 176/444  loss=0.1041
  train [################------------------------] 180/444  loss=0.1049
  train [################------------------------] 184/444  loss=0.1071
  train [################------------------------] 188/444  loss=0.1072
  train [#################-----------------------] 192/444  loss=0.1065
  train [#################-----------------------] 196/444  loss=0.1071
  train [##################----------------------] 200/444  loss=0.1075
  train [##################----------------------] 204/444  loss=0.1070
  train [##################----------------------] 208/444  loss=0.1068
  train [###################---------------------] 212/444  loss=0.1070
  train [###################---------------------] 216/444  loss=0.1066
  train [###################---------------------] 220/444  loss=0.1064
  train [####################--------------------] 224/444  loss=0.1066
  train [####################--------------------] 228/444  loss=0.1065
  train [####################--------------------] 232/444  loss=0.1060
  train [#####################-------------------] 236/444  loss=0.1056
  train [#####################-------------------] 240/444  loss=0.1055
  train [#####################-------------------] 244/444  loss=0.1052
  train [######################------------------] 248/444  loss=0.1058
  train [######################------------------] 252/444  loss=0.1059
  train [#######################-----------------] 256/444  loss=0.1056
  train [#######################-----------------] 260/444  loss=0.1052
  train [#######################-----------------] 264/444  loss=0.1055
  train [########################----------------] 268/444  loss=0.1054
  train [########################----------------] 272/444  loss=0.1047
  train [########################----------------] 276/444  loss=0.1049
  train [#########################---------------] 280/444  loss=0.1051
  train [#########################---------------] 284/444  loss=0.1048
  train [#########################---------------] 288/444  loss=0.1047
  train [##########################--------------] 292/444  loss=0.1045
  train [##########################--------------] 296/444  loss=0.1044
  train [###########################-------------] 300/444  loss=0.1042
  train [###########################-------------] 304/444  loss=0.1045
  train [###########################-------------] 308/444  loss=0.1040
  train [############################------------] 312/444  loss=0.1038
  train [############################------------] 316/444  loss=0.1037
  train [############################------------] 320/444  loss=0.1039
  train [#############################-----------] 324/444  loss=0.1036
  train [#############################-----------] 328/444  loss=0.1040
  train [#############################-----------] 332/444  loss=0.1039
  train [##############################----------] 336/444  loss=0.1039
  train [##############################----------] 340/444  loss=0.1038
  train [##############################----------] 344/444  loss=0.1033
  train [###############################---------] 348/444  loss=0.1032
  train [###############################---------] 352/444  loss=0.1033
  train [################################--------] 356/444  loss=0.1029
  train [################################--------] 360/444  loss=0.1028
  train [################################--------] 364/444  loss=0.1029
  train [#################################-------] 368/444  loss=0.1029
  train [#################################-------] 372/444  loss=0.1029
  train [#################################-------] 376/444  loss=0.1026
  train [##################################------] 380/444  loss=0.1027
  train [##################################------] 384/444  loss=0.1029
  train [##################################------] 388/444  loss=0.1027
  train [###################################-----] 392/444  loss=0.1025
  train [###################################-----] 396/444  loss=0.1026
  train [####################################----] 400/444  loss=0.1032
  train [####################################----] 404/444  loss=0.1036
  train [####################################----] 408/444  loss=0.1037
  train [#####################################---] 412/444  loss=0.1039
  train [#####################################---] 416/444  loss=0.1041
  train [#####################################---] 420/444  loss=0.1040
  train [######################################--] 424/444  loss=0.1038
  train [######################################--] 428/444  loss=0.1040
  train [######################################--] 432/444  loss=0.1041
  train [#######################################-] 436/444  loss=0.1039
  train [#######################################-] 440/444  loss=0.1040
  train [########################################] 444/444  loss=0.1041
  val   [----------------------------------------] 1/93
  val   [----------------------------------------] 2/93
  val   [#---------------------------------------] 3/93
  val   [#---------------------------------------] 4/93
  val   [##--------------------------------------] 5/93
  val   [##--------------------------------------] 6/93
  val   [###-------------------------------------] 7/93
  val   [###-------------------------------------] 8/93
  val   [###-------------------------------------] 9/93
  val   [####------------------------------------] 10/93
  val   [####------------------------------------] 11/93
  val   [#####-----------------------------------] 12/93
  val   [#####-----------------------------------] 13/93
  val   [######----------------------------------] 14/93
  val   [######----------------------------------] 15/93
  val   [######----------------------------------] 16/93
  val   [#######---------------------------------] 17/93
  val   [#######---------------------------------] 18/93
  val   [########--------------------------------] 19/93
  val   [########--------------------------------] 20/93
  val   [#########-------------------------------] 21/93
  val   [#########-------------------------------] 22/93
  val   [#########-------------------------------] 23/93
  val   [##########------------------------------] 24/93
  val   [##########------------------------------] 25/93
  val   [###########-----------------------------] 26/93
  val   [###########-----------------------------] 27/93
  val   [############----------------------------] 28/93
  val   [############----------------------------] 29/93
  val   [############----------------------------] 30/93
  val   [#############---------------------------] 31/93
  val   [#############---------------------------] 32/93
  val   [##############--------------------------] 33/93
  val   [##############--------------------------] 34/93
  val   [###############-------------------------] 35/93
  val   [###############-------------------------] 36/93
  val   [###############-------------------------] 37/93
  val   [################------------------------] 38/93
  val   [################------------------------] 39/93
  val   [#################-----------------------] 40/93
  val   [#################-----------------------] 41/93
  val   [##################----------------------] 42/93
  val   [##################----------------------] 43/93
  val   [##################----------------------] 44/93
  val   [###################---------------------] 45/93
  val   [###################---------------------] 46/93
  val   [####################--------------------] 47/93
  val   [####################--------------------] 48/93
  val   [#####################-------------------] 49/93
  val   [#####################-------------------] 50/93
  val   [#####################-------------------] 51/93
  val   [######################------------------] 52/93
  val   [######################------------------] 53/93
  val   [#######################-----------------] 54/93
  val   [#######################-----------------] 55/93
  val   [########################----------------] 56/93
  val   [########################----------------] 57/93
  val   [########################----------------] 58/93
  val   [#########################---------------] 59/93
  val   [#########################---------------] 60/93
  val   [##########################--------------] 61/93
  val   [##########################--------------] 62/93
  val   [###########################-------------] 63/93
  val   [###########################-------------] 64/93
  val   [###########################-------------] 65/93
  val   [############################------------] 66/93
  val   [############################------------] 67/93
  val   [#############################-----------] 68/93
  val   [#############################-----------] 69/93
  val   [##############################----------] 70/93
  val   [##############################----------] 71/93
  val   [##############################----------] 72/93
  val   [###############################---------] 73/93
  val   [###############################---------] 74/93
  val   [################################--------] 75/93
  val   [################################--------] 76/93
  val   [#################################-------] 77/93
  val   [#################################-------] 78/93
  val   [#################################-------] 79/93
  val   [##################################------] 80/93
  val   [##################################------] 81/93
  val   [###################################-----] 82/93
  val   [###################################-----] 83/93
  val   [####################################----] 84/93
  val   [####################################----] 85/93
  val   [####################################----] 86/93
  val   [#####################################---] 87/93
  val   [#####################################---] 88/93
  val   [######################################--] 89/93
  val   [######################################--] 90/93
  val   [#######################################-] 91/93
  val   [#######################################-] 92/93
  val   [########################################] 93/93
Epoch  10 | train_loss=0.1042 | val_loss=0.9136 | val_acc=0.8237
  -> best model saved (val_loss=0.9136)
  train [----------------------------------------] 4/444  loss=0.0800
  train [----------------------------------------] 8/444  loss=0.0795
  train [#---------------------------------------] 12/444  loss=0.0811
  train [#---------------------------------------] 16/444  loss=0.0888
  train [#---------------------------------------] 20/444  loss=0.1032
  train [##--------------------------------------] 24/444  loss=0.1018
  train [##--------------------------------------] 28/444  loss=0.0969
  train [##--------------------------------------] 32/444  loss=0.0919
  train [###-------------------------------------] 36/444  loss=0.0913
  train [###-------------------------------------] 40/444  loss=0.0923
  train [###-------------------------------------] 44/444  loss=0.0903
  train [####------------------------------------] 48/444  loss=0.0880
  train [####------------------------------------] 52/444  loss=0.0874
  train [#####-----------------------------------] 56/444  loss=0.0859
  train [#####-----------------------------------] 60/444  loss=0.0872
  train [#####-----------------------------------] 64/444  loss=0.0859
  train [######----------------------------------] 68/444  loss=0.0849
  train [######----------------------------------] 72/444  loss=0.0833
  train [######----------------------------------] 76/444  loss=0.0828
  train [#######---------------------------------] 80/444  loss=0.0826
  train [#######---------------------------------] 84/444  loss=0.0829
  train [#######---------------------------------] 88/444  loss=0.0833
  train [########--------------------------------] 92/444  loss=0.0827
  train [########--------------------------------] 96/444  loss=0.0818
  train [#########-------------------------------] 100/444  loss=0.0815
  train [#########-------------------------------] 104/444  loss=0.0815
  train [#########-------------------------------] 108/444  loss=0.0822
  train [##########------------------------------] 112/444  loss=0.0823
  train [##########------------------------------] 116/444  loss=0.0813
  train [##########------------------------------] 120/444  loss=0.0811
  train [###########-----------------------------] 124/444  loss=0.0810
  train [###########-----------------------------] 128/444  loss=0.0804
  train [###########-----------------------------] 132/444  loss=0.0800
  train [############----------------------------] 136/444  loss=0.0794
  train [############----------------------------] 140/444  loss=0.0794
  train [############----------------------------] 144/444  loss=0.0787
  train [#############---------------------------] 148/444  loss=0.0790
  train [#############---------------------------] 152/444  loss=0.0793
  train [##############--------------------------] 156/444  loss=0.0796
  train [##############--------------------------] 160/444  loss=0.0805
  train [##############--------------------------] 164/444  loss=0.0801
  train [###############-------------------------] 168/444  loss=0.0800
  train [###############-------------------------] 172/444  loss=0.0807
  train [###############-------------------------] 176/444  loss=0.0801
  train [################------------------------] 180/444  loss=0.0806
  train [################------------------------] 184/444  loss=0.0812
  train [################------------------------] 188/444  loss=0.0809
  train [#################-----------------------] 192/444  loss=0.0820
  train [#################-----------------------] 196/444  loss=0.0822
  train [##################----------------------] 200/444  loss=0.0825
  train [##################----------------------] 204/444  loss=0.0823
  train [##################----------------------] 208/444  loss=0.0822
  train [###################---------------------] 212/444  loss=0.0818
  train [###################---------------------] 216/444  loss=0.0829
  train [###################---------------------] 220/444  loss=0.0837
  train [####################--------------------] 224/444  loss=0.0839
  train [####################--------------------] 228/444  loss=0.0835
  train [####################--------------------] 232/444  loss=0.0836
  train [#####################-------------------] 236/444  loss=0.0847
  train [#####################-------------------] 240/444  loss=0.0845
  train [#####################-------------------] 244/444  loss=0.0846
  train [######################------------------] 248/444  loss=0.0842
  train [######################------------------] 252/444  loss=0.0842
  train [#######################-----------------] 256/444  loss=0.0842
  train [#######################-----------------] 260/444  loss=0.0842
  train [#######################-----------------] 264/444  loss=0.0844
  train [########################----------------] 268/444  loss=0.0852
  train [########################----------------] 272/444  loss=0.0848
  train [########################----------------] 276/444  loss=0.0851
  train [#########################---------------] 280/444  loss=0.0857
  train [#########################---------------] 284/444  loss=0.0858
  train [#########################---------------] 288/444  loss=0.0854
  train [##########################--------------] 292/444  loss=0.0859
  train [##########################--------------] 296/444  loss=0.0859
  train [###########################-------------] 300/444  loss=0.0862
  train [###########################-------------] 304/444  loss=0.0861
  train [###########################-------------] 308/444  loss=0.0860
  train [############################------------] 312/444  loss=0.0872
  train [############################------------] 316/444  loss=0.0876
  train [############################------------] 320/444  loss=0.0876
  train [#############################-----------] 324/444  loss=0.0873
  train [#############################-----------] 328/444  loss=0.0876
  train [#############################-----------] 332/444  loss=0.0879
  train [##############################----------] 336/444  loss=0.0884
  train [##############################----------] 340/444  loss=0.0884
  train [##############################----------] 344/444  loss=0.0886
  train [###############################---------] 348/444  loss=0.0887
  train [###############################---------] 352/444  loss=0.0889
  train [################################--------] 356/444  loss=0.0887
  train [################################--------] 360/444  loss=0.0888
  train [################################--------] 364/444  loss=0.0887
  train [#################################-------] 368/444  loss=0.0884
  train [#################################-------] 372/444  loss=0.0885
  train [#################################-------] 376/444  loss=0.0882
  train [##################################------] 380/444  loss=0.0881
  train [##################################------] 384/444  loss=0.0883
  train [##################################------] 388/444  loss=0.0885
  train [###################################-----] 392/444  loss=0.0884
  train [###################################-----] 396/444  loss=0.0885
  train [####################################----] 400/444  loss=0.0884
  train [####################################----] 404/444  loss=0.0883
  train [####################################----] 408/444  loss=0.0885
  train [#####################################---] 412/444  loss=0.0889
  train [#####################################---] 416/444  loss=0.0887
  train [#####################################---] 420/444  loss=0.0891
  train [######################################--] 424/444  loss=0.0890
  train [######################################--] 428/444  loss=0.0892
  train [######################################--] 432/444  loss=0.0893
  train [#######################################-] 436/444  loss=0.0892
  train [#######################################-] 440/444  loss=0.0894
  train [########################################] 444/444  loss=0.0898
  val   [----------------------------------------] 1/93
  val   [----------------------------------------] 2/93
  val   [#---------------------------------------] 3/93
  val   [#---------------------------------------] 4/93
  val   [##--------------------------------------] 5/93
  val   [##--------------------------------------] 6/93
  val   [###-------------------------------------] 7/93
  val   [###-------------------------------------] 8/93
  val   [###-------------------------------------] 9/93
  val   [####------------------------------------] 10/93
  val   [####------------------------------------] 11/93
  val   [#####-----------------------------------] 12/93
  val   [#####-----------------------------------] 13/93
  val   [######----------------------------------] 14/93
  val   [######----------------------------------] 15/93
  val   [######----------------------------------] 16/93
  val   [#######---------------------------------] 17/93
  val   [#######---------------------------------] 18/93
  val   [########--------------------------------] 19/93
  val   [########--------------------------------] 20/93
  val   [#########-------------------------------] 21/93
  val   [#########-------------------------------] 22/93
  val   [#########-------------------------------] 23/93
  val   [##########------------------------------] 24/93
  val   [##########------------------------------] 25/93
  val   [###########-----------------------------] 26/93
  val   [###########-----------------------------] 27/93
  val   [############----------------------------] 28/93
  val   [############----------------------------] 29/93
  val   [############----------------------------] 30/93
  val   [#############---------------------------] 31/93
  val   [#############---------------------------] 32/93
  val   [##############--------------------------] 33/93
  val   [##############--------------------------] 34/93
  val   [###############-------------------------] 35/93
  val   [###############-------------------------] 36/93
  val   [###############-------------------------] 37/93
  val   [################------------------------] 38/93
  val   [################------------------------] 39/93
  val   [#################-----------------------] 40/93
  val   [#################-----------------------] 41/93
  val   [##################----------------------] 42/93
  val   [##################----------------------] 43/93
  val   [##################----------------------] 44/93
  val   [###################---------------------] 45/93
  val   [###################---------------------] 46/93
  val   [####################--------------------] 47/93
  val   [####################--------------------] 48/93
  val   [#####################-------------------] 49/93
  val   [#####################-------------------] 50/93
  val   [#####################-------------------] 51/93
  val   [######################------------------] 52/93
  val   [######################------------------] 53/93
  val   [#######################-----------------] 54/93
  val   [#######################-----------------] 55/93
  val   [########################----------------] 56/93
  val   [########################----------------] 57/93
  val   [########################----------------] 58/93
  val   [#########################---------------] 59/93
  val   [#########################---------------] 60/93
  val   [##########################--------------] 61/93
  val   [##########################--------------] 62/93
  val   [###########################-------------] 63/93
  val   [###########################-------------] 64/93
  val   [###########################-------------] 65/93
  val   [############################------------] 66/93
  val   [############################------------] 67/93
  val   [#############################-----------] 68/93
  val   [#############################-----------] 69/93
  val   [##############################----------] 70/93
  val   [##############################----------] 71/93
  val   [##############################----------] 72/93
  val   [###############################---------] 73/93
  val   [###############################---------] 74/93
  val   [################################--------] 75/93
  val   [################################--------] 76/93
  val   [#################################-------] 77/93
  val   [#################################-------] 78/93
  val   [#################################-------] 79/93
  val   [##################################------] 80/93
  val   [##################################------] 81/93
  val   [###################################-----] 82/93
  val   [###################################-----] 83/93
  val   [####################################----] 84/93
  val   [####################################----] 85/93
  val   [####################################----] 86/93
  val   [#####################################---] 87/93
  val   [#####################################---] 88/93
  val   [######################################--] 89/93
  val   [######################################--] 90/93
  val   [#######################################-] 91/93
  val   [#######################################-] 92/93
  val   [########################################] 93/93
Epoch  11 | train_loss=0.0900 | val_loss=0.9311 | val_acc=0.8191
  train [----------------------------------------] 4/444  loss=0.0623
  train [----------------------------------------] 8/444  loss=0.0610
  train [#---------------------------------------] 12/444  loss=0.0704
  train [#---------------------------------------] 16/444  loss=0.0732
  train [#---------------------------------------] 20/444  loss=0.0712
  train [##--------------------------------------] 24/444  loss=0.0726
  train [##--------------------------------------] 28/444  loss=0.0717
  train [##--------------------------------------] 32/444  loss=0.0718
  train [###-------------------------------------] 36/444  loss=0.0697
  train [###-------------------------------------] 40/444  loss=0.0688
  train [###-------------------------------------] 44/444  loss=0.0715
  train [####------------------------------------] 48/444  loss=0.0717
  train [####------------------------------------] 52/444  loss=0.0708
  train [#####-----------------------------------] 56/444  loss=0.0699
  train [#####-----------------------------------] 60/444  loss=0.0701
  train [#####-----------------------------------] 64/444  loss=0.0715
  train [######----------------------------------] 68/444  loss=0.0719
  train [######----------------------------------] 72/444  loss=0.0714
  train [######----------------------------------] 76/444  loss=0.0711
  train [#######---------------------------------] 80/444  loss=0.0702
  train [#######---------------------------------] 84/444  loss=0.0703
  train [#######---------------------------------] 88/444  loss=0.0705
  train [########--------------------------------] 92/444  loss=0.0693
  train [########--------------------------------] 96/444  loss=0.0689
  train [#########-------------------------------] 100/444  loss=0.0689
  train [#########-------------------------------] 104/444  loss=0.0692
  train [#########-------------------------------] 108/444  loss=0.0681
  train [##########------------------------------] 112/444  loss=0.0674
  train [##########------------------------------] 116/444  loss=0.0673
  train [##########------------------------------] 120/444  loss=0.0674
  train [###########-----------------------------] 124/444  loss=0.0694
  train [###########-----------------------------] 128/444  loss=0.0690
  train [###########-----------------------------] 132/444  loss=0.0686
  train [############----------------------------] 136/444  loss=0.0687
  train [############----------------------------] 140/444  loss=0.0688
  train [############----------------------------] 144/444  loss=0.0694
  train [#############---------------------------] 148/444  loss=0.0693
  train [#############---------------------------] 152/444  loss=0.0696
  train [##############--------------------------] 156/444  loss=0.0687
  train [##############--------------------------] 160/444  loss=0.0695
  train [##############--------------------------] 164/444  loss=0.0697
  train [###############-------------------------] 168/444  loss=0.0708
  train [###############-------------------------] 172/444  loss=0.0712
  train [###############-------------------------] 176/444  loss=0.0709
  train [################------------------------] 180/444  loss=0.0714
  train [################------------------------] 184/444  loss=0.0708
  train [################------------------------] 188/444  loss=0.0709
  train [#################-----------------------] 192/444  loss=0.0708
  train [#################-----------------------] 196/444  loss=0.0707
  train [##################----------------------] 200/444  loss=0.0713
  train [##################----------------------] 204/444  loss=0.0712
  train [##################----------------------] 208/444  loss=0.0710
  train [###################---------------------] 212/444  loss=0.0715
  train [###################---------------------] 216/444  loss=0.0718
  train [###################---------------------] 220/444  loss=0.0717
  train [####################--------------------] 224/444  loss=0.0717
  train [####################--------------------] 228/444  loss=0.0716
  train [####################--------------------] 232/444  loss=0.0716
  train [#####################-------------------] 236/444  loss=0.0714
  train [#####################-------------------] 240/444  loss=0.0708
  train [#####################-------------------] 244/444  loss=0.0716
  train [######################------------------] 248/444  loss=0.0712
  train [######################------------------] 252/444  loss=0.0718
  train [#######################-----------------] 256/444  loss=0.0718
  train [#######################-----------------] 260/444  loss=0.0718
  train [#######################-----------------] 264/444  loss=0.0724
  train [########################----------------] 268/444  loss=0.0725
  train [########################----------------] 272/444  loss=0.0727
  train [########################----------------] 276/444  loss=0.0735
  train [#########################---------------] 280/444  loss=0.0735
  train [#########################---------------] 284/444  loss=0.0731
  train [#########################---------------] 288/444  loss=0.0729
  train [##########################--------------] 292/444  loss=0.0728
  train [##########################--------------] 296/444  loss=0.0726
  train [###########################-------------] 300/444  loss=0.0733
  train [###########################-------------] 304/444  loss=0.0734
  train [###########################-------------] 308/444  loss=0.0732
  train [############################------------] 312/444  loss=0.0739
  train [############################------------] 316/444  loss=0.0737
  train [############################------------] 320/444  loss=0.0740
  train [#############################-----------] 324/444  loss=0.0741
  train [#############################-----------] 328/444  loss=0.0739
  train [#############################-----------] 332/444  loss=0.0737
  train [##############################----------] 336/444  loss=0.0741
  train [##############################----------] 340/444  loss=0.0752
  train [##############################----------] 344/444  loss=0.0751
  train [###############################---------] 348/444  loss=0.0751
  train [###############################---------] 352/444  loss=0.0750
  train [################################--------] 356/444  loss=0.0749
  train [################################--------] 360/444  loss=0.0758
  train [################################--------] 364/444  loss=0.0766
  train [#################################-------] 368/444  loss=0.0768
  train [#################################-------] 372/444  loss=0.0767
  train [#################################-------] 376/444  loss=0.0764
  train [##################################------] 380/444  loss=0.0764
  train [##################################------] 384/444  loss=0.0764
  train [##################################------] 388/444  loss=0.0762
  train [###################################-----] 392/444  loss=0.0761
  train [###################################-----] 396/444  loss=0.0760
  train [####################################----] 400/444  loss=0.0757
  train [####################################----] 404/444  loss=0.0760
  train [####################################----] 408/444  loss=0.0761
  train [#####################################---] 412/444  loss=0.0763
  train [#####################################---] 416/444  loss=0.0762
  train [#####################################---] 420/444  loss=0.0765
  train [######################################--] 424/444  loss=0.0768
  train [######################################--] 428/444  loss=0.0769
  train [######################################--] 432/444  loss=0.0768
  train [#######################################-] 436/444  loss=0.0769
  train [#######################################-] 440/444  loss=0.0768
  train [########################################] 444/444  loss=0.0768
  val   [----------------------------------------] 1/93
  val   [----------------------------------------] 2/93
  val   [#---------------------------------------] 3/93
  val   [#---------------------------------------] 4/93
  val   [##--------------------------------------] 5/93
  val   [##--------------------------------------] 6/93
  val   [###-------------------------------------] 7/93
  val   [###-------------------------------------] 8/93
  val   [###-------------------------------------] 9/93
  val   [####------------------------------------] 10/93
  val   [####------------------------------------] 11/93
  val   [#####-----------------------------------] 12/93
  val   [#####-----------------------------------] 13/93
  val   [######----------------------------------] 14/93
  val   [######----------------------------------] 15/93
  val   [######----------------------------------] 16/93
  val   [#######---------------------------------] 17/93
  val   [#######---------------------------------] 18/93
  val   [########--------------------------------] 19/93
  val   [########--------------------------------] 20/93
  val   [#########-------------------------------] 21/93
  val   [#########-------------------------------] 22/93
  val   [#########-------------------------------] 23/93
  val   [##########------------------------------] 24/93
  val   [##########------------------------------] 25/93
  val   [###########-----------------------------] 26/93
  val   [###########-----------------------------] 27/93
  val   [############----------------------------] 28/93
  val   [############----------------------------] 29/93
  val   [############----------------------------] 30/93
  val   [#############---------------------------] 31/93
  val   [#############---------------------------] 32/93
  val   [##############--------------------------] 33/93
  val   [##############--------------------------] 34/93
  val   [###############-------------------------] 35/93
  val   [###############-------------------------] 36/93
  val   [###############-------------------------] 37/93
  val   [################------------------------] 38/93
  val   [################------------------------] 39/93
  val   [#################-----------------------] 40/93
  val   [#################-----------------------] 41/93
  val   [##################----------------------] 42/93
  val   [##################----------------------] 43/93
  val   [##################----------------------] 44/93
  val   [###################---------------------] 45/93
  val   [###################---------------------] 46/93
  val   [####################--------------------] 47/93
  val   [####################--------------------] 48/93
  val   [#####################-------------------] 49/93
  val   [#####################-------------------] 50/93
  val   [#####################-------------------] 51/93
  val   [######################------------------] 52/93
  val   [######################------------------] 53/93
  val   [#######################-----------------] 54/93
  val   [#######################-----------------] 55/93
  val   [########################----------------] 56/93
  val   [########################----------------] 57/93
  val   [########################----------------] 58/93
  val   [#########################---------------] 59/93
  val   [#########################---------------] 60/93
  val   [##########################--------------] 61/93
  val   [##########################--------------] 62/93
  val   [###########################-------------] 63/93
  val   [###########################-------------] 64/93
  val   [###########################-------------] 65/93
  val   [############################------------] 66/93
  val   [############################------------] 67/93
  val   [#############################-----------] 68/93
  val   [#############################-----------] 69/93
  val   [##############################----------] 70/93
  val   [##############################----------] 71/93
  val   [##############################----------] 72/93
  val   [###############################---------] 73/93
  val   [###############################---------] 74/93
  val   [################################--------] 75/93
  val   [################################--------] 76/93
  val   [#################################-------] 77/93
  val   [#################################-------] 78/93
  val   [#################################-------] 79/93
  val   [##################################------] 80/93
  val   [##################################------] 81/93
  val   [###################################-----] 82/93
  val   [###################################-----] 83/93
  val   [####################################----] 84/93
  val   [####################################----] 85/93
  val   [####################################----] 86/93
  val   [#####################################---] 87/93
  val   [#####################################---] 88/93
  val   [######################################--] 89/93
  val   [######################################--] 90/93
  val   [#######################################-] 91/93
  val   [#######################################-] 92/93
  val   [########################################] 93/93
Epoch  12 | train_loss=0.0769 | val_loss=0.9355 | val_acc=0.8240
  train [----------------------------------------] 4/444  loss=0.0703
  train [----------------------------------------] 8/444  loss=0.0648
  train [#---------------------------------------] 12/444  loss=0.0748
  train [#---------------------------------------] 16/444  loss=0.0743
  train [#---------------------------------------] 20/444  loss=0.0724
  train [##--------------------------------------] 24/444  loss=0.0739
  train [##--------------------------------------] 28/444  loss=0.0766
  train [##--------------------------------------] 32/444  loss=0.0732
  train [###-------------------------------------] 36/444  loss=0.0714
  train [###-------------------------------------] 40/444  loss=0.0736
  train [###-------------------------------------] 44/444  loss=0.0742
  train [####------------------------------------] 48/444  loss=0.0723
  train [####------------------------------------] 52/444  loss=0.0728
  train [#####-----------------------------------] 56/444  loss=0.0720
  train [#####-----------------------------------] 60/444  loss=0.0720
  train [#####-----------------------------------] 64/444  loss=0.0703
  train [######----------------------------------] 68/444  loss=0.0708
  train [######----------------------------------] 72/444  loss=0.0703
  train [######----------------------------------] 76/444  loss=0.0705
  train [#######---------------------------------] 80/444  loss=0.0698
  train [#######---------------------------------] 84/444  loss=0.0688
  train [#######---------------------------------] 88/444  loss=0.0681
  train [########--------------------------------] 92/444  loss=0.0694
  train [########--------------------------------] 96/444  loss=0.0692
  train [#########-------------------------------] 100/444  loss=0.0690
  train [#########-------------------------------] 104/444  loss=0.0697
  train [#########-------------------------------] 108/444  loss=0.0700
  train [##########------------------------------] 112/444  loss=0.0696
  train [##########------------------------------] 116/444  loss=0.0690
  train [##########------------------------------] 120/444  loss=0.0695
  train [###########-----------------------------] 124/444  loss=0.0690
  train [###########-----------------------------] 128/444  loss=0.0688
  train [###########-----------------------------] 132/444  loss=0.0679
  train [############----------------------------] 136/444  loss=0.0680
  train [############----------------------------] 140/444  loss=0.0679
  train [############----------------------------] 144/444  loss=0.0677
  train [#############---------------------------] 148/444  loss=0.0675
  train [#############---------------------------] 152/444  loss=0.0670
  train [##############--------------------------] 156/444  loss=0.0668
  train [##############--------------------------] 160/444  loss=0.0674
  train [##############--------------------------] 164/444  loss=0.0672
  train [###############-------------------------] 168/444  loss=0.0667
  train [###############-------------------------] 172/444  loss=0.0675
  train [###############-------------------------] 176/444  loss=0.0678
  train [################------------------------] 180/444  loss=0.0679
  train [################------------------------] 184/444  loss=0.0680
  train [################------------------------] 188/444  loss=0.0675
  train [#################-----------------------] 192/444  loss=0.0673
  train [#################-----------------------] 196/444  loss=0.0674
  train [##################----------------------] 200/444  loss=0.0680
  train [##################----------------------] 204/444  loss=0.0679
  train [##################----------------------] 208/444  loss=0.0677
  train [###################---------------------] 212/444  loss=0.0669
  train [###################---------------------] 216/444  loss=0.0667
  train [###################---------------------] 220/444  loss=0.0667
  train [####################--------------------] 224/444  loss=0.0663
  train [####################--------------------] 228/444  loss=0.0660
  train [####################--------------------] 232/444  loss=0.0659
  train [#####################-------------------] 236/444  loss=0.0652
  train [#####################-------------------] 240/444  loss=0.0654
  train [#####################-------------------] 244/444  loss=0.0651
  train [######################------------------] 248/444  loss=0.0654
  train [######################------------------] 252/444  loss=0.0654
  train [#######################-----------------] 256/444  loss=0.0655
  train [#######################-----------------] 260/444  loss=0.0653
  train [#######################-----------------] 264/444  loss=0.0653
  train [########################----------------] 268/444  loss=0.0651
  train [########################----------------] 272/444  loss=0.0648
  train [########################----------------] 276/444  loss=0.0643
  train [#########################---------------] 280/444  loss=0.0641
  train [#########################---------------] 284/444  loss=0.0643
  train [#########################---------------] 288/444  loss=0.0647
  train [##########################--------------] 292/444  loss=0.0644
  train [##########################--------------] 296/444  loss=0.0643
  train [###########################-------------] 300/444  loss=0.0641
  train [###########################-------------] 304/444  loss=0.0642
  train [###########################-------------] 308/444  loss=0.0642
  train [############################------------] 312/444  loss=0.0651
  train [############################------------] 316/444  loss=0.0660
  train [############################------------] 320/444  loss=0.0662
  train [#############################-----------] 324/444  loss=0.0662
  train [#############################-----------] 328/444  loss=0.0661
  train [#############################-----------] 332/444  loss=0.0661
  train [##############################----------] 336/444  loss=0.0662
  train [##############################----------] 340/444  loss=0.0662
  train [##############################----------] 344/444  loss=0.0667
  train [###############################---------] 348/444  loss=0.0665
  train [###############################---------] 352/444  loss=0.0664
  train [################################--------] 356/444  loss=0.0669
  train [################################--------] 360/444  loss=0.0669
  train [################################--------] 364/444  loss=0.0670
  train [#################################-------] 368/444  loss=0.0675
  train [#################################-------] 372/444  loss=0.0679
  train [#################################-------] 376/444  loss=0.0678
  train [##################################------] 380/444  loss=0.0678
  train [##################################------] 384/444  loss=0.0679
  train [##################################------] 388/444  loss=0.0680
  train [###################################-----] 392/444  loss=0.0681
  train [###################################-----] 396/444  loss=0.0683
  train [####################################----] 400/444  loss=0.0680
  train [####################################----] 404/444  loss=0.0682
  train [####################################----] 408/444  loss=0.0681
  train [#####################################---] 412/444  loss=0.0681
  train [#####################################---] 416/444  loss=0.0684
  train [#####################################---] 420/444  loss=0.0686
  train [######################################--] 424/444  loss=0.0684
  train [######################################--] 428/444  loss=0.0685
  train [######################################--] 432/444  loss=0.0686
  train [#######################################-] 436/444  loss=0.0686
  train [#######################################-] 440/444  loss=0.0683
  train [########################################] 444/444  loss=0.0681
  val   [----------------------------------------] 1/93
  val   [----------------------------------------] 2/93
  val   [#---------------------------------------] 3/93
  val   [#---------------------------------------] 4/93
  val   [##--------------------------------------] 5/93
  val   [##--------------------------------------] 6/93
  val   [###-------------------------------------] 7/93
  val   [###-------------------------------------] 8/93
  val   [###-------------------------------------] 9/93
  val   [####------------------------------------] 10/93
  val   [####------------------------------------] 11/93
  val   [#####-----------------------------------] 12/93
  val   [#####-----------------------------------] 13/93
  val   [######----------------------------------] 14/93
  val   [######----------------------------------] 15/93
  val   [######----------------------------------] 16/93
  val   [#######---------------------------------] 17/93
  val   [#######---------------------------------] 18/93
  val   [########--------------------------------] 19/93
  val   [########--------------------------------] 20/93
  val   [#########-------------------------------] 21/93
  val   [#########-------------------------------] 22/93
  val   [#########-------------------------------] 23/93
  val   [##########------------------------------] 24/93
  val   [##########------------------------------] 25/93
  val   [###########-----------------------------] 26/93
  val   [###########-----------------------------] 27/93
  val   [############----------------------------] 28/93
  val   [############----------------------------] 29/93
  val   [############----------------------------] 30/93
  val   [#############---------------------------] 31/93
  val   [#############---------------------------] 32/93
  val   [##############--------------------------] 33/93
  val   [##############--------------------------] 34/93
  val   [###############-------------------------] 35/93
  val   [###############-------------------------] 36/93
  val   [###############-------------------------] 37/93
  val   [################------------------------] 38/93
  val   [################------------------------] 39/93
  val   [#################-----------------------] 40/93
  val   [#################-----------------------] 41/93
  val   [##################----------------------] 42/93
  val   [##################----------------------] 43/93
  val   [##################----------------------] 44/93
  val   [###################---------------------] 45/93
  val   [###################---------------------] 46/93
  val   [####################--------------------] 47/93
  val   [####################--------------------] 48/93
  val   [#####################-------------------] 49/93
  val   [#####################-------------------] 50/93
  val   [#####################-------------------] 51/93
  val   [######################------------------] 52/93
  val   [######################------------------] 53/93
  val   [#######################-----------------] 54/93
  val   [#######################-----------------] 55/93
  val   [########################----------------] 56/93
  val   [########################----------------] 57/93
  val   [########################----------------] 58/93
  val   [#########################---------------] 59/93
  val   [#########################---------------] 60/93
  val   [##########################--------------] 61/93
  val   [##########################--------------] 62/93
  val   [###########################-------------] 63/93
  val   [###########################-------------] 64/93
  val   [###########################-------------] 65/93
  val   [############################------------] 66/93
  val   [############################------------] 67/93
  val   [#############################-----------] 68/93
  val   [#############################-----------] 69/93
  val   [##############################----------] 70/93
  val   [##############################----------] 71/93
  val   [##############################----------] 72/93
  val   [###############################---------] 73/93
  val   [###############################---------] 74/93
  val   [################################--------] 75/93
  val   [################################--------] 76/93
  val   [#################################-------] 77/93
  val   [#################################-------] 78/93
  val   [#################################-------] 79/93
  val   [##################################------] 80/93
  val   [##################################------] 81/93
  val   [###################################-----] 82/93
  val   [###################################-----] 83/93
  val   [####################################----] 84/93
  val   [####################################----] 85/93
  val   [####################################----] 86/93
  val   [#####################################---] 87/93
  val   [#####################################---] 88/93
  val   [######################################--] 89/93
  val   [######################################--] 90/93
  val   [#######################################-] 91/93
  val   [#######################################-] 92/93
  val   [########################################] 93/93
Epoch  13 | train_loss=0.0682 | val_loss=0.9468 | val_acc=0.8272
  train [----------------------------------------] 4/444  loss=0.0805
  train [----------------------------------------] 8/444  loss=0.0761
  train [#---------------------------------------] 12/444  loss=0.0750
  train [#---------------------------------------] 16/444  loss=0.0743
  train [#---------------------------------------] 20/444  loss=0.0729
  train [##--------------------------------------] 24/444  loss=0.0714
  train [##--------------------------------------] 28/444  loss=0.0686
  train [##--------------------------------------] 32/444  loss=0.0637
  train [###-------------------------------------] 36/444  loss=0.0611
  train [###-------------------------------------] 40/444  loss=0.0594
  train [###-------------------------------------] 44/444  loss=0.0569
  train [####------------------------------------] 48/444  loss=0.0550
  train [####------------------------------------] 52/444  loss=0.0529
  train [#####-----------------------------------] 56/444  loss=0.0577
  train [#####-----------------------------------] 60/444  loss=0.0559
  train [#####-----------------------------------] 64/444  loss=0.0563
  train [######----------------------------------] 68/444  loss=0.0570
  train [######----------------------------------] 72/444  loss=0.0570
  train [######----------------------------------] 76/444  loss=0.0570
  train [#######---------------------------------] 80/444  loss=0.0563
  train [#######---------------------------------] 84/444  loss=0.0552
  train [#######---------------------------------] 88/444  loss=0.0556
  train [########--------------------------------] 92/444  loss=0.0575
  train [########--------------------------------] 96/444  loss=0.0589
  train [#########-------------------------------] 100/444  loss=0.0589
  train [#########-------------------------------] 104/444  loss=0.0592
  train [#########-------------------------------] 108/444  loss=0.0582
  train [##########------------------------------] 112/444  loss=0.0578
  train [##########------------------------------] 116/444  loss=0.0573
  train [##########------------------------------] 120/444  loss=0.0575
  train [###########-----------------------------] 124/444  loss=0.0572
  train [###########-----------------------------] 128/444  loss=0.0568
  train [###########-----------------------------] 132/444  loss=0.0573
  train [############----------------------------] 136/444  loss=0.0578
  train [############----------------------------] 140/444  loss=0.0577
  train [############----------------------------] 144/444  loss=0.0578
  train [#############---------------------------] 148/444  loss=0.0572
  train [#############---------------------------] 152/444  loss=0.0564
  train [##############--------------------------] 156/444  loss=0.0564
  train [##############--------------------------] 160/444  loss=0.0563
  train [##############--------------------------] 164/444  loss=0.0556
  train [###############-------------------------] 168/444  loss=0.0553
  train [###############-------------------------] 172/444  loss=0.0553
  train [###############-------------------------] 176/444  loss=0.0552
  train [################------------------------] 180/444  loss=0.0549
  train [################------------------------] 184/444  loss=0.0550
  train [################------------------------] 188/444  loss=0.0548
  train [#################-----------------------] 192/444  loss=0.0543
  train [#################-----------------------] 196/444  loss=0.0542
  train [##################----------------------] 200/444  loss=0.0543
  train [##################----------------------] 204/444  loss=0.0544
  train [##################----------------------] 208/444  loss=0.0546
  train [###################---------------------] 212/444  loss=0.0544
  train [###################---------------------] 216/444  loss=0.0543
  train [###################---------------------] 220/444  loss=0.0543
  train [####################--------------------] 224/444  loss=0.0544
  train [####################--------------------] 228/444  loss=0.0546
  train [####################--------------------] 232/444  loss=0.0541
  train [#####################-------------------] 236/444  loss=0.0547
  train [#####################-------------------] 240/444  loss=0.0545
  train [#####################-------------------] 244/444  loss=0.0541
  train [######################------------------] 248/444  loss=0.0537
  train [######################------------------] 252/444  loss=0.0539
  train [#######################-----------------] 256/444  loss=0.0538
  train [#######################-----------------] 260/444  loss=0.0538
  train [#######################-----------------] 264/444  loss=0.0537
  train [########################----------------] 268/444  loss=0.0542
  train [########################----------------] 272/444  loss=0.0540
  train [########################----------------] 276/444  loss=0.0539
  train [#########################---------------] 280/444  loss=0.0538
  train [#########################---------------] 284/444  loss=0.0538
  train [#########################---------------] 288/444  loss=0.0540
  train [##########################--------------] 292/444  loss=0.0545
  train [##########################--------------] 296/444  loss=0.0542
  train [###########################-------------] 300/444  loss=0.0540
  train [###########################-------------] 304/444  loss=0.0540
  train [###########################-------------] 308/444  loss=0.0539
  train [############################------------] 312/444  loss=0.0540
  train [############################------------] 316/444  loss=0.0543
  train [############################------------] 320/444  loss=0.0543
  train [#############################-----------] 324/444  loss=0.0543
  train [#############################-----------] 328/444  loss=0.0544
  train [#############################-----------] 332/444  loss=0.0563
  train [##############################----------] 336/444  loss=0.0564
  train [##############################----------] 340/444  loss=0.0563
  train [##############################----------] 344/444  loss=0.0565
  train [###############################---------] 348/444  loss=0.0565
  train [###############################---------] 352/444  loss=0.0565
  train [################################--------] 356/444  loss=0.0573
  train [################################--------] 360/444  loss=0.0571
  train [################################--------] 364/444  loss=0.0570
  train [#################################-------] 368/444  loss=0.0571
  train [#################################-------] 372/444  loss=0.0572
  train [#################################-------] 376/444  loss=0.0570
  train [##################################------] 380/444  loss=0.0568
  train [##################################------] 384/444  loss=0.0572
  train [##################################------] 388/444  loss=0.0572
  train [###################################-----] 392/444  loss=0.0574
  train [###################################-----] 396/444  loss=0.0571
  train [####################################----] 400/444  loss=0.0571
  train [####################################----] 404/444  loss=0.0574
  train [####################################----] 408/444  loss=0.0574
  train [#####################################---] 412/444  loss=0.0573
  train [#####################################---] 416/444  loss=0.0574
  train [#####################################---] 420/444  loss=0.0573
  train [######################################--] 424/444  loss=0.0574
  train [######################################--] 428/444  loss=0.0573
  train [######################################--] 432/444  loss=0.0571
  train [#######################################-] 436/444  loss=0.0574
  train [#######################################-] 440/444  loss=0.0572
  train [########################################] 444/444  loss=0.0570
  val   [----------------------------------------] 1/93
  val   [----------------------------------------] 2/93
  val   [#---------------------------------------] 3/93
  val   [#---------------------------------------] 4/93
  val   [##--------------------------------------] 5/93
  val   [##--------------------------------------] 6/93
  val   [###-------------------------------------] 7/93
  val   [###-------------------------------------] 8/93
  val   [###-------------------------------------] 9/93
  val   [####------------------------------------] 10/93
  val   [####------------------------------------] 11/93
  val   [#####-----------------------------------] 12/93
  val   [#####-----------------------------------] 13/93
  val   [######----------------------------------] 14/93
  val   [######----------------------------------] 15/93
  val   [######----------------------------------] 16/93
  val   [#######---------------------------------] 17/93
  val   [#######---------------------------------] 18/93
  val   [########--------------------------------] 19/93
  val   [########--------------------------------] 20/93
  val   [#########-------------------------------] 21/93
  val   [#########-------------------------------] 22/93
  val   [#########-------------------------------] 23/93
  val   [##########------------------------------] 24/93
  val   [##########------------------------------] 25/93
  val   [###########-----------------------------] 26/93
  val   [###########-----------------------------] 27/93
  val   [############----------------------------] 28/93
  val   [############----------------------------] 29/93
  val   [############----------------------------] 30/93
  val   [#############---------------------------] 31/93
  val   [#############---------------------------] 32/93
  val   [##############--------------------------] 33/93
  val   [##############--------------------------] 34/93
  val   [###############-------------------------] 35/93
  val   [###############-------------------------] 36/93
  val   [###############-------------------------] 37/93
  val   [################------------------------] 38/93
  val   [################------------------------] 39/93
  val   [#################-----------------------] 40/93
  val   [#################-----------------------] 41/93
  val   [##################----------------------] 42/93
  val   [##################----------------------] 43/93
  val   [##################----------------------] 44/93
  val   [###################---------------------] 45/93
  val   [###################---------------------] 46/93
  val   [####################--------------------] 47/93
  val   [####################--------------------] 48/93
  val   [#####################-------------------] 49/93
  val   [#####################-------------------] 50/93
  val   [#####################-------------------] 51/93
  val   [######################------------------] 52/93
  val   [######################------------------] 53/93
  val   [#######################-----------------] 54/93
  val   [#######################-----------------] 55/93
  val   [########################----------------] 56/93
  val   [########################----------------] 57/93
  val   [########################----------------] 58/93
  val   [#########################---------------] 59/93
  val   [#########################---------------] 60/93
  val   [##########################--------------] 61/93
  val   [##########################--------------] 62/93
  val   [###########################-------------] 63/93
  val   [###########################-------------] 64/93
  val   [###########################-------------] 65/93
  val   [############################------------] 66/93
  val   [############################------------] 67/93
  val   [#############################-----------] 68/93
  val   [#############################-----------] 69/93
  val   [##############################----------] 70/93
  val   [##############################----------] 71/93
  val   [##############################----------] 72/93
  val   [###############################---------] 73/93
  val   [###############################---------] 74/93
  val   [################################--------] 75/93
  val   [################################--------] 76/93
  val   [#################################-------] 77/93
  val   [#################################-------] 78/93
  val   [#################################-------] 79/93
  val   [##################################------] 80/93
  val   [##################################------] 81/93
  val   [###################################-----] 82/93
  val   [###################################-----] 83/93
  val   [####################################----] 84/93
  val   [####################################----] 85/93
  val   [####################################----] 86/93
  val   [#####################################---] 87/93
  val   [#####################################---] 88/93
  val   [######################################--] 89/93
  val   [######################################--] 90/93
  val   [#######################################-] 91/93
  val   [#######################################-] 92/93
  val   [########################################] 93/93
Epoch  14 | train_loss=0.0571 | val_loss=0.9327 | val_acc=0.8254
  train [----------------------------------------] 4/444  loss=0.0552
  train [----------------------------------------] 8/444  loss=0.0560
  train [#---------------------------------------] 12/444  loss=0.0606
  train [#---------------------------------------] 16/444  loss=0.0603
  train [#---------------------------------------] 20/444  loss=0.0560
  train [##--------------------------------------] 24/444  loss=0.0592
  train [##--------------------------------------] 28/444  loss=0.0574
  train [##--------------------------------------] 32/444  loss=0.0604
  train [###-------------------------------------] 36/444  loss=0.0582
  train [###-------------------------------------] 40/444  loss=0.0576
  train [###-------------------------------------] 44/444  loss=0.0551
  train [####------------------------------------] 48/444  loss=0.0552
  train [####------------------------------------] 52/444  loss=0.0532
  train [#####-----------------------------------] 56/444  loss=0.0520
  train [#####-----------------------------------] 60/444  loss=0.0497
  train [#####-----------------------------------] 64/444  loss=0.0484
  train [######----------------------------------] 68/444  loss=0.0505
  train [######----------------------------------] 72/444  loss=0.0499
  train [######----------------------------------] 76/444  loss=0.0494
  train [#######---------------------------------] 80/444  loss=0.0490
  train [#######---------------------------------] 84/444  loss=0.0484
  train [#######---------------------------------] 88/444  loss=0.0493
  train [########--------------------------------] 92/444  loss=0.0481
  train [########--------------------------------] 96/444  loss=0.0479
  train [#########-------------------------------] 100/444  loss=0.0483
  train [#########-------------------------------] 104/444  loss=0.0480
  train [#########-------------------------------] 108/444  loss=0.0470
  train [##########------------------------------] 112/444  loss=0.0467
  train [##########------------------------------] 116/444  loss=0.0470
  train [##########------------------------------] 120/444  loss=0.0471
  train [###########-----------------------------] 124/444  loss=0.0469
  train [###########-----------------------------] 128/444  loss=0.0474
  train [###########-----------------------------] 132/444  loss=0.0472
  train [############----------------------------] 136/444  loss=0.0469
  train [############----------------------------] 140/444  loss=0.0476
  train [############----------------------------] 144/444  loss=0.0471
  train [#############---------------------------] 148/444  loss=0.0468
  train [#############---------------------------] 152/444  loss=0.0467
  train [##############--------------------------] 156/444  loss=0.0463
  train [##############--------------------------] 160/444  loss=0.0461
  train [##############--------------------------] 164/444  loss=0.0462
  train [###############-------------------------] 168/444  loss=0.0466
  train [###############-------------------------] 172/444  loss=0.0466
  train [###############-------------------------] 176/444  loss=0.0467
  train [################------------------------] 180/444  loss=0.0465
  train [################------------------------] 184/444  loss=0.0463
  train [################------------------------] 188/444  loss=0.0462
  train [#################-----------------------] 192/444  loss=0.0464
  train [#################-----------------------] 196/444  loss=0.0465
  train [##################----------------------] 200/444  loss=0.0464
  train [##################----------------------] 204/444  loss=0.0464
  train [##################----------------------] 208/444  loss=0.0461
  train [###################---------------------] 212/444  loss=0.0459
  train [###################---------------------] 216/444  loss=0.0460
  train [###################---------------------] 220/444  loss=0.0456
  train [####################--------------------] 224/444  loss=0.0454
  train [####################--------------------] 228/444  loss=0.0452
  train [####################--------------------] 232/444  loss=0.0450
  train [#####################-------------------] 236/444  loss=0.0452
  train [#####################-------------------] 240/444  loss=0.0453
  train [#####################-------------------] 244/444  loss=0.0452
  train [######################------------------] 248/444  loss=0.0452
  train [######################------------------] 252/444  loss=0.0450
  train [#######################-----------------] 256/444  loss=0.0450
  train [#######################-----------------] 260/444  loss=0.0452
  train [#######################-----------------] 264/444  loss=0.0448
  train [########################----------------] 268/444  loss=0.0452
  train [########################----------------] 272/444  loss=0.0455
  train [########################----------------] 276/444  loss=0.0452
  train [#########################---------------] 280/444  loss=0.0452
  train [#########################---------------] 284/444  loss=0.0454
  train [#########################---------------] 288/444  loss=0.0453
  train [##########################--------------] 292/444  loss=0.0454
  train [##########################--------------] 296/444  loss=0.0454
  train [###########################-------------] 300/444  loss=0.0455
  train [###########################-------------] 304/444  loss=0.0455
  train [###########################-------------] 308/444  loss=0.0456
  train [############################------------] 312/444  loss=0.0456
  train [############################------------] 316/444  loss=0.0460
  train [############################------------] 320/444  loss=0.0458
  train [#############################-----------] 324/444  loss=0.0457
  train [#############################-----------] 328/444  loss=0.0459
  train [#############################-----------] 332/444  loss=0.0462
  train [##############################----------] 336/444  loss=0.0463
  train [##############################----------] 340/444  loss=0.0462
  train [##############################----------] 344/444  loss=0.0460
  train [###############################---------] 348/444  loss=0.0460
  train [###############################---------] 352/444  loss=0.0461
  train [################################--------] 356/444  loss=0.0462
  train [################################--------] 360/444  loss=0.0461
  train [################################--------] 364/444  loss=0.0463
  train [#################################-------] 368/444  loss=0.0462
  train [#################################-------] 372/444  loss=0.0460
  train [#################################-------] 376/444  loss=0.0460
  train [##################################------] 380/444  loss=0.0464
  train [##################################------] 384/444  loss=0.0462
  train [##################################------] 388/444  loss=0.0464
  train [###################################-----] 392/444  loss=0.0464
  train [###################################-----] 396/444  loss=0.0464
  train [####################################----] 400/444  loss=0.0462
  train [####################################----] 404/444  loss=0.0462
  train [####################################----] 408/444  loss=0.0462
  train [#####################################---] 412/444  loss=0.0463
  train [#####################################---] 416/444  loss=0.0462
  train [#####################################---] 420/444  loss=0.0463
  train [######################################--] 424/444  loss=0.0462
  train [######################################--] 428/444  loss=0.0461
  train [######################################--] 432/444  loss=0.0463
  train [#######################################-] 436/444  loss=0.0462
  train [#######################################-] 440/444  loss=0.0464
  train [########################################] 444/444  loss=0.0463
  val   [----------------------------------------] 1/93
  val   [----------------------------------------] 2/93
  val   [#---------------------------------------] 3/93
  val   [#---------------------------------------] 4/93
  val   [##--------------------------------------] 5/93
  val   [##--------------------------------------] 6/93
  val   [###-------------------------------------] 7/93
  val   [###-------------------------------------] 8/93
  val   [###-------------------------------------] 9/93
  val   [####------------------------------------] 10/93
  val   [####------------------------------------] 11/93
  val   [#####-----------------------------------] 12/93
  val   [#####-----------------------------------] 13/93
  val   [######----------------------------------] 14/93
  val   [######----------------------------------] 15/93
  val   [######----------------------------------] 16/93
  val   [#######---------------------------------] 17/93
  val   [#######---------------------------------] 18/93
  val   [########--------------------------------] 19/93
  val   [########--------------------------------] 20/93
  val   [#########-------------------------------] 21/93
  val   [#########-------------------------------] 22/93
  val   [#########-------------------------------] 23/93
  val   [##########------------------------------] 24/93
  val   [##########------------------------------] 25/93
  val   [###########-----------------------------] 26/93
  val   [###########-----------------------------] 27/93
  val   [############----------------------------] 28/93
  val   [############----------------------------] 29/93
  val   [############----------------------------] 30/93
  val   [#############---------------------------] 31/93
  val   [#############---------------------------] 32/93
  val   [##############--------------------------] 33/93
  val   [##############--------------------------] 34/93
  val   [###############-------------------------] 35/93
  val   [###############-------------------------] 36/93
  val   [###############-------------------------] 37/93
  val   [################------------------------] 38/93
  val   [################------------------------] 39/93
  val   [#################-----------------------] 40/93
  val   [#################-----------------------] 41/93
  val   [##################----------------------] 42/93
  val   [##################----------------------] 43/93
  val   [##################----------------------] 44/93
  val   [###################---------------------] 45/93
  val   [###################---------------------] 46/93
  val   [####################--------------------] 47/93
  val   [####################--------------------] 48/93
  val   [#####################-------------------] 49/93
  val   [#####################-------------------] 50/93
  val   [#####################-------------------] 51/93
  val   [######################------------------] 52/93
  val   [######################------------------] 53/93
  val   [#######################-----------------] 54/93
  val   [#######################-----------------] 55/93
  val   [########################----------------] 56/93
  val   [########################----------------] 57/93
  val   [########################----------------] 58/93
  val   [#########################---------------] 59/93
  val   [#########################---------------] 60/93
  val   [##########################--------------] 61/93
  val   [##########################--------------] 62/93
  val   [###########################-------------] 63/93
  val   [###########################-------------] 64/93
  val   [###########################-------------] 65/93
  val   [############################------------] 66/93
  val   [############################------------] 67/93
  val   [#############################-----------] 68/93
  val   [#############################-----------] 69/93
  val   [##############################----------] 70/93
  val   [##############################----------] 71/93
  val   [##############################----------] 72/93
  val   [###############################---------] 73/93
  val   [###############################---------] 74/93
  val   [################################--------] 75/93
  val   [################################--------] 76/93
  val   [#################################-------] 77/93
  val   [#################################-------] 78/93
  val   [#################################-------] 79/93
  val   [##################################------] 80/93
  val   [##################################------] 81/93
  val   [###################################-----] 82/93
  val   [###################################-----] 83/93
  val   [####################################----] 84/93
  val   [####################################----] 85/93
  val   [####################################----] 86/93
  val   [#####################################---] 87/93
  val   [#####################################---] 88/93
  val   [######################################--] 89/93
  val   [######################################--] 90/93
  val   [#######################################-] 91/93
  val   [#######################################-] 92/93
  val   [########################################] 93/93
Epoch  15 | train_loss=0.0464 | val_loss=0.9078 | val_acc=0.8318
  -> best model saved (val_loss=0.9078)
  train [----------------------------------------] 4/444  loss=0.0439
  train [----------------------------------------] 8/444  loss=0.0555
  train [#---------------------------------------] 12/444  loss=0.0545
  train [#---------------------------------------] 16/444  loss=0.0561
  train [#---------------------------------------] 20/444  loss=0.0551
  train [##--------------------------------------] 24/444  loss=0.0545
  train [##--------------------------------------] 28/444  loss=0.0522
  train [##--------------------------------------] 32/444  loss=0.0488
  train [###-------------------------------------] 36/444  loss=0.0493
  train [###-------------------------------------] 40/444  loss=0.0489
  train [###-------------------------------------] 44/444  loss=0.0470
  train [####------------------------------------] 48/444  loss=0.0481
  train [####------------------------------------] 52/444  loss=0.0467
  train [#####-----------------------------------] 56/444  loss=0.0447
  train [#####-----------------------------------] 60/444  loss=0.0447
  train [#####-----------------------------------] 64/444  loss=0.0453
  train [######----------------------------------] 68/444  loss=0.0443
  train [######----------------------------------] 72/444  loss=0.0431
  train [######----------------------------------] 76/444  loss=0.0429
  train [#######---------------------------------] 80/444  loss=0.0435
  train [#######---------------------------------] 84/444  loss=0.0434
  train [#######---------------------------------] 88/444  loss=0.0432
  train [########--------------------------------] 92/444  loss=0.0426
  train [########--------------------------------] 96/444  loss=0.0426
  train [#########-------------------------------] 100/444  loss=0.0422
  train [#########-------------------------------] 104/444  loss=0.0420
  train [#########-------------------------------] 108/444  loss=0.0421
  train [##########------------------------------] 112/444  loss=0.0414
  train [##########------------------------------] 116/444  loss=0.0415
  train [##########------------------------------] 120/444  loss=0.0410
  train [###########-----------------------------] 124/444  loss=0.0415
  train [###########-----------------------------] 128/444  loss=0.0418
  train [###########-----------------------------] 132/444  loss=0.0415
  train [############----------------------------] 136/444  loss=0.0411
  train [############----------------------------] 140/444  loss=0.0409
  train [############----------------------------] 144/444  loss=0.0409
  train [#############---------------------------] 148/444  loss=0.0409
  train [#############---------------------------] 152/444  loss=0.0409
  train [##############--------------------------] 156/444  loss=0.0412
  train [##############--------------------------] 160/444  loss=0.0417
  train [##############--------------------------] 164/444  loss=0.0420
  train [###############-------------------------] 168/444  loss=0.0416
  train [###############-------------------------] 172/444  loss=0.0422
  train [###############-------------------------] 176/444  loss=0.0421
  train [################------------------------] 180/444  loss=0.0422
  train [################------------------------] 184/444  loss=0.0420
  train [################------------------------] 188/444  loss=0.0418
  train [#################-----------------------] 192/444  loss=0.0414
  train [#################-----------------------] 196/444  loss=0.0420
  train [##################----------------------] 200/444  loss=0.0418
  train [##################----------------------] 204/444  loss=0.0421
  train [##################----------------------] 208/444  loss=0.0418
  train [###################---------------------] 212/444  loss=0.0421
  train [###################---------------------] 216/444  loss=0.0420
  train [###################---------------------] 220/444  loss=0.0418
  train [####################--------------------] 224/444  loss=0.0418
  train [####################--------------------] 228/444  loss=0.0415
  train [####################--------------------] 232/444  loss=0.0422
  train [#####################-------------------] 236/444  loss=0.0430
  train [#####################-------------------] 240/444  loss=0.0430
  train [#####################-------------------] 244/444  loss=0.0429
  train [######################------------------] 248/444  loss=0.0431
  train [######################------------------] 252/444  loss=0.0429
  train [#######################-----------------] 256/444  loss=0.0427
  train [#######################-----------------] 260/444  loss=0.0423
  train [#######################-----------------] 264/444  loss=0.0420
  train [########################----------------] 268/444  loss=0.0418
  train [########################----------------] 272/444  loss=0.0417
  train [########################----------------] 276/444  loss=0.0422
  train [#########################---------------] 280/444  loss=0.0419
  train [#########################---------------] 284/444  loss=0.0424
  train [#########################---------------] 288/444  loss=0.0425
  train [##########################--------------] 292/444  loss=0.0423
  train [##########################--------------] 296/444  loss=0.0420
  train [###########################-------------] 300/444  loss=0.0420
  train [###########################-------------] 304/444  loss=0.0420
  train [###########################-------------] 308/444  loss=0.0422
  train [############################------------] 312/444  loss=0.0423
  train [############################------------] 316/444  loss=0.0425
  train [############################------------] 320/444  loss=0.0426
  train [#############################-----------] 324/444  loss=0.0425
  train [#############################-----------] 328/444  loss=0.0424
  train [#############################-----------] 332/444  loss=0.0423
  train [##############################----------] 336/444  loss=0.0423
  train [##############################----------] 340/444  loss=0.0422
  train [##############################----------] 344/444  loss=0.0423
  train [###############################---------] 348/444  loss=0.0424
  train [###############################---------] 352/444  loss=0.0424
  train [################################--------] 356/444  loss=0.0424
  train [################################--------] 360/444  loss=0.0424
  train [################################--------] 364/444  loss=0.0422
  train [#################################-------] 368/444  loss=0.0423
  train [#################################-------] 372/444  loss=0.0421
  train [#################################-------] 376/444  loss=0.0418
  train [##################################------] 380/444  loss=0.0421
  train [##################################------] 384/444  loss=0.0419
  train [##################################------] 388/444  loss=0.0420
  train [###################################-----] 392/444  loss=0.0418
  train [###################################-----] 396/444  loss=0.0418
  train [####################################----] 400/444  loss=0.0416
  train [####################################----] 404/444  loss=0.0415
  train [####################################----] 408/444  loss=0.0416
  train [#####################################---] 412/444  loss=0.0415
  train [#####################################---] 416/444  loss=0.0416
  train [#####################################---] 420/444  loss=0.0416
  train [######################################--] 424/444  loss=0.0415
  train [######################################--] 428/444  loss=0.0413
  train [######################################--] 432/444  loss=0.0414
  train [#######################################-] 436/444  loss=0.0417
  train [#######################################-] 440/444  loss=0.0418
  train [########################################] 444/444  loss=0.0417
  val   [----------------------------------------] 1/93
  val   [----------------------------------------] 2/93
  val   [#---------------------------------------] 3/93
  val   [#---------------------------------------] 4/93
  val   [##--------------------------------------] 5/93
  val   [##--------------------------------------] 6/93
  val   [###-------------------------------------] 7/93
  val   [###-------------------------------------] 8/93
  val   [###-------------------------------------] 9/93
  val   [####------------------------------------] 10/93
  val   [####------------------------------------] 11/93
  val   [#####-----------------------------------] 12/93
  val   [#####-----------------------------------] 13/93
  val   [######----------------------------------] 14/93
  val   [######----------------------------------] 15/93
  val   [######----------------------------------] 16/93
  val   [#######---------------------------------] 17/93
  val   [#######---------------------------------] 18/93
  val   [########--------------------------------] 19/93
  val   [########--------------------------------] 20/93
  val   [#########-------------------------------] 21/93
  val   [#########-------------------------------] 22/93
  val   [#########-------------------------------] 23/93
  val   [##########------------------------------] 24/93
  val   [##########------------------------------] 25/93
  val   [###########-----------------------------] 26/93
  val   [###########-----------------------------] 27/93
  val   [############----------------------------] 28/93
  val   [############----------------------------] 29/93
  val   [############----------------------------] 30/93
  val   [#############---------------------------] 31/93
  val   [#############---------------------------] 32/93
  val   [##############--------------------------] 33/93
  val   [##############--------------------------] 34/93
  val   [###############-------------------------] 35/93
  val   [###############-------------------------] 36/93
  val   [###############-------------------------] 37/93
  val   [################------------------------] 38/93
  val   [################------------------------] 39/93
  val   [#################-----------------------] 40/93
  val   [#################-----------------------] 41/93
  val   [##################----------------------] 42/93
  val   [##################----------------------] 43/93
  val   [##################----------------------] 44/93
  val   [###################---------------------] 45/93
  val   [###################---------------------] 46/93
  val   [####################--------------------] 47/93
  val   [####################--------------------] 48/93
  val   [#####################-------------------] 49/93
  val   [#####################-------------------] 50/93
  val   [#####################-------------------] 51/93
  val   [######################------------------] 52/93
  val   [######################------------------] 53/93
  val   [#######################-----------------] 54/93
  val   [#######################-----------------] 55/93
  val   [########################----------------] 56/93
  val   [########################----------------] 57/93
  val   [########################----------------] 58/93
  val   [#########################---------------] 59/93
  val   [#########################---------------] 60/93
  val   [##########################--------------] 61/93
  val   [##########################--------------] 62/93
  val   [###########################-------------] 63/93
  val   [###########################-------------] 64/93
  val   [###########################-------------] 65/93
  val   [############################------------] 66/93
  val   [############################------------] 67/93
  val   [#############################-----------] 68/93
  val   [#############################-----------] 69/93
  val   [##############################----------] 70/93
  val   [##############################----------] 71/93
  val   [##############################----------] 72/93
  val   [###############################---------] 73/93
  val   [###############################---------] 74/93
  val   [################################--------] 75/93
  val   [################################--------] 76/93
  val   [#################################-------] 77/93
  val   [#################################-------] 78/93
  val   [#################################-------] 79/93
  val   [##################################------] 80/93
  val   [##################################------] 81/93
  val   [###################################-----] 82/93
  val   [###################################-----] 83/93
  val   [####################################----] 84/93
  val   [####################################----] 85/93
  val   [####################################----] 86/93
  val   [#####################################---] 87/93
  val   [#####################################---] 88/93
  val   [######################################--] 89/93
  val   [######################################--] 90/93
  val   [#######################################-] 91/93
  val   [#######################################-] 92/93
  val   [########################################] 93/93
Epoch  16 | train_loss=0.0418 | val_loss=0.9155 | val_acc=0.8320
  train [----------------------------------------] 4/444  loss=0.0303
  train [----------------------------------------] 8/444  loss=0.0325
  train [#---------------------------------------] 12/444  loss=0.0351
  train [#---------------------------------------] 16/444  loss=0.0380
  train [#---------------------------------------] 20/444  loss=0.0401
  train [##--------------------------------------] 24/444  loss=0.0385
  train [##--------------------------------------] 28/444  loss=0.0384
  train [##--------------------------------------] 32/444  loss=0.0388
  train [###-------------------------------------] 36/444  loss=0.0399
  train [###-------------------------------------] 40/444  loss=0.0380
  train [###-------------------------------------] 44/444  loss=0.0369
  train [####------------------------------------] 48/444  loss=0.0351
  train [####------------------------------------] 52/444  loss=0.0363
  train [#####-----------------------------------] 56/444  loss=0.0353
  train [#####-----------------------------------] 60/444  loss=0.0344
  train [#####-----------------------------------] 64/444  loss=0.0345
  train [######----------------------------------] 68/444  loss=0.0354
  train [######----------------------------------] 72/444  loss=0.0351
  train [######----------------------------------] 76/444  loss=0.0356
  train [#######---------------------------------] 80/444  loss=0.0350
  train [#######---------------------------------] 84/444  loss=0.0361
  train [#######---------------------------------] 88/444  loss=0.0364
  train [########--------------------------------] 92/444  loss=0.0361
  train [########--------------------------------] 96/444  loss=0.0362
  train [#########-------------------------------] 100/444  loss=0.0353
  train [#########-------------------------------] 104/444  loss=0.0357
  train [#########-------------------------------] 108/444  loss=0.0353
  train [##########------------------------------] 112/444  loss=0.0351
  train [##########------------------------------] 116/444  loss=0.0347
  train [##########------------------------------] 120/444  loss=0.0348
  train [###########-----------------------------] 124/444  loss=0.0352
  train [###########-----------------------------] 128/444  loss=0.0346
  train [###########-----------------------------] 132/444  loss=0.0349
  train [############----------------------------] 136/444  loss=0.0353
  train [############----------------------------] 140/444  loss=0.0354
  train [############----------------------------] 144/444  loss=0.0352
  train [#############---------------------------] 148/444  loss=0.0354
  train [#############---------------------------] 152/444  loss=0.0351
  train [##############--------------------------] 156/444  loss=0.0354
  train [##############--------------------------] 160/444  loss=0.0354
  train [##############--------------------------] 164/444  loss=0.0357
  train [###############-------------------------] 168/444  loss=0.0355
  train [###############-------------------------] 172/444  loss=0.0358
  train [###############-------------------------] 176/444  loss=0.0362
  train [################------------------------] 180/444  loss=0.0364
  train [################------------------------] 184/444  loss=0.0362
  train [################------------------------] 188/444  loss=0.0361
  train [#################-----------------------] 192/444  loss=0.0364
  train [#################-----------------------] 196/444  loss=0.0362
  train [##################----------------------] 200/444  loss=0.0364
  train [##################----------------------] 204/444  loss=0.0366
  train [##################----------------------] 208/444  loss=0.0362
  train [###################---------------------] 212/444  loss=0.0363
  train [###################---------------------] 216/444  loss=0.0362
  train [###################---------------------] 220/444  loss=0.0358
  train [####################--------------------] 224/444  loss=0.0357
  train [####################--------------------] 228/444  loss=0.0361
  train [####################--------------------] 232/444  loss=0.0362
  train [#####################-------------------] 236/444  loss=0.0360
  train [#####################-------------------] 240/444  loss=0.0361
  train [#####################-------------------] 244/444  loss=0.0359
  train [######################------------------] 248/444  loss=0.0359
  train [######################------------------] 252/444  loss=0.0358
  train [#######################-----------------] 256/444  loss=0.0358
  train [#######################-----------------] 260/444  loss=0.0357
  train [#######################-----------------] 264/444  loss=0.0356
  train [########################----------------] 268/444  loss=0.0354
  train [########################----------------] 272/444  loss=0.0354
  train [########################----------------] 276/444  loss=0.0358
  train [#########################---------------] 280/444  loss=0.0359
  train [#########################---------------] 284/444  loss=0.0356
  train [#########################---------------] 288/444  loss=0.0354
  train [##########################--------------] 292/444  loss=0.0356
  train [##########################--------------] 296/444  loss=0.0355
  train [###########################-------------] 300/444  loss=0.0352
  train [###########################-------------] 304/444  loss=0.0353
  train [###########################-------------] 308/444  loss=0.0351
  train [############################------------] 312/444  loss=0.0349
  train [############################------------] 316/444  loss=0.0348
  train [############################------------] 320/444  loss=0.0348
  train [#############################-----------] 324/444  loss=0.0349
  train [#############################-----------] 328/444  loss=0.0349
  train [#############################-----------] 332/444  loss=0.0347
  train [##############################----------] 336/444  loss=0.0347
  train [##############################----------] 340/444  loss=0.0346
  train [##############################----------] 344/444  loss=0.0346
  train [###############################---------] 348/444  loss=0.0344
  train [###############################---------] 352/444  loss=0.0346
  train [################################--------] 356/444  loss=0.0346
  train [################################--------] 360/444  loss=0.0346
  train [################################--------] 364/444  loss=0.0348
  train [#################################-------] 368/444  loss=0.0346
  train [#################################-------] 372/444  loss=0.0344
  train [#################################-------] 376/444  loss=0.0345
  train [##################################------] 380/444  loss=0.0345
  train [##################################------] 384/444  loss=0.0344
  train [##################################------] 388/444  loss=0.0343
  train [###################################-----] 392/444  loss=0.0342
  train [###################################-----] 396/444  loss=0.0341
  train [####################################----] 400/444  loss=0.0344
  train [####################################----] 404/444  loss=0.0345
  train [####################################----] 408/444  loss=0.0344
  train [#####################################---] 412/444  loss=0.0345
  train [#####################################---] 416/444  loss=0.0344
  train [#####################################---] 420/444  loss=0.0346
  train [######################################--] 424/444  loss=0.0346
  train [######################################--] 428/444  loss=0.0345
  train [######################################--] 432/444  loss=0.0347
  train [#######################################-] 436/444  loss=0.0347
  train [#######################################-] 440/444  loss=0.0348
  train [########################################] 444/444  loss=0.0349
  val   [----------------------------------------] 1/93
  val   [----------------------------------------] 2/93
  val   [#---------------------------------------] 3/93
  val   [#---------------------------------------] 4/93
  val   [##--------------------------------------] 5/93
  val   [##--------------------------------------] 6/93
  val   [###-------------------------------------] 7/93
  val   [###-------------------------------------] 8/93
  val   [###-------------------------------------] 9/93
  val   [####------------------------------------] 10/93
  val   [####------------------------------------] 11/93
  val   [#####-----------------------------------] 12/93
  val   [#####-----------------------------------] 13/93
  val   [######----------------------------------] 14/93
  val   [######----------------------------------] 15/93
  val   [######----------------------------------] 16/93
  val   [#######---------------------------------] 17/93
  val   [#######---------------------------------] 18/93
  val   [########--------------------------------] 19/93
  val   [########--------------------------------] 20/93
  val   [#########-------------------------------] 21/93
  val   [#########-------------------------------] 22/93
  val   [#########-------------------------------] 23/93
  val   [##########------------------------------] 24/93
  val   [##########------------------------------] 25/93
  val   [###########-----------------------------] 26/93
  val   [###########-----------------------------] 27/93
  val   [############----------------------------] 28/93
  val   [############----------------------------] 29/93
  val   [############----------------------------] 30/93
  val   [#############---------------------------] 31/93
  val   [#############---------------------------] 32/93
  val   [##############--------------------------] 33/93
  val   [##############--------------------------] 34/93
  val   [###############-------------------------] 35/93
  val   [###############-------------------------] 36/93
  val   [###############-------------------------] 37/93
  val   [################------------------------] 38/93
  val   [################------------------------] 39/93
  val   [#################-----------------------] 40/93
  val   [#################-----------------------] 41/93
  val   [##################----------------------] 42/93
  val   [##################----------------------] 43/93
  val   [##################----------------------] 44/93
  val   [###################---------------------] 45/93
  val   [###################---------------------] 46/93
  val   [####################--------------------] 47/93
  val   [####################--------------------] 48/93
  val   [#####################-------------------] 49/93
  val   [#####################-------------------] 50/93
  val   [#####################-------------------] 51/93
  val   [######################------------------] 52/93
  val   [######################------------------] 53/93
  val   [#######################-----------------] 54/93
  val   [#######################-----------------] 55/93
  val   [########################----------------] 56/93
  val   [########################----------------] 57/93
  val   [########################----------------] 58/93
  val   [#########################---------------] 59/93
  val   [#########################---------------] 60/93
  val   [##########################--------------] 61/93
  val   [##########################--------------] 62/93
  val   [###########################-------------] 63/93
  val   [###########################-------------] 64/93
  val   [###########################-------------] 65/93
  val   [############################------------] 66/93
  val   [############################------------] 67/93
  val   [#############################-----------] 68/93
  val   [#############################-----------] 69/93
  val   [##############################----------] 70/93
  val   [##############################----------] 71/93
  val   [##############################----------] 72/93
  val   [###############################---------] 73/93
  val   [###############################---------] 74/93
  val   [################################--------] 75/93
  val   [################################--------] 76/93
  val   [#################################-------] 77/93
  val   [#################################-------] 78/93
  val   [#################################-------] 79/93
  val   [##################################------] 80/93
  val   [##################################------] 81/93
  val   [###################################-----] 82/93
  val   [###################################-----] 83/93
  val   [####################################----] 84/93
  val   [####################################----] 85/93
  val   [####################################----] 86/93
  val   [#####################################---] 87/93
  val   [#####################################---] 88/93
  val   [######################################--] 89/93
  val   [######################################--] 90/93
  val   [#######################################-] 91/93
  val   [#######################################-] 92/93
  val   [########################################] 93/93
Epoch  17 | train_loss=0.0350 | val_loss=0.9202 | val_acc=0.8360
  train [----------------------------------------] 4/444  loss=0.0217
  train [----------------------------------------] 8/444  loss=0.0431
  train [#---------------------------------------] 12/444  loss=0.0493
  train [#---------------------------------------] 16/444  loss=0.0457
  train [#---------------------------------------] 20/444  loss=0.0425
  train [##--------------------------------------] 24/444  loss=0.0417
  train [##--------------------------------------] 28/444  loss=0.0384
  train [##--------------------------------------] 32/444  loss=0.0376
  train [###-------------------------------------] 36/444  loss=0.0381
  train [###-------------------------------------] 40/444  loss=0.0378
  train [###-------------------------------------] 44/444  loss=0.0380
  train [####------------------------------------] 48/444  loss=0.0367
  train [####------------------------------------] 52/444  loss=0.0352
  train [#####-----------------------------------] 56/444  loss=0.0353
  train [#####-----------------------------------] 60/444  loss=0.0359
  train [#####-----------------------------------] 64/444  loss=0.0358
  train [######----------------------------------] 68/444  loss=0.0363
  train [######----------------------------------] 72/444  loss=0.0370
  train [######----------------------------------] 76/444  loss=0.0365
  train [#######---------------------------------] 80/444  loss=0.0358
  train [#######---------------------------------] 84/444  loss=0.0361
  train [#######---------------------------------] 88/444  loss=0.0355
  train [########--------------------------------] 92/444  loss=0.0353
  train [########--------------------------------] 96/444  loss=0.0351
  train [#########-------------------------------] 100/444  loss=0.0360
  train [#########-------------------------------] 104/444  loss=0.0354
  train [#########-------------------------------] 108/444  loss=0.0353
  train [##########------------------------------] 112/444  loss=0.0350
  train [##########------------------------------] 116/444  loss=0.0353
  train [##########------------------------------] 120/444  loss=0.0350
  train [###########-----------------------------] 124/444  loss=0.0346
  train [###########-----------------------------] 128/444  loss=0.0346
  train [###########-----------------------------] 132/444  loss=0.0346
  train [############----------------------------] 136/444  loss=0.0352
  train [############----------------------------] 140/444  loss=0.0348
  train [############----------------------------] 144/444  loss=0.0344
  train [#############---------------------------] 148/444  loss=0.0345
  train [#############---------------------------] 152/444  loss=0.0344
  train [##############--------------------------] 156/444  loss=0.0362
  train [##############--------------------------] 160/444  loss=0.0370
  train [##############--------------------------] 164/444  loss=0.0366
  train [###############-------------------------] 168/444  loss=0.0365
  train [###############-------------------------] 172/444  loss=0.0366
  train [###############-------------------------] 176/444  loss=0.0363
  train [################------------------------] 180/444  loss=0.0358
  train [################------------------------] 184/444  loss=0.0357
  train [################------------------------] 188/444  loss=0.0358
  train [#################-----------------------] 192/444  loss=0.0357
  train [#################-----------------------] 196/444  loss=0.0357
  train [##################----------------------] 200/444  loss=0.0354
  train [##################----------------------] 204/444  loss=0.0351
  train [##################----------------------] 208/444  loss=0.0350
  train [###################---------------------] 212/444  loss=0.0355
  train [###################---------------------] 216/444  loss=0.0352
  train [###################---------------------] 220/444  loss=0.0353
  train [####################--------------------] 224/444  loss=0.0354
  train [####################--------------------] 228/444  loss=0.0352
  train [####################--------------------] 232/444  loss=0.0350
  train [#####################-------------------] 236/444  loss=0.0347
  train [#####################-------------------] 240/444  loss=0.0345
  train [#####################-------------------] 244/444  loss=0.0342
  train [######################------------------] 248/444  loss=0.0341
  train [######################------------------] 252/444  loss=0.0340
  train [#######################-----------------] 256/444  loss=0.0338
  train [#######################-----------------] 260/444  loss=0.0336
  train [#######################-----------------] 264/444  loss=0.0334
  train [########################----------------] 268/444  loss=0.0333
  train [########################----------------] 272/444  loss=0.0334
  train [########################----------------] 276/444  loss=0.0334
  train [#########################---------------] 280/444  loss=0.0332
  train [#########################---------------] 284/444  loss=0.0332
  train [#########################---------------] 288/444  loss=0.0332
  train [##########################--------------] 292/444  loss=0.0334
  train [##########################--------------] 296/444  loss=0.0336
  train [###########################-------------] 300/444  loss=0.0334
  train [###########################-------------] 304/444  loss=0.0337
  train [###########################-------------] 308/444  loss=0.0336
  train [############################------------] 312/444  loss=0.0335
  train [############################------------] 316/444  loss=0.0337
  train [############################------------] 320/444  loss=0.0336
  train [#############################-----------] 324/444  loss=0.0335
  train [#############################-----------] 328/444  loss=0.0337
  train [#############################-----------] 332/444  loss=0.0339
  train [##############################----------] 336/444  loss=0.0341
  train [##############################----------] 340/444  loss=0.0341
  train [##############################----------] 344/444  loss=0.0341
  train [###############################---------] 348/444  loss=0.0339
  train [###############################---------] 352/444  loss=0.0338
  train [################################--------] 356/444  loss=0.0337
  train [################################--------] 360/444  loss=0.0337
  train [################################--------] 364/444  loss=0.0336
  train [#################################-------] 368/444  loss=0.0336
  train [#################################-------] 372/444  loss=0.0335
  train [#################################-------] 376/444  loss=0.0333
  train [##################################------] 380/444  loss=0.0334
  train [##################################------] 384/444  loss=0.0335
  train [##################################------] 388/444  loss=0.0336
  train [###################################-----] 392/444  loss=0.0335
  train [###################################-----] 396/444  loss=0.0337
  train [####################################----] 400/444  loss=0.0336
  train [####################################----] 404/444  loss=0.0336
  train [####################################----] 408/444  loss=0.0337
  train [#####################################---] 412/444  loss=0.0336
  train [#####################################---] 416/444  loss=0.0335
  train [#####################################---] 420/444  loss=0.0334
  train [######################################--] 424/444  loss=0.0333
  train [######################################--] 428/444  loss=0.0335
  train [######################################--] 432/444  loss=0.0336
  train [#######################################-] 436/444  loss=0.0336
  train [#######################################-] 440/444  loss=0.0334
  train [########################################] 444/444  loss=0.0334
  val   [----------------------------------------] 1/93
  val   [----------------------------------------] 2/93
  val   [#---------------------------------------] 3/93
  val   [#---------------------------------------] 4/93
  val   [##--------------------------------------] 5/93
  val   [##--------------------------------------] 6/93
  val   [###-------------------------------------] 7/93
  val   [###-------------------------------------] 8/93
  val   [###-------------------------------------] 9/93
  val   [####------------------------------------] 10/93
  val   [####------------------------------------] 11/93
  val   [#####-----------------------------------] 12/93
  val   [#####-----------------------------------] 13/93
  val   [######----------------------------------] 14/93
  val   [######----------------------------------] 15/93
  val   [######----------------------------------] 16/93
  val   [#######---------------------------------] 17/93
  val   [#######---------------------------------] 18/93
  val   [########--------------------------------] 19/93
  val   [########--------------------------------] 20/93
  val   [#########-------------------------------] 21/93
  val   [#########-------------------------------] 22/93
  val   [#########-------------------------------] 23/93
  val   [##########------------------------------] 24/93
  val   [##########------------------------------] 25/93
  val   [###########-----------------------------] 26/93
  val   [###########-----------------------------] 27/93
  val   [############----------------------------] 28/93
  val   [############----------------------------] 29/93
  val   [############----------------------------] 30/93
  val   [#############---------------------------] 31/93
  val   [#############---------------------------] 32/93
  val   [##############--------------------------] 33/93
  val   [##############--------------------------] 34/93
  val   [###############-------------------------] 35/93
  val   [###############-------------------------] 36/93
  val   [###############-------------------------] 37/93
  val   [################------------------------] 38/93
  val   [################------------------------] 39/93
  val   [#################-----------------------] 40/93
  val   [#################-----------------------] 41/93
  val   [##################----------------------] 42/93
  val   [##################----------------------] 43/93
  val   [##################----------------------] 44/93
  val   [###################---------------------] 45/93
  val   [###################---------------------] 46/93
  val   [####################--------------------] 47/93
  val   [####################--------------------] 48/93
  val   [#####################-------------------] 49/93
  val   [#####################-------------------] 50/93
  val   [#####################-------------------] 51/93
  val   [######################------------------] 52/93
  val   [######################------------------] 53/93
  val   [#######################-----------------] 54/93
  val   [#######################-----------------] 55/93
  val   [########################----------------] 56/93
  val   [########################----------------] 57/93
  val   [########################----------------] 58/93
  val   [#########################---------------] 59/93
  val   [#########################---------------] 60/93
  val   [##########################--------------] 61/93
  val   [##########################--------------] 62/93
  val   [###########################-------------] 63/93
  val   [###########################-------------] 64/93
  val   [###########################-------------] 65/93
  val   [############################------------] 66/93
  val   [############################------------] 67/93
  val   [#############################-----------] 68/93
  val   [#############################-----------] 69/93
  val   [##############################----------] 70/93
  val   [##############################----------] 71/93
  val   [##############################----------] 72/93
  val   [###############################---------] 73/93
  val   [###############################---------] 74/93
  val   [################################--------] 75/93
  val   [################################--------] 76/93
  val   [#################################-------] 77/93
  val   [#################################-------] 78/93
  val   [#################################-------] 79/93
  val   [##################################------] 80/93
  val   [##################################------] 81/93
  val   [###################################-----] 82/93
  val   [###################################-----] 83/93
  val   [####################################----] 84/93
  val   [####################################----] 85/93
  val   [####################################----] 86/93
  val   [#####################################---] 87/93
  val   [#####################################---] 88/93
  val   [######################################--] 89/93
  val   [######################################--] 90/93
  val   [#######################################-] 91/93
  val   [#######################################-] 92/93
  val   [########################################] 93/93
Epoch  18 | train_loss=0.0334 | val_loss=0.9153 | val_acc=0.8412
  train [----------------------------------------] 4/444  loss=0.0155
  train [----------------------------------------] 8/444  loss=0.0301
  train [#---------------------------------------] 12/444  loss=0.0250
  train [#---------------------------------------] 16/444  loss=0.0257
  train [#---------------------------------------] 20/444  loss=0.0232
  train [##--------------------------------------] 24/444  loss=0.0247
  train [##--------------------------------------] 28/444  loss=0.0241
  train [##--------------------------------------] 32/444  loss=0.0235
  train [###-------------------------------------] 36/444  loss=0.0266
  train [###-------------------------------------] 40/444  loss=0.0262
  train [###-------------------------------------] 44/444  loss=0.0251
  train [####------------------------------------] 48/444  loss=0.0244
  train [####------------------------------------] 52/444  loss=0.0244
  train [#####-----------------------------------] 56/444  loss=0.0251
  train [#####-----------------------------------] 60/444  loss=0.0247
  train [#####-----------------------------------] 64/444  loss=0.0254
  train [######----------------------------------] 68/444  loss=0.0260
  train [######----------------------------------] 72/444  loss=0.0262
  train [######----------------------------------] 76/444  loss=0.0267
  train [#######---------------------------------] 80/444  loss=0.0265
  train [#######---------------------------------] 84/444  loss=0.0261
  train [#######---------------------------------] 88/444  loss=0.0256
  train [########--------------------------------] 92/444  loss=0.0261
  train [########--------------------------------] 96/444  loss=0.0262
  train [#########-------------------------------] 100/444  loss=0.0260
  train [#########-------------------------------] 104/444  loss=0.0259
  train [#########-------------------------------] 108/444  loss=0.0266
  train [##########------------------------------] 112/444  loss=0.0268
  train [##########------------------------------] 116/444  loss=0.0265
  train [##########------------------------------] 120/444  loss=0.0266
  train [###########-----------------------------] 124/444  loss=0.0268
  train [###########-----------------------------] 128/444  loss=0.0263
  train [###########-----------------------------] 132/444  loss=0.0265
  train [############----------------------------] 136/444  loss=0.0264
  train [############----------------------------] 140/444  loss=0.0263
  train [############----------------------------] 144/444  loss=0.0259
  train [#############---------------------------] 148/444  loss=0.0258
  train [#############---------------------------] 152/444  loss=0.0258
  train [##############--------------------------] 156/444  loss=0.0258
  train [##############--------------------------] 160/444  loss=0.0260
  train [##############--------------------------] 164/444  loss=0.0263
  train [###############-------------------------] 168/444  loss=0.0260
  train [###############-------------------------] 172/444  loss=0.0258
  train [###############-------------------------] 176/444  loss=0.0258
  train [################------------------------] 180/444  loss=0.0257
  train [################------------------------] 184/444  loss=0.0259
  train [################------------------------] 188/444  loss=0.0260
  train [#################-----------------------] 192/444  loss=0.0258
  train [#################-----------------------] 196/444  loss=0.0260
  train [##################----------------------] 200/444  loss=0.0261
  train [##################----------------------] 204/444  loss=0.0264
  train [##################----------------------] 208/444  loss=0.0263
  train [###################---------------------] 212/444  loss=0.0265
  train [###################---------------------] 216/444  loss=0.0263
  train [###################---------------------] 220/444  loss=0.0260
  train [####################--------------------] 224/444  loss=0.0261
  train [####################--------------------] 228/444  loss=0.0261
  train [####################--------------------] 232/444  loss=0.0259
  train [#####################-------------------] 236/444  loss=0.0262
  train [#####################-------------------] 240/444  loss=0.0264
  train [#####################-------------------] 244/444  loss=0.0265
  train [######################------------------] 248/444  loss=0.0267
  train [######################------------------] 252/444  loss=0.0269
  train [#######################-----------------] 256/444  loss=0.0268
  train [#######################-----------------] 260/444  loss=0.0268
  train [#######################-----------------] 264/444  loss=0.0269
  train [########################----------------] 268/444  loss=0.0268
  train [########################----------------] 272/444  loss=0.0267
  train [########################----------------] 276/444  loss=0.0267
  train [#########################---------------] 280/444  loss=0.0268
  train [#########################---------------] 284/444  loss=0.0269
  train [#########################---------------] 288/444  loss=0.0267
  train [##########################--------------] 292/444  loss=0.0267
  train [##########################--------------] 296/444  loss=0.0267
  train [###########################-------------] 300/444  loss=0.0268
  train [###########################-------------] 304/444  loss=0.0267
  train [###########################-------------] 308/444  loss=0.0270
  train [############################------------] 312/444  loss=0.0268
  train [############################------------] 316/444  loss=0.0268
  train [############################------------] 320/444  loss=0.0269
  train [#############################-----------] 324/444  loss=0.0268
  train [#############################-----------] 328/444  loss=0.0267
  train [#############################-----------] 332/444  loss=0.0266
  train [##############################----------] 336/444  loss=0.0267
  train [##############################----------] 340/444  loss=0.0269
  train [##############################----------] 344/444  loss=0.0270
  train [###############################---------] 348/444  loss=0.0270
  train [###############################---------] 352/444  loss=0.0268
  train [################################--------] 356/444  loss=0.0269
  train [################################--------] 360/444  loss=0.0269
  train [################################--------] 364/444  loss=0.0270
  train [#################################-------] 368/444  loss=0.0271
  train [#################################-------] 372/444  loss=0.0273
  train [#################################-------] 376/444  loss=0.0272
  train [##################################------] 380/444  loss=0.0273
  train [##################################------] 384/444  loss=0.0276
  train [##################################------] 388/444  loss=0.0276
  train [###################################-----] 392/444  loss=0.0276
  train [###################################-----] 396/444  loss=0.0276
  train [####################################----] 400/444  loss=0.0276
  train [####################################----] 404/444  loss=0.0278
  train [####################################----] 408/444  loss=0.0278
  train [#####################################---] 412/444  loss=0.0278
  train [#####################################---] 416/444  loss=0.0278
  train [#####################################---] 420/444  loss=0.0278
  train [######################################--] 424/444  loss=0.0278
  train [######################################--] 428/444  loss=0.0281
  train [######################################--] 432/444  loss=0.0281
  train [#######################################-] 436/444  loss=0.0281
  train [#######################################-] 440/444  loss=0.0280
  train [########################################] 444/444  loss=0.0282
  val   [----------------------------------------] 1/93
  val   [----------------------------------------] 2/93
  val   [#---------------------------------------] 3/93
  val   [#---------------------------------------] 4/93
  val   [##--------------------------------------] 5/93
  val   [##--------------------------------------] 6/93
  val   [###-------------------------------------] 7/93
  val   [###-------------------------------------] 8/93
  val   [###-------------------------------------] 9/93
  val   [####------------------------------------] 10/93
  val   [####------------------------------------] 11/93
  val   [#####-----------------------------------] 12/93
  val   [#####-----------------------------------] 13/93
  val   [######----------------------------------] 14/93
  val   [######----------------------------------] 15/93
  val   [######----------------------------------] 16/93
  val   [#######---------------------------------] 17/93
  val   [#######---------------------------------] 18/93
  val   [########--------------------------------] 19/93
  val   [########--------------------------------] 20/93
  val   [#########-------------------------------] 21/93
  val   [#########-------------------------------] 22/93
  val   [#########-------------------------------] 23/93
  val   [##########------------------------------] 24/93
  val   [##########------------------------------] 25/93
  val   [###########-----------------------------] 26/93
  val   [###########-----------------------------] 27/93
  val   [############----------------------------] 28/93
  val   [############----------------------------] 29/93
  val   [############----------------------------] 30/93
  val   [#############---------------------------] 31/93
  val   [#############---------------------------] 32/93
  val   [##############--------------------------] 33/93
  val   [##############--------------------------] 34/93
  val   [###############-------------------------] 35/93
  val   [###############-------------------------] 36/93
  val   [###############-------------------------] 37/93
  val   [################------------------------] 38/93
  val   [################------------------------] 39/93
  val   [#################-----------------------] 40/93
  val   [#################-----------------------] 41/93
  val   [##################----------------------] 42/93
  val   [##################----------------------] 43/93
  val   [##################----------------------] 44/93
  val   [###################---------------------] 45/93
  val   [###################---------------------] 46/93
  val   [####################--------------------] 47/93
  val   [####################--------------------] 48/93
  val   [#####################-------------------] 49/93
  val   [#####################-------------------] 50/93
  val   [#####################-------------------] 51/93
  val   [######################------------------] 52/93
  val   [######################------------------] 53/93
  val   [#######################-----------------] 54/93
  val   [#######################-----------------] 55/93
  val   [########################----------------] 56/93
  val   [########################----------------] 57/93
  val   [########################----------------] 58/93
  val   [#########################---------------] 59/93
  val   [#########################---------------] 60/93
  val   [##########################--------------] 61/93
  val   [##########################--------------] 62/93
  val   [###########################-------------] 63/93
  val   [###########################-------------] 64/93
  val   [###########################-------------] 65/93
  val   [############################------------] 66/93
  val   [############################------------] 67/93
  val   [#############################-----------] 68/93
  val   [#############################-----------] 69/93
  val   [##############################----------] 70/93
  val   [##############################----------] 71/93
  val   [##############################----------] 72/93
  val   [###############################---------] 73/93
  val   [###############################---------] 74/93
  val   [################################--------] 75/93
  val   [################################--------] 76/93
  val   [#################################-------] 77/93
  val   [#################################-------] 78/93
  val   [#################################-------] 79/93
  val   [##################################------] 80/93
  val   [##################################------] 81/93
  val   [###################################-----] 82/93
  val   [###################################-----] 83/93
  val   [####################################----] 84/93
  val   [####################################----] 85/93
  val   [####################################----] 86/93
  val   [#####################################---] 87/93
  val   [#####################################---] 88/93
  val   [######################################--] 89/93
  val   [######################################--] 90/93
  val   [#######################################-] 91/93
  val   [#######################################-] 92/93
  val   [########################################] 93/93
Epoch  19 | train_loss=0.0282 | val_loss=0.9316 | val_acc=0.8328
  train [----------------------------------------] 4/444  loss=0.0263
  train [----------------------------------------] 8/444  loss=0.0201
  train [#---------------------------------------] 12/444  loss=0.0300
  train [#---------------------------------------] 16/444  loss=0.0310
  train [#---------------------------------------] 20/444  loss=0.0287
  train [##--------------------------------------] 24/444  loss=0.0292
  train [##--------------------------------------] 28/444  loss=0.0285
  train [##--------------------------------------] 32/444  loss=0.0312
  train [###-------------------------------------] 36/444  loss=0.0326
  train [###-------------------------------------] 40/444  loss=0.0309
  train [###-------------------------------------] 44/444  loss=0.0322
  train [####------------------------------------] 48/444  loss=0.0340
  train [####------------------------------------] 52/444  loss=0.0341
  train [#####-----------------------------------] 56/444  loss=0.0341
  train [#####-----------------------------------] 60/444  loss=0.0332
  train [#####-----------------------------------] 64/444  loss=0.0326
  train [######----------------------------------] 68/444  loss=0.0331
  train [######----------------------------------] 72/444  loss=0.0329
  train [######----------------------------------] 76/444  loss=0.0322
  train [#######---------------------------------] 80/444  loss=0.0314
  train [#######---------------------------------] 84/444  loss=0.0306
  train [#######---------------------------------] 88/444  loss=0.0306
  train [########--------------------------------] 92/444  loss=0.0303
  train [########--------------------------------] 96/444  loss=0.0305
  train [#########-------------------------------] 100/444  loss=0.0300
  train [#########-------------------------------] 104/444  loss=0.0303
  train [#########-------------------------------] 108/444  loss=0.0296
  train [##########------------------------------] 112/444  loss=0.0307
  train [##########------------------------------] 116/444  loss=0.0300
  train [##########------------------------------] 120/444  loss=0.0295
  train [###########-----------------------------] 124/444  loss=0.0300
  train [###########-----------------------------] 128/444  loss=0.0299
  train [###########-----------------------------] 132/444  loss=0.0294
  train [############----------------------------] 136/444  loss=0.0291
  train [############----------------------------] 140/444  loss=0.0290
  train [############----------------------------] 144/444  loss=0.0288
  train [#############---------------------------] 148/444  loss=0.0293
  train [#############---------------------------] 152/444  loss=0.0290
  train [##############--------------------------] 156/444  loss=0.0291
  train [##############--------------------------] 160/444  loss=0.0290
  train [##############--------------------------] 164/444  loss=0.0286
  train [###############-------------------------] 168/444  loss=0.0284
  train [###############-------------------------] 172/444  loss=0.0281
  train [###############-------------------------] 176/444  loss=0.0281
  train [################------------------------] 180/444  loss=0.0280
  train [################------------------------] 184/444  loss=0.0277
  train [################------------------------] 188/444  loss=0.0273
  train [#################-----------------------] 192/444  loss=0.0271
  train [#################-----------------------] 196/444  loss=0.0269
  train [##################----------------------] 200/444  loss=0.0266
  train [##################----------------------] 204/444  loss=0.0265
  train [##################----------------------] 208/444  loss=0.0263
  train [###################---------------------] 212/444  loss=0.0259
  train [###################---------------------] 216/444  loss=0.0257
  train [###################---------------------] 220/444  loss=0.0257
  train [####################--------------------] 224/444  loss=0.0254
  train [####################--------------------] 228/444  loss=0.0257
  train [####################--------------------] 232/444  loss=0.0257
  train [#####################-------------------] 236/444  loss=0.0257
  train [#####################-------------------] 240/444  loss=0.0255
  train [#####################-------------------] 244/444  loss=0.0256
  train [######################------------------] 248/444  loss=0.0256
  train [######################------------------] 252/444  loss=0.0256
  train [#######################-----------------] 256/444  loss=0.0255
  train [#######################-----------------] 260/444  loss=0.0255
  train [#######################-----------------] 264/444  loss=0.0254
  train [########################----------------] 268/444  loss=0.0254
  train [########################----------------] 272/444  loss=0.0257
  train [########################----------------] 276/444  loss=0.0256
  train [#########################---------------] 280/444  loss=0.0255
  train [#########################---------------] 284/444  loss=0.0255
  train [#########################---------------] 288/444  loss=0.0254
  train [##########################--------------] 292/444  loss=0.0253
  train [##########################--------------] 296/444  loss=0.0252
  train [###########################-------------] 300/444  loss=0.0251
  train [###########################-------------] 304/444  loss=0.0252
  train [###########################-------------] 308/444  loss=0.0251
  train [############################------------] 312/444  loss=0.0250
  train [############################------------] 316/444  loss=0.0249
  train [############################------------] 320/444  loss=0.0248
  train [#############################-----------] 324/444  loss=0.0248
  train [#############################-----------] 328/444  loss=0.0247
  train [#############################-----------] 332/444  loss=0.0247
  train [##############################----------] 336/444  loss=0.0247
  train [##############################----------] 340/444  loss=0.0246
  train [##############################----------] 344/444  loss=0.0244
  train [###############################---------] 348/444  loss=0.0244
  train [###############################---------] 352/444  loss=0.0242
  train [################################--------] 356/444  loss=0.0242
  train [################################--------] 360/444  loss=0.0243
  train [################################--------] 364/444  loss=0.0244
  train [#################################-------] 368/444  loss=0.0248
  train [#################################-------] 372/444  loss=0.0247
  train [#################################-------] 376/444  loss=0.0247
  train [##################################------] 380/444  loss=0.0247
  train [##################################------] 384/444  loss=0.0248
  train [##################################------] 388/444  loss=0.0247
  train [###################################-----] 392/444  loss=0.0246
  train [###################################-----] 396/444  loss=0.0246
  train [####################################----] 400/444  loss=0.0246
  train [####################################----] 404/444  loss=0.0248
  train [####################################----] 408/444  loss=0.0248
  train [#####################################---] 412/444  loss=0.0248
  train [#####################################---] 416/444  loss=0.0248
  train [#####################################---] 420/444  loss=0.0248
  train [######################################--] 424/444  loss=0.0247
  train [######################################--] 428/444  loss=0.0248
  train [######################################--] 432/444  loss=0.0249
  train [#######################################-] 436/444  loss=0.0251
  train [#######################################-] 440/444  loss=0.0251
  train [########################################] 444/444  loss=0.0250
  val   [----------------------------------------] 1/93
  val   [----------------------------------------] 2/93
  val   [#---------------------------------------] 3/93
  val   [#---------------------------------------] 4/93
  val   [##--------------------------------------] 5/93
  val   [##--------------------------------------] 6/93
  val   [###-------------------------------------] 7/93
  val   [###-------------------------------------] 8/93
  val   [###-------------------------------------] 9/93
  val   [####------------------------------------] 10/93
  val   [####------------------------------------] 11/93
  val   [#####-----------------------------------] 12/93
  val   [#####-----------------------------------] 13/93
  val   [######----------------------------------] 14/93
  val   [######----------------------------------] 15/93
  val   [######----------------------------------] 16/93
  val   [#######---------------------------------] 17/93
  val   [#######---------------------------------] 18/93
  val   [########--------------------------------] 19/93
  val   [########--------------------------------] 20/93
  val   [#########-------------------------------] 21/93
  val   [#########-------------------------------] 22/93
  val   [#########-------------------------------] 23/93
  val   [##########------------------------------] 24/93
  val   [##########------------------------------] 25/93
  val   [###########-----------------------------] 26/93
  val   [###########-----------------------------] 27/93
  val   [############----------------------------] 28/93
  val   [############----------------------------] 29/93
  val   [############----------------------------] 30/93
  val   [#############---------------------------] 31/93
  val   [#############---------------------------] 32/93
  val   [##############--------------------------] 33/93
  val   [##############--------------------------] 34/93
  val   [###############-------------------------] 35/93
  val   [###############-------------------------] 36/93
  val   [###############-------------------------] 37/93
  val   [################------------------------] 38/93
  val   [################------------------------] 39/93
  val   [#################-----------------------] 40/93
  val   [#################-----------------------] 41/93
  val   [##################----------------------] 42/93
  val   [##################----------------------] 43/93
  val   [##################----------------------] 44/93
  val   [###################---------------------] 45/93
  val   [###################---------------------] 46/93
  val   [####################--------------------] 47/93
  val   [####################--------------------] 48/93
  val   [#####################-------------------] 49/93
  val   [#####################-------------------] 50/93
  val   [#####################-------------------] 51/93
  val   [######################------------------] 52/93
  val   [######################------------------] 53/93
  val   [#######################-----------------] 54/93
  val   [#######################-----------------] 55/93
  val   [########################----------------] 56/93
  val   [########################----------------] 57/93
  val   [########################----------------] 58/93
  val   [#########################---------------] 59/93
  val   [#########################---------------] 60/93
  val   [##########################--------------] 61/93
  val   [##########################--------------] 62/93
  val   [###########################-------------] 63/93
  val   [###########################-------------] 64/93
  val   [###########################-------------] 65/93
  val   [############################------------] 66/93
  val   [############################------------] 67/93
  val   [#############################-----------] 68/93
  val   [#############################-----------] 69/93
  val   [##############################----------] 70/93
  val   [##############################----------] 71/93
  val   [##############################----------] 72/93
  val   [###############################---------] 73/93
  val   [###############################---------] 74/93
  val   [################################--------] 75/93
  val   [################################--------] 76/93
  val   [#################################-------] 77/93
  val   [#################################-------] 78/93
  val   [#################################-------] 79/93
  val   [##################################------] 80/93
  val   [##################################------] 81/93
  val   [###################################-----] 82/93
  val   [###################################-----] 83/93
  val   [####################################----] 84/93
  val   [####################################----] 85/93
  val   [####################################----] 86/93
  val   [#####################################---] 87/93
  val   [#####################################---] 88/93
  val   [######################################--] 89/93
  val   [######################################--] 90/93
  val   [#######################################-] 91/93
  val   [#######################################-] 92/93
  val   [########################################] 93/93
Epoch  20 | train_loss=0.0251 | val_loss=0.9085 | val_acc=0.8402
Early stopping at epoch 20 (no improvement for 5 epochs)

Done. Results in /zfsstore/courses/2025-2026/4343MMEBX/Group6/results/baseline_resnet50/
Loading datasets...
Classes: 317, total samples: 40902
Discarded 247 species (1087 records) below MIN_GBIFIDS=10
Building model and loading best.pt...
Running inference on test set...
  inference [----------------------------------------] 1/104
  inference [----------------------------------------] 2/104
  inference [#---------------------------------------] 3/104
  inference [#---------------------------------------] 4/104
  inference [#---------------------------------------] 5/104
  inference [##--------------------------------------] 6/104
  inference [##--------------------------------------] 7/104
  inference [###-------------------------------------] 8/104
  inference [###-------------------------------------] 9/104
  inference [###-------------------------------------] 10/104
  inference [####------------------------------------] 11/104
  inference [####------------------------------------] 12/104
  inference [#####-----------------------------------] 13/104
  inference [#####-----------------------------------] 14/104
  inference [#####-----------------------------------] 15/104
  inference [######----------------------------------] 16/104
  inference [######----------------------------------] 17/104
  inference [######----------------------------------] 18/104
  inference [#######---------------------------------] 19/104
  inference [#######---------------------------------] 20/104
  inference [########--------------------------------] 21/104
  inference [########--------------------------------] 22/104
  inference [########--------------------------------] 23/104
  inference [#########-------------------------------] 24/104
  inference [#########-------------------------------] 25/104
  inference [##########------------------------------] 26/104
  inference [##########------------------------------] 27/104
  inference [##########------------------------------] 28/104
  inference [###########-----------------------------] 29/104
  inference [###########-----------------------------] 30/104
  inference [###########-----------------------------] 31/104
  inference [############----------------------------] 32/104
  inference [############----------------------------] 33/104
  inference [#############---------------------------] 34/104
  inference [#############---------------------------] 35/104
  inference [#############---------------------------] 36/104
  inference [##############--------------------------] 37/104
  inference [##############--------------------------] 38/104
  inference [###############-------------------------] 39/104
  inference [###############-------------------------] 40/104
  inference [###############-------------------------] 41/104
  inference [################------------------------] 42/104
  inference [################------------------------] 43/104
  inference [################------------------------] 44/104
  inference [#################-----------------------] 45/104
  inference [#################-----------------------] 46/104
  inference [##################----------------------] 47/104
  inference [##################----------------------] 48/104
  inference [##################----------------------] 49/104
  inference [###################---------------------] 50/104
  inference [###################---------------------] 51/104
  inference [####################--------------------] 52/104
  inference [####################--------------------] 53/104
  inference [####################--------------------] 54/104
  inference [#####################-------------------] 55/104
  inference [#####################-------------------] 56/104
  inference [#####################-------------------] 57/104
  inference [######################------------------] 58/104
  inference [######################------------------] 59/104
  inference [#######################-----------------] 60/104
  inference [#######################-----------------] 61/104
  inference [#######################-----------------] 62/104
  inference [########################----------------] 63/104
  inference [########################----------------] 64/104
  inference [#########################---------------] 65/104
  inference [#########################---------------] 66/104
  inference [#########################---------------] 67/104
  inference [##########################--------------] 68/104
  inference [##########################--------------] 69/104
  inference [##########################--------------] 70/104
  inference [###########################-------------] 71/104
  inference [###########################-------------] 72/104
  inference [############################------------] 73/104
  inference [############################------------] 74/104
  inference [############################------------] 75/104
  inference [#############################-----------] 76/104
  inference [#############################-----------] 77/104
  inference [##############################----------] 78/104
  inference [##############################----------] 79/104
  inference [##############################----------] 80/104
  inference [###############################---------] 81/104
  inference [###############################---------] 82/104
  inference [###############################---------] 83/104
  inference [################################--------] 84/104
  inference [################################--------] 85/104
  inference [#################################-------] 86/104
  inference [#################################-------] 87/104
  inference [#################################-------] 88/104
  inference [##################################------] 89/104
  inference [##################################------] 90/104
  inference [###################################-----] 91/104
  inference [###################################-----] 92/104
  inference [###################################-----] 93/104
  inference [####################################----] 94/104
  inference [####################################----] 95/104
  inference [####################################----] 96/104
  inference [#####################################---] 97/104
  inference [#####################################---] 98/104
  inference [######################################--] 99/104
  inference [######################################--] 100/104
  inference [######################################--] 101/104
  inference [#######################################-] 102/104
  inference [#######################################-] 103/104
  inference [########################################] 104/104
Traceback (most recent call last):
  File "<frozen runpy>", line 198, in _run_module_as_main
  File "<frozen runpy>", line 88, in _run_code
  File "/zfsstore/courses/2025-2026/4343MMEBX/Group6/pipeline/test.py", line 245, in <module>
    main()
  File "/zfsstore/courses/2025-2026/4343MMEBX/Group6/pipeline/test.py", line 241, in main
    run_gradcam(model, test_ds, args.backbone, result_dir, preds, species_counts, device)
  File "/zfsstore/courses/2025-2026/4343MMEBX/Group6/pipeline/test.py", line 177, in run_gradcam
    grayscale_cam = cam(input_tensor=img_batch, targets=targets)[0]
                    ^^^^^^^^^^^^^^^^^^^^^^^^^^^^^^^^^^^^^^^^^^^^
  File "/zfsstore/courses/2025-2026/4343MMEBX/Group6/env/lib/python3.11/site-packages/pytorch_grad_cam/base_cam.py", line 209, in __call__
    return self.forward(input_tensor, targets, eigen_smooth)
           ^^^^^^^^^^^^^^^^^^^^^^^^^^^^^^^^^^^^^^^^^^^^^^^^^
  File "/zfsstore/courses/2025-2026/4343MMEBX/Group6/env/lib/python3.11/site-packages/pytorch_grad_cam/base_cam.py", line 101, in forward
    self.outputs = outputs = self.activations_and_grads(input_tensor)
                             ^^^^^^^^^^^^^^^^^^^^^^^^^^^^^^^^^^^^^^^^
  File "/zfsstore/courses/2025-2026/4343MMEBX/Group6/env/lib/python3.11/site-packages/pytorch_grad_cam/activations_and_gradients.py", line 48, in __call__
    return self.model(x)
           ^^^^^^^^^^^^^
  File "/zfsstore/courses/2025-2026/4343MMEBX/Group6/env/lib/python3.11/site-packages/torch/nn/modules/module.py", line 1736, in _wrapped_call_impl
    return self._call_impl(*args, **kwargs)
           ^^^^^^^^^^^^^^^^^^^^^^^^^^^^^^^^
  File "/zfsstore/courses/2025-2026/4343MMEBX/Group6/env/lib/python3.11/site-packages/torch/nn/modules/module.py", line 1747, in _call_impl
    return forward_call(*args, **kwargs)
           ^^^^^^^^^^^^^^^^^^^^^^^^^^^^^
TypeError: BaselineModel.forward() missing 1 required positional argument: 'loc'
Macro-F1 (overall): 0.7348
  rare  : 0.7528
  medium: 0.8236
  common: 0.9014
Metrics saved to /zfsstore/courses/2025-2026/4343MMEBX/Group6/results/baseline_resnet50/metrics.json
