  failed 3449987949_Preview001.jpg: <urlopen error timed out>
  failed 3449979074_Preview001.jpg: <urlopen error timed out>
  failed 3449953358_Preview001.jpg: <urlopen error timed out>
  failed 3449943128_Preview001.jpg: <urlopen error timed out>
  failed 3449934212_Preview001.jpg: <urlopen error timed out>
Loaded 32095 occurrence records
Total multimedia rows: 42152

Done. total=42006, downloaded=0, skipped=42001, errors=5
Downloading: "https://download.pytorch.org/models/resnet50-0676ba61.pth" to /home/s3569829/.cache/torch/hub/checkpoints/resnet50-0676ba61.pth
Device: cuda
Loading datasets...
Classes: 317, total samples: 40902
Discarded 247 species (1087 records) below MIN_GBIFIDS=10
Classes: 317 | train: 28370 | val: 5933
Building model...
  0%|          | 0.00/97.8M [00:00<?, ?B/s]  5%|▌         | 5.12M/97.8M [00:00<00:01, 51.0MB/s] 14%|█▍        | 13.8M/97.8M [00:00<00:01, 73.6MB/s] 26%|██▌       | 25.6M/97.8M [00:00<00:00, 96.2MB/s] 41%|████      | 39.8M/97.8M [00:00<00:00, 116MB/s]  54%|█████▍    | 53.0M/97.8M [00:00<00:00, 123MB/s] 66%|██████▌   | 64.8M/97.8M [00:00<00:00, 122MB/s] 78%|███████▊  | 76.8M/97.8M [00:00<00:00, 123MB/s] 91%|█████████ | 89.1M/97.8M [00:00<00:00, 125MB/s]100%|██████████| 97.8M/97.8M [00:00<00:00, 119MB/s]
Mixed precision (autocast + GradScaler) enabled
--resume set but no last.pt found; starting from scratch
  train [----------------------------------------] 4/444  loss=6.0217
  train [----------------------------------------] 8/444  loss=6.2107
  train [#---------------------------------------] 12/444  loss=6.4355
  train [#---------------------------------------] 16/444  loss=6.4786
  train [#---------------------------------------] 20/444  loss=6.3955
  train [##--------------------------------------] 24/444  loss=6.3927
  train [##--------------------------------------] 28/444  loss=6.3344
  train [##--------------------------------------] 32/444  loss=6.3030
  train [###-------------------------------------] 36/444  loss=6.2516
  train [###-------------------------------------] 40/444  loss=6.2079
  train [###-------------------------------------] 44/444  loss=6.1304
  train [####------------------------------------] 48/444  loss=6.0822
  train [####------------------------------------] 52/444  loss=6.0153
  train [#####-----------------------------------] 56/444  loss=5.9539
  train [#####-----------------------------------] 60/444  loss=5.8979
  train [#####-----------------------------------] 64/444  loss=5.8423
  train [######----------------------------------] 68/444  loss=5.7929
  train [######----------------------------------] 72/444  loss=5.7440
  train [######----------------------------------] 76/444  loss=5.6940
  train [#######---------------------------------] 80/444  loss=5.6192
  train [#######---------------------------------] 84/444  loss=5.5604
  train [#######---------------------------------] 88/444  loss=5.5094
  train [########--------------------------------] 92/444  loss=5.4680
  train [########--------------------------------] 96/444  loss=5.4080
  train [#########-------------------------------] 100/444  loss=5.3667
  train [#########-------------------------------] 104/444  loss=5.3196
  train [#########-------------------------------] 108/444  loss=5.2645
  train [##########------------------------------] 112/444  loss=5.2188
  train [##########------------------------------] 116/444  loss=5.1857
  train [##########------------------------------] 120/444  loss=5.1414
  train [###########-----------------------------] 124/444  loss=5.0973
  train [###########-----------------------------] 128/444  loss=5.0580
  train [###########-----------------------------] 132/444  loss=5.0099
  train [############----------------------------] 136/444  loss=4.9625
  train [############----------------------------] 140/444  loss=4.9190
  train [############----------------------------] 144/444  loss=4.8747
  train [#############---------------------------] 148/444  loss=4.8350
  train [#############---------------------------] 152/444  loss=4.8037
  train [##############--------------------------] 156/444  loss=4.7670
  train [##############--------------------------] 160/444  loss=4.7293
  train [##############--------------------------] 164/444  loss=4.6860
  train [###############-------------------------] 168/444  loss=4.6507
  train [###############-------------------------] 172/444  loss=4.6150
  train [###############-------------------------] 176/444  loss=4.5789
  train [################------------------------] 180/444  loss=4.5390
  train [################------------------------] 184/444  loss=4.4987
  train [################------------------------] 188/444  loss=4.4640
  train [#################-----------------------] 192/444  loss=4.4301
  train [#################-----------------------] 196/444  loss=4.3982
  train [##################----------------------] 200/444  loss=4.3692
  train [##################----------------------] 204/444  loss=4.3342
  train [##################----------------------] 208/444  loss=4.3047
  train [###################---------------------] 212/444  loss=4.2734
  train [###################---------------------] 216/444  loss=4.2417
  train [###################---------------------] 220/444  loss=4.2120
  train [####################--------------------] 224/444  loss=4.1810
  train [####################--------------------] 228/444  loss=4.1504
  train [####################--------------------] 232/444  loss=4.1288
  train [#####################-------------------] 236/444  loss=4.0957
  train [#####################-------------------] 240/444  loss=4.0643
  train [#####################-------------------] 244/444  loss=4.0325
  train [######################------------------] 248/444  loss=4.0043
  train [######################------------------] 252/444  loss=3.9772
  train [#######################-----------------] 256/444  loss=3.9478
  train [#######################-----------------] 260/444  loss=3.9226
  train [#######################-----------------] 264/444  loss=3.9016
  train [########################----------------] 268/444  loss=3.8727
  train [########################----------------] 272/444  loss=3.8443
  train [########################----------------] 276/444  loss=3.8242
  train [#########################---------------] 280/444  loss=3.8004
  train [#########################---------------] 284/444  loss=3.7727
  train [#########################---------------] 288/444  loss=3.7492
  train [##########################--------------] 292/444  loss=3.7250
  train [##########################--------------] 296/444  loss=3.7018
  train [###########################-------------] 300/444  loss=3.6835
  train [###########################-------------] 304/444  loss=3.6635
  train [###########################-------------] 308/444  loss=3.6426
  train [############################------------] 312/444  loss=3.6170
  train [############################------------] 316/444  loss=3.5941
  train [############################------------] 320/444  loss=3.5744
  train [#############################-----------] 324/444  loss=3.5542
  train [#############################-----------] 328/444  loss=3.5317
  train [#############################-----------] 332/444  loss=3.5109
  train [##############################----------] 336/444  loss=3.4902
  train [##############################----------] 340/444  loss=3.4712
  train [##############################----------] 344/444  loss=3.4502
  train [###############################---------] 348/444  loss=3.4339
  train [###############################---------] 352/444  loss=3.4130
  train [################################--------] 356/444  loss=3.3943
  train [################################--------] 360/444  loss=3.3790
  train [################################--------] 364/444  loss=3.3609
  train [#################################-------] 368/444  loss=3.3444
  train [#################################-------] 372/444  loss=3.3245
  train [#################################-------] 376/444  loss=3.3065
  train [##################################------] 380/444  loss=3.2859
  train [##################################------] 384/444  loss=3.2674
  train [##################################------] 388/444  loss=3.2504
  train [###################################-----] 392/444  loss=3.2365
  train [###################################-----] 396/444  loss=3.2216
  train [####################################----] 400/444  loss=3.2069
  train [####################################----] 404/444  loss=3.1923
  train [####################################----] 408/444  loss=3.1788
  train [#####################################---] 412/444  loss=3.1626
  train [#####################################---] 416/444  loss=3.1450
  train [#####################################---] 420/444  loss=3.1298
  train [######################################--] 424/444  loss=3.1150
  train [######################################--] 428/444  loss=3.1001
  train [######################################--] 432/444  loss=3.0843
  train [#######################################-] 436/444  loss=3.0697
  train [#######################################-] 440/444  loss=3.0558
  train [########################################] 444/444  loss=3.0409
  val   [----------------------------------------] 1/93
  val   [----------------------------------------] 2/93
  val   [#---------------------------------------] 3/93
  val   [#---------------------------------------] 4/93
  val   [##--------------------------------------] 5/93
  val   [##--------------------------------------] 6/93
  val   [###-------------------------------------] 7/93
  val   [###-------------------------------------] 8/93
  val   [###-------------------------------------] 9/93
  val   [####------------------------------------] 10/93
  val   [####------------------------------------] 11/93
  val   [#####-----------------------------------] 12/93
  val   [#####-----------------------------------] 13/93
  val   [######----------------------------------] 14/93
  val   [######----------------------------------] 15/93
  val   [######----------------------------------] 16/93
  val   [#######---------------------------------] 17/93
  val   [#######---------------------------------] 18/93
  val   [########--------------------------------] 19/93
  val   [########--------------------------------] 20/93
  val   [#########-------------------------------] 21/93
  val   [#########-------------------------------] 22/93
  val   [#########-------------------------------] 23/93
  val   [##########------------------------------] 24/93
  val   [##########------------------------------] 25/93
  val   [###########-----------------------------] 26/93
  val   [###########-----------------------------] 27/93
  val   [############----------------------------] 28/93
  val   [############----------------------------] 29/93
  val   [############----------------------------] 30/93
  val   [#############---------------------------] 31/93
  val   [#############---------------------------] 32/93
  val   [##############--------------------------] 33/93
  val   [##############--------------------------] 34/93
  val   [###############-------------------------] 35/93
  val   [###############-------------------------] 36/93
  val   [###############-------------------------] 37/93
  val   [################------------------------] 38/93
  val   [################------------------------] 39/93
  val   [#################-----------------------] 40/93
  val   [#################-----------------------] 41/93
  val   [##################----------------------] 42/93
  val   [##################----------------------] 43/93
  val   [##################----------------------] 44/93
  val   [###################---------------------] 45/93
  val   [###################---------------------] 46/93
  val   [####################--------------------] 47/93
  val   [####################--------------------] 48/93
  val   [#####################-------------------] 49/93
  val   [#####################-------------------] 50/93
  val   [#####################-------------------] 51/93
  val   [######################------------------] 52/93
  val   [######################------------------] 53/93
  val   [#######################-----------------] 54/93
  val   [#######################-----------------] 55/93
  val   [########################----------------] 56/93
  val   [########################----------------] 57/93
  val   [########################----------------] 58/93
  val   [#########################---------------] 59/93
  val   [#########################---------------] 60/93
  val   [##########################--------------] 61/93
  val   [##########################--------------] 62/93
  val   [###########################-------------] 63/93
  val   [###########################-------------] 64/93
  val   [###########################-------------] 65/93
  val   [############################------------] 66/93
  val   [############################------------] 67/93
  val   [#############################-----------] 68/93
  val   [#############################-----------] 69/93
  val   [##############################----------] 70/93
  val   [##############################----------] 71/93
  val   [##############################----------] 72/93
  val   [###############################---------] 73/93
  val   [###############################---------] 74/93
  val   [################################--------] 75/93
  val   [################################--------] 76/93
  val   [#################################-------] 77/93
  val   [#################################-------] 78/93
  val   [#################################-------] 79/93
  val   [##################################------] 80/93
  val   [##################################------] 81/93
  val   [###################################-----] 82/93
  val   [###################################-----] 83/93
  val   [####################################----] 84/93
  val   [####################################----] 85/93
  val   [####################################----] 86/93
  val   [#####################################---] 87/93
  val   [#####################################---] 88/93
  val   [######################################--] 89/93
  val   [######################################--] 90/93
  val   [#######################################-] 91/93
  val   [#######################################-] 92/93
  val   [########################################] 93/93
Epoch   0 | train_loss=3.0459 | val_loss=1.2708 | val_acc=0.7012
  -> best model saved (val_loss=1.2708)
  train [----------------------------------------] 4/444  loss=1.1478
  train [----------------------------------------] 8/444  loss=1.2545
  train [#---------------------------------------] 12/444  loss=1.3197
  train [#---------------------------------------] 16/444  loss=1.2532
  train [#---------------------------------------] 20/444  loss=1.2479
  train [##--------------------------------------] 24/444  loss=1.2378
  train [##--------------------------------------] 28/444  loss=1.2312
  train [##--------------------------------------] 32/444  loss=1.2172
  train [###-------------------------------------] 36/444  loss=1.2126
  train [###-------------------------------------] 40/444  loss=1.1971
  train [###-------------------------------------] 44/444  loss=1.1901
  train [####------------------------------------] 48/444  loss=1.1970
  train [####------------------------------------] 52/444  loss=1.1989
  train [#####-----------------------------------] 56/444  loss=1.1980
  train [#####-----------------------------------] 60/444  loss=1.1767
  train [#####-----------------------------------] 64/444  loss=1.1651
  train [######----------------------------------] 68/444  loss=1.1524
  train [######----------------------------------] 72/444  loss=1.1468
  train [######----------------------------------] 76/444  loss=1.1398
  train [#######---------------------------------] 80/444  loss=1.1323
  train [#######---------------------------------] 84/444  loss=1.1298
  train [#######---------------------------------] 88/444  loss=1.1184
  train [########--------------------------------] 92/444  loss=1.1176
  train [########--------------------------------] 96/444  loss=1.1203
  train [#########-------------------------------] 100/444  loss=1.1107
  train [#########-------------------------------] 104/444  loss=1.1072
  train [#########-------------------------------] 108/444  loss=1.1090
  train [##########------------------------------] 112/444  loss=1.1040
  train [##########------------------------------] 116/444  loss=1.0981
  train [##########------------------------------] 120/444  loss=1.0898
  train [###########-----------------------------] 124/444  loss=1.0912
  train [###########-----------------------------] 128/444  loss=1.0898
  train [###########-----------------------------] 132/444  loss=1.0847
  train [############----------------------------] 136/444  loss=1.0793
  train [############----------------------------] 140/444  loss=1.0800
  train [############----------------------------] 144/444  loss=1.0799
  train [#############---------------------------] 148/444  loss=1.0805
  train [#############---------------------------] 152/444  loss=1.0794
  train [##############--------------------------] 156/444  loss=1.0794
  train [##############--------------------------] 160/444  loss=1.0753
  train [##############--------------------------] 164/444  loss=1.0734
  train [###############-------------------------] 168/444  loss=1.0712
  train [###############-------------------------] 172/444  loss=1.0704
  train [###############-------------------------] 176/444  loss=1.0655
  train [################------------------------] 180/444  loss=1.0664
  train [################------------------------] 184/444  loss=1.0658
  train [################------------------------] 188/444  loss=1.0658
  train [#################-----------------------] 192/444  loss=1.0638
  train [#################-----------------------] 196/444  loss=1.0611
  train [##################----------------------] 200/444  loss=1.0589
  train [##################----------------------] 204/444  loss=1.0556
  train [##################----------------------] 208/444  loss=1.0549
  train [###################---------------------] 212/444  loss=1.0572
  train [###################---------------------] 216/444  loss=1.0571
  train [###################---------------------] 220/444  loss=1.0549
  train [####################--------------------] 224/444  loss=1.0561
  train [####################--------------------] 228/444  loss=1.0535
  train [####################--------------------] 232/444  loss=1.0591
  train [#####################-------------------] 236/444  loss=1.0584
  train [#####################-------------------] 240/444  loss=1.0557
  train [#####################-------------------] 244/444  loss=1.0529
  train [######################------------------] 248/444  loss=1.0506
  train [######################------------------] 252/444  loss=1.0530
  train [#######################-----------------] 256/444  loss=1.0527
  train [#######################-----------------] 260/444  loss=1.0525
  train [#######################-----------------] 264/444  loss=1.0525
  train [########################----------------] 268/444  loss=1.0509
  train [########################----------------] 272/444  loss=1.0499
  train [########################----------------] 276/444  loss=1.0505
  train [#########################---------------] 280/444  loss=1.0470
  train [#########################---------------] 284/444  loss=1.0437
  train [#########################---------------] 288/444  loss=1.0410
  train [##########################--------------] 292/444  loss=1.0412
  train [##########################--------------] 296/444  loss=1.0383
  train [###########################-------------] 300/444  loss=1.0345
  train [###########################-------------] 304/444  loss=1.0334
  train [###########################-------------] 308/444  loss=1.0319
  train [############################------------] 312/444  loss=1.0303
  train [############################------------] 316/444  loss=1.0291
  train [############################------------] 320/444  loss=1.0293
  train [#############################-----------] 324/444  loss=1.0298
  train [#############################-----------] 328/444  loss=1.0282
  train [#############################-----------] 332/444  loss=1.0271
  train [##############################----------] 336/444  loss=1.0264
  train [##############################----------] 340/444  loss=1.0270
  train [##############################----------] 344/444  loss=1.0277
  train [###############################---------] 348/444  loss=1.0250
  train [###############################---------] 352/444  loss=1.0239
  train [################################--------] 356/444  loss=1.0216
  train [################################--------] 360/444  loss=1.0192
  train [################################--------] 364/444  loss=1.0200
  train [#################################-------] 368/444  loss=1.0214
  train [#################################-------] 372/444  loss=1.0206
  train [#################################-------] 376/444  loss=1.0182
  train [##################################------] 380/444  loss=1.0168
  train [##################################------] 384/444  loss=1.0157
  train [##################################------] 388/444  loss=1.0134
  train [###################################-----] 392/444  loss=1.0134
  train [###################################-----] 396/444  loss=1.0124
  train [####################################----] 400/444  loss=1.0107
  train [####################################----] 404/444  loss=1.0078
  train [####################################----] 408/444  loss=1.0072
  train [#####################################---] 412/444  loss=1.0062
  train [#####################################---] 416/444  loss=1.0072
  train [#####################################---] 420/444  loss=1.0045
  train [######################################--] 424/444  loss=1.0022
  train [######################################--] 428/444  loss=1.0014
  train [######################################--] 432/444  loss=1.0008
  train [#######################################-] 436/444  loss=0.9995
  train [#######################################-] 440/444  loss=0.9984
  train [########################################] 444/444  loss=0.9958
  val   [----------------------------------------] 1/93
  val   [----------------------------------------] 2/93
  val   [#---------------------------------------] 3/93
  val   [#---------------------------------------] 4/93
  val   [##--------------------------------------] 5/93
  val   [##--------------------------------------] 6/93
  val   [###-------------------------------------] 7/93
  val   [###-------------------------------------] 8/93
  val   [###-------------------------------------] 9/93
  val   [####------------------------------------] 10/93
  val   [####------------------------------------] 11/93
  val   [#####-----------------------------------] 12/93
  val   [#####-----------------------------------] 13/93
  val   [######----------------------------------] 14/93
  val   [######----------------------------------] 15/93
  val   [######----------------------------------] 16/93
  val   [#######---------------------------------] 17/93
  val   [#######---------------------------------] 18/93
  val   [########--------------------------------] 19/93
  val   [########--------------------------------] 20/93
  val   [#########-------------------------------] 21/93
  val   [#########-------------------------------] 22/93
  val   [#########-------------------------------] 23/93
  val   [##########------------------------------] 24/93
  val   [##########------------------------------] 25/93
  val   [###########-----------------------------] 26/93
  val   [###########-----------------------------] 27/93
  val   [############----------------------------] 28/93
  val   [############----------------------------] 29/93
  val   [############----------------------------] 30/93
  val   [#############---------------------------] 31/93
  val   [#############---------------------------] 32/93
  val   [##############--------------------------] 33/93
  val   [##############--------------------------] 34/93
  val   [###############-------------------------] 35/93
  val   [###############-------------------------] 36/93
  val   [###############-------------------------] 37/93
  val   [################------------------------] 38/93
  val   [################------------------------] 39/93
  val   [#################-----------------------] 40/93
  val   [#################-----------------------] 41/93
  val   [##################----------------------] 42/93
  val   [##################----------------------] 43/93
  val   [##################----------------------] 44/93
  val   [###################---------------------] 45/93
  val   [###################---------------------] 46/93
  val   [####################--------------------] 47/93
  val   [####################--------------------] 48/93
  val   [#####################-------------------] 49/93
  val   [#####################-------------------] 50/93
  val   [#####################-------------------] 51/93
  val   [######################------------------] 52/93
  val   [######################------------------] 53/93
  val   [#######################-----------------] 54/93
  val   [#######################-----------------] 55/93
  val   [########################----------------] 56/93
  val   [########################----------------] 57/93
  val   [########################----------------] 58/93
  val   [#########################---------------] 59/93
  val   [#########################---------------] 60/93
  val   [##########################--------------] 61/93
  val   [##########################--------------] 62/93
  val   [###########################-------------] 63/93
  val   [###########################-------------] 64/93
  val   [###########################-------------] 65/93
  val   [############################------------] 66/93
  val   [############################------------] 67/93
  val   [#############################-----------] 68/93
  val   [#############################-----------] 69/93
  val   [##############################----------] 70/93
  val   [##############################----------] 71/93
  val   [##############################----------] 72/93
  val   [###############################---------] 73/93
  val   [###############################---------] 74/93
  val   [################################--------] 75/93
  val   [################################--------] 76/93
  val   [#################################-------] 77/93
  val   [#################################-------] 78/93
  val   [#################################-------] 79/93
  val   [##################################------] 80/93
  val   [##################################------] 81/93
  val   [###################################-----] 82/93
  val   [###################################-----] 83/93
  val   [####################################----] 84/93
  val   [####################################----] 85/93
  val   [####################################----] 86/93
  val   [#####################################---] 87/93
  val   [#####################################---] 88/93
  val   [######################################--] 89/93
  val   [######################################--] 90/93
  val   [#######################################-] 91/93
  val   [#######################################-] 92/93
  val   [########################################] 93/93
Epoch   1 | train_loss=0.9974 | val_loss=0.9705 | val_acc=0.7617
  -> best model saved (val_loss=0.9705)
  train [----------------------------------------] 4/444  loss=0.5744
  train [----------------------------------------] 8/444  loss=0.6002
  train [#---------------------------------------] 12/444  loss=0.6468
  train [#---------------------------------------] 16/444  loss=0.6714
  train [#---------------------------------------] 20/444  loss=0.6507
  train [##--------------------------------------] 24/444  loss=0.6101
  train [##--------------------------------------] 28/444  loss=0.6089
  train [##--------------------------------------] 32/444  loss=0.6000
  train [###-------------------------------------] 36/444  loss=0.6115
  train [###-------------------------------------] 40/444  loss=0.6164
  train [###-------------------------------------] 44/444  loss=0.6119
  train [####------------------------------------] 48/444  loss=0.6135
  train [####------------------------------------] 52/444  loss=0.6106
  train [#####-----------------------------------] 56/444  loss=0.6052
  train [#####-----------------------------------] 60/444  loss=0.6101
  train [#####-----------------------------------] 64/444  loss=0.6107
  train [######----------------------------------] 68/444  loss=0.6198
  train [######----------------------------------] 72/444  loss=0.6125
  train [######----------------------------------] 76/444  loss=0.6210
  train [#######---------------------------------] 80/444  loss=0.6197
  train [#######---------------------------------] 84/444  loss=0.6166
  train [#######---------------------------------] 88/444  loss=0.6149
  train [########--------------------------------] 92/444  loss=0.6135
  train [########--------------------------------] 96/444  loss=0.6122
  train [#########-------------------------------] 100/444  loss=0.6121
  train [#########-------------------------------] 104/444  loss=0.6150
  train [#########-------------------------------] 108/444  loss=0.6138
  train [##########------------------------------] 112/444  loss=0.6104
  train [##########------------------------------] 116/444  loss=0.6086
  train [##########------------------------------] 120/444  loss=0.6122
  train [###########-----------------------------] 124/444  loss=0.6126
  train [###########-----------------------------] 128/444  loss=0.6109
  train [###########-----------------------------] 132/444  loss=0.6122
  train [############----------------------------] 136/444  loss=0.6119
  train [############----------------------------] 140/444  loss=0.6079
  train [############----------------------------] 144/444  loss=0.6076
  train [#############---------------------------] 148/444  loss=0.6077
  train [#############---------------------------] 152/444  loss=0.6073
  train [##############--------------------------] 156/444  loss=0.6063
  train [##############--------------------------] 160/444  loss=0.6074
  train [##############--------------------------] 164/444  loss=0.6082
  train [###############-------------------------] 168/444  loss=0.6064
  train [###############-------------------------] 172/444  loss=0.6064
  train [###############-------------------------] 176/444  loss=0.6044
  train [################------------------------] 180/444  loss=0.6041
  train [################------------------------] 184/444  loss=0.6049
  train [################------------------------] 188/444  loss=0.6047
  train [#################-----------------------] 192/444  loss=0.6062
  train [#################-----------------------] 196/444  loss=0.6039
  train [##################----------------------] 200/444  loss=0.6029
  train [##################----------------------] 204/444  loss=0.6050
  train [##################----------------------] 208/444  loss=0.6048
  train [###################---------------------] 212/444  loss=0.6039
  train [###################---------------------] 216/444  loss=0.6039
  train [###################---------------------] 220/444  loss=0.6053
  train [####################--------------------] 224/444  loss=0.6065
  train [####################--------------------] 228/444  loss=0.6067
  train [####################--------------------] 232/444  loss=0.6078
  train [#####################-------------------] 236/444  loss=0.6080
  train [#####################-------------------] 240/444  loss=0.6067
  train [#####################-------------------] 244/444  loss=0.6082
  train [######################------------------] 248/444  loss=0.6058
  train [######################------------------] 252/444  loss=0.6082
  train [#######################-----------------] 256/444  loss=0.6080
  train [#######################-----------------] 260/444  loss=0.6082
  train [#######################-----------------] 264/444  loss=0.6086
  train [########################----------------] 268/444  loss=0.6071
  train [########################----------------] 272/444  loss=0.6077
  train [########################----------------] 276/444  loss=0.6068
  train [#########################---------------] 280/444  loss=0.6083
  train [#########################---------------] 284/444  loss=0.6087
  train [#########################---------------] 288/444  loss=0.6109
  train [##########################--------------] 292/444  loss=0.6115
  train [##########################--------------] 296/444  loss=0.6101
  train [###########################-------------] 300/444  loss=0.6095
  train [###########################-------------] 304/444  loss=0.6104
  train [###########################-------------] 308/444  loss=0.6110
  train [############################------------] 312/444  loss=0.6100
  train [############################------------] 316/444  loss=0.6107
  train [############################------------] 320/444  loss=0.6121
  train [#############################-----------] 324/444  loss=0.6129
  train [#############################-----------] 328/444  loss=0.6131
  train [#############################-----------] 332/444  loss=0.6120
  train [##############################----------] 336/444  loss=0.6127
  train [##############################----------] 340/444  loss=0.6130
  train [##############################----------] 344/444  loss=0.6125
  train [###############################---------] 348/444  loss=0.6120
  train [###############################---------] 352/444  loss=0.6115
  train [################################--------] 356/444  loss=0.6131
  train [################################--------] 360/444  loss=0.6132
  train [################################--------] 364/444  loss=0.6130
  train [#################################-------] 368/444  loss=0.6134
  train [#################################-------] 372/444  loss=0.6138
  train [#################################-------] 376/444  loss=0.6126
  train [##################################------] 380/444  loss=0.6126
  train [##################################------] 384/444  loss=0.6113
  train [##################################------] 388/444  loss=0.6133
  train [###################################-----] 392/444  loss=0.6135
  train [###################################-----] 396/444  loss=0.6130
  train [####################################----] 400/444  loss=0.6141
  train [####################################----] 404/444  loss=0.6135
  train [####################################----] 408/444  loss=0.6126
  train [#####################################---] 412/444  loss=0.6121
  train [#####################################---] 416/444  loss=0.6118
  train [#####################################---] 420/444  loss=0.6124
  train [######################################--] 424/444  loss=0.6110
  train [######################################--] 428/444  loss=0.6101
  train [######################################--] 432/444  loss=0.6102
  train [#######################################-] 436/444  loss=0.6107
  train [#######################################-] 440/444  loss=0.6111
  train [########################################] 444/444  loss=0.6095
  val   [----------------------------------------] 1/93
  val   [----------------------------------------] 2/93
  val   [#---------------------------------------] 3/93
  val   [#---------------------------------------] 4/93
  val   [##--------------------------------------] 5/93
  val   [##--------------------------------------] 6/93
  val   [###-------------------------------------] 7/93
  val   [###-------------------------------------] 8/93
  val   [###-------------------------------------] 9/93
  val   [####------------------------------------] 10/93
  val   [####------------------------------------] 11/93
  val   [#####-----------------------------------] 12/93
  val   [#####-----------------------------------] 13/93
  val   [######----------------------------------] 14/93
  val   [######----------------------------------] 15/93
  val   [######----------------------------------] 16/93
  val   [#######---------------------------------] 17/93
  val   [#######---------------------------------] 18/93
  val   [########--------------------------------] 19/93
  val   [########--------------------------------] 20/93
  val   [#########-------------------------------] 21/93
  val   [#########-------------------------------] 22/93
  val   [#########-------------------------------] 23/93
  val   [##########------------------------------] 24/93
  val   [##########------------------------------] 25/93
  val   [###########-----------------------------] 26/93
  val   [###########-----------------------------] 27/93
  val   [############----------------------------] 28/93
  val   [############----------------------------] 29/93
  val   [############----------------------------] 30/93
  val   [#############---------------------------] 31/93
  val   [#############---------------------------] 32/93
  val   [##############--------------------------] 33/93
  val   [##############--------------------------] 34/93
  val   [###############-------------------------] 35/93
  val   [###############-------------------------] 36/93
  val   [###############-------------------------] 37/93
  val   [################------------------------] 38/93
  val   [################------------------------] 39/93
  val   [#################-----------------------] 40/93
  val   [#################-----------------------] 41/93
  val   [##################----------------------] 42/93
  val   [##################----------------------] 43/93
  val   [##################----------------------] 44/93
  val   [###################---------------------] 45/93
  val   [###################---------------------] 46/93
  val   [####################--------------------] 47/93
  val   [####################--------------------] 48/93
  val   [#####################-------------------] 49/93
  val   [#####################-------------------] 50/93
  val   [#####################-------------------] 51/93
  val   [######################------------------] 52/93
  val   [######################------------------] 53/93
  val   [#######################-----------------] 54/93
  val   [#######################-----------------] 55/93
  val   [########################----------------] 56/93
  val   [########################----------------] 57/93
  val   [########################----------------] 58/93
  val   [#########################---------------] 59/93
  val   [#########################---------------] 60/93
  val   [##########################--------------] 61/93
  val   [##########################--------------] 62/93
  val   [###########################-------------] 63/93
  val   [###########################-------------] 64/93
  val   [###########################-------------] 65/93
  val   [############################------------] 66/93
  val   [############################------------] 67/93
  val   [#############################-----------] 68/93
  val   [#############################-----------] 69/93
  val   [##############################----------] 70/93
  val   [##############################----------] 71/93
  val   [##############################----------] 72/93
  val   [###############################---------] 73/93
  val   [###############################---------] 74/93
  val   [################################--------] 75/93
  val   [################################--------] 76/93
  val   [#################################-------] 77/93
  val   [#################################-------] 78/93
  val   [#################################-------] 79/93
  val   [##################################------] 80/93
  val   [##################################------] 81/93
  val   [###################################-----] 82/93
  val   [###################################-----] 83/93
  val   [####################################----] 84/93
  val   [####################################----] 85/93
  val   [####################################----] 86/93
  val   [#####################################---] 87/93
  val   [#####################################---] 88/93
  val   [######################################--] 89/93
  val   [######################################--] 90/93
  val   [#######################################-] 91/93
  val   [#######################################-] 92/93
  val   [########################################] 93/93
Epoch   2 | train_loss=0.6105 | val_loss=0.8751 | val_acc=0.7827
  -> best model saved (val_loss=0.8751)
  train [----------------------------------------] 4/444  loss=0.4831
  train [----------------------------------------] 8/444  loss=0.4753
  train [#---------------------------------------] 12/444  loss=0.4504
  train [#---------------------------------------] 16/444  loss=0.4457
  train [#---------------------------------------] 20/444  loss=0.4591
  train [##--------------------------------------] 24/444  loss=0.4553
  train [##--------------------------------------] 28/444  loss=0.4537
  train [##--------------------------------------] 32/444  loss=0.4446
  train [###-------------------------------------] 36/444  loss=0.4391
  train [###-------------------------------------] 40/444  loss=0.4421
  train [###-------------------------------------] 44/444  loss=0.4433
  train [####------------------------------------] 48/444  loss=0.4441
  train [####------------------------------------] 52/444  loss=0.4401
  train [#####-----------------------------------] 56/444  loss=0.4380
  train [#####-----------------------------------] 60/444  loss=0.4304
  train [#####-----------------------------------] 64/444  loss=0.4265
  train [######----------------------------------] 68/444  loss=0.4300
  train [######----------------------------------] 72/444  loss=0.4270
  train [######----------------------------------] 76/444  loss=0.4254
  train [#######---------------------------------] 80/444  loss=0.4184
  train [#######---------------------------------] 84/444  loss=0.4157
  train [#######---------------------------------] 88/444  loss=0.4135
  train [########--------------------------------] 92/444  loss=0.4117
  train [########--------------------------------] 96/444  loss=0.4134
  train [#########-------------------------------] 100/444  loss=0.4111
  train [#########-------------------------------] 104/444  loss=0.4107
  train [#########-------------------------------] 108/444  loss=0.4125
  train [##########------------------------------] 112/444  loss=0.4142
  train [##########------------------------------] 116/444  loss=0.4142
  train [##########------------------------------] 120/444  loss=0.4118
  train [###########-----------------------------] 124/444  loss=0.4134
  train [###########-----------------------------] 128/444  loss=0.4162
  train [###########-----------------------------] 132/444  loss=0.4146
  train [############----------------------------] 136/444  loss=0.4148
  train [############----------------------------] 140/444  loss=0.4135
  train [############----------------------------] 144/444  loss=0.4127
  train [#############---------------------------] 148/444  loss=0.4104
  train [#############---------------------------] 152/444  loss=0.4100
  train [##############--------------------------] 156/444  loss=0.4106
  train [##############--------------------------] 160/444  loss=0.4076
  train [##############--------------------------] 164/444  loss=0.4087
  train [###############-------------------------] 168/444  loss=0.4067
  train [###############-------------------------] 172/444  loss=0.4087
  train [###############-------------------------] 176/444  loss=0.4087
  train [################------------------------] 180/444  loss=0.4094
  train [################------------------------] 184/444  loss=0.4089
  train [################------------------------] 188/444  loss=0.4060
  train [#################-----------------------] 192/444  loss=0.4072
  train [#################-----------------------] 196/444  loss=0.4046
  train [##################----------------------] 200/444  loss=0.4064
  train [##################----------------------] 204/444  loss=0.4077
  train [##################----------------------] 208/444  loss=0.4069
  train [###################---------------------] 212/444  loss=0.4085
  train [###################---------------------] 216/444  loss=0.4078
  train [###################---------------------] 220/444  loss=0.4060
  train [####################--------------------] 224/444  loss=0.4057
  train [####################--------------------] 228/444  loss=0.4046
  train [####################--------------------] 232/444  loss=0.4044
  train [#####################-------------------] 236/444  loss=0.4041
  train [#####################-------------------] 240/444  loss=0.4032
  train [#####################-------------------] 244/444  loss=0.4053
  train [######################------------------] 248/444  loss=0.4043
  train [######################------------------] 252/444  loss=0.4053
  train [#######################-----------------] 256/444  loss=0.4047
  train [#######################-----------------] 260/444  loss=0.4047
  train [#######################-----------------] 264/444  loss=0.4060
  train [########################----------------] 268/444  loss=0.4060
  train [########################----------------] 272/444  loss=0.4072
  train [########################----------------] 276/444  loss=0.4068
  train [#########################---------------] 280/444  loss=0.4069
  train [#########################---------------] 284/444  loss=0.4057
  train [#########################---------------] 288/444  loss=0.4054
  train [##########################--------------] 292/444  loss=0.4046
  train [##########################--------------] 296/444  loss=0.4044
  train [###########################-------------] 300/444  loss=0.4042
  train [###########################-------------] 304/444  loss=0.4032
  train [###########################-------------] 308/444  loss=0.4030
  train [############################------------] 312/444  loss=0.4028
  train [############################------------] 316/444  loss=0.4044
  train [############################------------] 320/444  loss=0.4048
  train [#############################-----------] 324/444  loss=0.4050
  train [#############################-----------] 328/444  loss=0.4047
  train [#############################-----------] 332/444  loss=0.4037
  train [##############################----------] 336/444  loss=0.4028
  train [##############################----------] 340/444  loss=0.4027
  train [##############################----------] 344/444  loss=0.4023
  train [###############################---------] 348/444  loss=0.4024
  train [###############################---------] 352/444  loss=0.4021
  train [################################--------] 356/444  loss=0.4020
  train [################################--------] 360/444  loss=0.4020
  train [################################--------] 364/444  loss=0.4017
  train [#################################-------] 368/444  loss=0.4017
  train [#################################-------] 372/444  loss=0.4031
  train [#################################-------] 376/444  loss=0.4024
  train [##################################------] 380/444  loss=0.4018
  train [##################################------] 384/444  loss=0.4027
  train [##################################------] 388/444  loss=0.4018
  train [###################################-----] 392/444  loss=0.4021
  train [###################################-----] 396/444  loss=0.4025
  train [####################################----] 400/444  loss=0.4026
  train [####################################----] 404/444  loss=0.4023
  train [####################################----] 408/444  loss=0.4017
  train [#####################################---] 412/444  loss=0.4019
  train [#####################################---] 416/444  loss=0.4014
  train [#####################################---] 420/444  loss=0.4021
  train [######################################--] 424/444  loss=0.4029
  train [######################################--] 428/444  loss=0.4022
  train [######################################--] 432/444  loss=0.4021
  train [#######################################-] 436/444  loss=0.4018
  train [#######################################-] 440/444  loss=0.4012
  train [########################################] 444/444  loss=0.4017
  val   [----------------------------------------] 1/93
  val   [----------------------------------------] 2/93
  val   [#---------------------------------------] 3/93
  val   [#---------------------------------------] 4/93
  val   [##--------------------------------------] 5/93
  val   [##--------------------------------------] 6/93
  val   [###-------------------------------------] 7/93
  val   [###-------------------------------------] 8/93
  val   [###-------------------------------------] 9/93
  val   [####------------------------------------] 10/93
  val   [####------------------------------------] 11/93
  val   [#####-----------------------------------] 12/93
  val   [#####-----------------------------------] 13/93
  val   [######----------------------------------] 14/93
  val   [######----------------------------------] 15/93
  val   [######----------------------------------] 16/93
  val   [#######---------------------------------] 17/93
  val   [#######---------------------------------] 18/93
  val   [########--------------------------------] 19/93
  val   [########--------------------------------] 20/93
  val   [#########-------------------------------] 21/93
  val   [#########-------------------------------] 22/93
  val   [#########-------------------------------] 23/93
  val   [##########------------------------------] 24/93
  val   [##########------------------------------] 25/93
  val   [###########-----------------------------] 26/93
  val   [###########-----------------------------] 27/93
  val   [############----------------------------] 28/93
  val   [############----------------------------] 29/93
  val   [############----------------------------] 30/93
  val   [#############---------------------------] 31/93
  val   [#############---------------------------] 32/93
  val   [##############--------------------------] 33/93
  val   [##############--------------------------] 34/93
  val   [###############-------------------------] 35/93
  val   [###############-------------------------] 36/93
  val   [###############-------------------------] 37/93
  val   [################------------------------] 38/93
  val   [################------------------------] 39/93
  val   [#################-----------------------] 40/93
  val   [#################-----------------------] 41/93
  val   [##################----------------------] 42/93
  val   [##################----------------------] 43/93
  val   [##################----------------------] 44/93
  val   [###################---------------------] 45/93
  val   [###################---------------------] 46/93
  val   [####################--------------------] 47/93
  val   [####################--------------------] 48/93
  val   [#####################-------------------] 49/93
  val   [#####################-------------------] 50/93
  val   [#####################-------------------] 51/93
  val   [######################------------------] 52/93
  val   [######################------------------] 53/93
  val   [#######################-----------------] 54/93
  val   [#######################-----------------] 55/93
  val   [########################----------------] 56/93
  val   [########################----------------] 57/93
  val   [########################----------------] 58/93
  val   [#########################---------------] 59/93
  val   [#########################---------------] 60/93
  val   [##########################--------------] 61/93
  val   [##########################--------------] 62/93
  val   [###########################-------------] 63/93
  val   [###########################-------------] 64/93
  val   [###########################-------------] 65/93
  val   [############################------------] 66/93
  val   [############################------------] 67/93
  val   [#############################-----------] 68/93
  val   [#############################-----------] 69/93
  val   [##############################----------] 70/93
  val   [##############################----------] 71/93
  val   [##############################----------] 72/93
  val   [###############################---------] 73/93
  val   [###############################---------] 74/93
  val   [################################--------] 75/93
  val   [################################--------] 76/93
  val   [#################################-------] 77/93
  val   [#################################-------] 78/93
  val   [#################################-------] 79/93
  val   [##################################------] 80/93
  val   [##################################------] 81/93
  val   [###################################-----] 82/93
  val   [###################################-----] 83/93
  val   [####################################----] 84/93
  val   [####################################----] 85/93
  val   [####################################----] 86/93
  val   [#####################################---] 87/93
  val   [#####################################---] 88/93
  val   [######################################--] 89/93
  val   [######################################--] 90/93
  val   [#######################################-] 91/93
  val   [#######################################-] 92/93
  val   [########################################] 93/93
Epoch   3 | train_loss=0.4023 | val_loss=0.7900 | val_acc=0.8134
  -> best model saved (val_loss=0.7900)
  train [----------------------------------------] 4/444  loss=0.3256
  train [----------------------------------------] 8/444  loss=0.3285
  train [#---------------------------------------] 12/444  loss=0.3191
  train [#---------------------------------------] 16/444  loss=0.3300
  train [#---------------------------------------] 20/444  loss=0.3140
  train [##--------------------------------------] 24/444  loss=0.3057
  train [##--------------------------------------] 28/444  loss=0.2995
  train [##--------------------------------------] 32/444  loss=0.2995
  train [###-------------------------------------] 36/444  loss=0.2950
  train [###-------------------------------------] 40/444  loss=0.2898
  train [###-------------------------------------] 44/444  loss=0.2926
  train [####------------------------------------] 48/444  loss=0.2897
  train [####------------------------------------] 52/444  loss=0.2868
  train [#####-----------------------------------] 56/444  loss=0.2966
  train [#####-----------------------------------] 60/444  loss=0.2935
  train [#####-----------------------------------] 64/444  loss=0.2961
  train [######----------------------------------] 68/444  loss=0.2922
  train [######----------------------------------] 72/444  loss=0.2923
  train [######----------------------------------] 76/444  loss=0.2979
  train [#######---------------------------------] 80/444  loss=0.2984
  train [#######---------------------------------] 84/444  loss=0.2995
  train [#######---------------------------------] 88/444  loss=0.3001
  train [########--------------------------------] 92/444  loss=0.2980
  train [########--------------------------------] 96/444  loss=0.2982
  train [#########-------------------------------] 100/444  loss=0.2975
  train [#########-------------------------------] 104/444  loss=0.2962
  train [#########-------------------------------] 108/444  loss=0.2973
  train [##########------------------------------] 112/444  loss=0.2961
  train [##########------------------------------] 116/444  loss=0.2966
  train [##########------------------------------] 120/444  loss=0.2946
  train [###########-----------------------------] 124/444  loss=0.2933
  train [###########-----------------------------] 128/444  loss=0.2927
  train [###########-----------------------------] 132/444  loss=0.2932
  train [############----------------------------] 136/444  loss=0.2965
  train [############----------------------------] 140/444  loss=0.2940
  train [############----------------------------] 144/444  loss=0.2944
  train [#############---------------------------] 148/444  loss=0.2938
  train [#############---------------------------] 152/444  loss=0.2946
  train [##############--------------------------] 156/444  loss=0.2969
  train [##############--------------------------] 160/444  loss=0.2938
  train [##############--------------------------] 164/444  loss=0.2948
  train [###############-------------------------] 168/444  loss=0.2944
  train [###############-------------------------] 172/444  loss=0.2945
  train [###############-------------------------] 176/444  loss=0.2937
  train [################------------------------] 180/444  loss=0.2942
  train [################------------------------] 184/444  loss=0.2980
  train [################------------------------] 188/444  loss=0.2993
  train [#################-----------------------] 192/444  loss=0.2996
  train [#################-----------------------] 196/444  loss=0.2999
  train [##################----------------------] 200/444  loss=0.3003
  train [##################----------------------] 204/444  loss=0.3020
  train [##################----------------------] 208/444  loss=0.3008
  train [###################---------------------] 212/444  loss=0.3014
  train [###################---------------------] 216/444  loss=0.3008
  train [###################---------------------] 220/444  loss=0.3005
  train [####################--------------------] 224/444  loss=0.3002
  train [####################--------------------] 228/444  loss=0.3000
  train [####################--------------------] 232/444  loss=0.3006
  train [#####################-------------------] 236/444  loss=0.3005
  train [#####################-------------------] 240/444  loss=0.3010
  train [#####################-------------------] 244/444  loss=0.2997
  train [######################------------------] 248/444  loss=0.3000
  train [######################------------------] 252/444  loss=0.3005
  train [#######################-----------------] 256/444  loss=0.2998
  train [#######################-----------------] 260/444  loss=0.3012
  train [#######################-----------------] 264/444  loss=0.3004
  train [########################----------------] 268/444  loss=0.2987
  train [########################----------------] 272/444  loss=0.2984
  train [########################----------------] 276/444  loss=0.2976
  train [#########################---------------] 280/444  loss=0.2968
  train [#########################---------------] 284/444  loss=0.2966
  train [#########################---------------] 288/444  loss=0.2958
  train [##########################--------------] 292/444  loss=0.2956
  train [##########################--------------] 296/444  loss=0.2943
  train [###########################-------------] 300/444  loss=0.2941
  train [###########################-------------] 304/444  loss=0.2939
  train [###########################-------------] 308/444  loss=0.2931
  train [############################------------] 312/444  loss=0.2917
  train [############################------------] 316/444  loss=0.2918
  train [############################------------] 320/444  loss=0.2913
  train [#############################-----------] 324/444  loss=0.2904
  train [#############################-----------] 328/444  loss=0.2913
  train [#############################-----------] 332/444  loss=0.2909
  train [##############################----------] 336/444  loss=0.2905
  train [##############################----------] 340/444  loss=0.2913
  train [##############################----------] 344/444  loss=0.2899
  train [###############################---------] 348/444  loss=0.2904
  train [###############################---------] 352/444  loss=0.2907
  train [################################--------] 356/444  loss=0.2902
  train [################################--------] 360/444  loss=0.2898
  train [################################--------] 364/444  loss=0.2900
  train [#################################-------] 368/444  loss=0.2895
  train [#################################-------] 372/444  loss=0.2905
  train [#################################-------] 376/444  loss=0.2909
  train [##################################------] 380/444  loss=0.2904
  train [##################################------] 384/444  loss=0.2915
  train [##################################------] 388/444  loss=0.2912
  train [###################################-----] 392/444  loss=0.2913
  train [###################################-----] 396/444  loss=0.2916
  train [####################################----] 400/444  loss=0.2925
  train [####################################----] 404/444  loss=0.2919
  train [####################################----] 408/444  loss=0.2920
  train [#####################################---] 412/444  loss=0.2922
  train [#####################################---] 416/444  loss=0.2920
  train [#####################################---] 420/444  loss=0.2930
  train [######################################--] 424/444  loss=0.2938
  train [######################################--] 428/444  loss=0.2933
  train [######################################--] 432/444  loss=0.2931
  train [#######################################-] 436/444  loss=0.2942
  train [#######################################-] 440/444  loss=0.2948
  train [########################################] 444/444  loss=0.2942
  val   [----------------------------------------] 1/93
  val   [----------------------------------------] 2/93
  val   [#---------------------------------------] 3/93
  val   [#---------------------------------------] 4/93
  val   [##--------------------------------------] 5/93
  val   [##--------------------------------------] 6/93
  val   [###-------------------------------------] 7/93
  val   [###-------------------------------------] 8/93
  val   [###-------------------------------------] 9/93
  val   [####------------------------------------] 10/93
  val   [####------------------------------------] 11/93
  val   [#####-----------------------------------] 12/93
  val   [#####-----------------------------------] 13/93
  val   [######----------------------------------] 14/93
  val   [######----------------------------------] 15/93
  val   [######----------------------------------] 16/93
  val   [#######---------------------------------] 17/93
  val   [#######---------------------------------] 18/93
  val   [########--------------------------------] 19/93
  val   [########--------------------------------] 20/93
  val   [#########-------------------------------] 21/93
  val   [#########-------------------------------] 22/93
  val   [#########-------------------------------] 23/93
  val   [##########------------------------------] 24/93
  val   [##########------------------------------] 25/93
  val   [###########-----------------------------] 26/93
  val   [###########-----------------------------] 27/93
  val   [############----------------------------] 28/93
  val   [############----------------------------] 29/93
  val   [############----------------------------] 30/93
  val   [#############---------------------------] 31/93
  val   [#############---------------------------] 32/93
  val   [##############--------------------------] 33/93
  val   [##############--------------------------] 34/93
  val   [###############-------------------------] 35/93
  val   [###############-------------------------] 36/93
  val   [###############-------------------------] 37/93
  val   [################------------------------] 38/93
  val   [################------------------------] 39/93
  val   [#################-----------------------] 40/93
  val   [#################-----------------------] 41/93
  val   [##################----------------------] 42/93
  val   [##################----------------------] 43/93
  val   [##################----------------------] 44/93
  val   [###################---------------------] 45/93
  val   [###################---------------------] 46/93
  val   [####################--------------------] 47/93
  val   [####################--------------------] 48/93
  val   [#####################-------------------] 49/93
  val   [#####################-------------------] 50/93
  val   [#####################-------------------] 51/93
  val   [######################------------------] 52/93
  val   [######################------------------] 53/93
  val   [#######################-----------------] 54/93
  val   [#######################-----------------] 55/93
  val   [########################----------------] 56/93
  val   [########################----------------] 57/93
  val   [########################----------------] 58/93
  val   [#########################---------------] 59/93
  val   [#########################---------------] 60/93
  val   [##########################--------------] 61/93
  val   [##########################--------------] 62/93
  val   [###########################-------------] 63/93
  val   [###########################-------------] 64/93
  val   [###########################-------------] 65/93
  val   [############################------------] 66/93
  val   [############################------------] 67/93
  val   [#############################-----------] 68/93
  val   [#############################-----------] 69/93
  val   [##############################----------] 70/93
  val   [##############################----------] 71/93
  val   [##############################----------] 72/93
  val   [###############################---------] 73/93
  val   [###############################---------] 74/93
  val   [################################--------] 75/93
  val   [################################--------] 76/93
  val   [#################################-------] 77/93
  val   [#################################-------] 78/93
  val   [#################################-------] 79/93
  val   [##################################------] 80/93
  val   [##################################------] 81/93
  val   [###################################-----] 82/93
  val   [###################################-----] 83/93
  val   [####################################----] 84/93
  val   [####################################----] 85/93
  val   [####################################----] 86/93
  val   [#####################################---] 87/93
  val   [#####################################---] 88/93
  val   [######################################--] 89/93
  val   [######################################--] 90/93
  val   [#######################################-] 91/93
  val   [#######################################-] 92/93
  val   [########################################] 93/93
Epoch   4 | train_loss=0.2946 | val_loss=0.7533 | val_acc=0.8178
  -> best model saved (val_loss=0.7533)
  train [----------------------------------------] 4/444  loss=0.2571
  train [----------------------------------------] 8/444  loss=0.2032
  train [#---------------------------------------] 12/444  loss=0.2231
  train [#---------------------------------------] 16/444  loss=0.2197
  train [#---------------------------------------] 20/444  loss=0.2045
  train [##--------------------------------------] 24/444  loss=0.2000
  train [##--------------------------------------] 28/444  loss=0.1912
  train [##--------------------------------------] 32/444  loss=0.1919
  train [###-------------------------------------] 36/444  loss=0.1909
  train [###-------------------------------------] 40/444  loss=0.1905
  train [###-------------------------------------] 44/444  loss=0.1860
  train [####------------------------------------] 48/444  loss=0.1838
  train [####------------------------------------] 52/444  loss=0.1809
  train [#####-----------------------------------] 56/444  loss=0.1829
  train [#####-----------------------------------] 60/444  loss=0.1808
  train [#####-----------------------------------] 64/444  loss=0.1792
  train [######----------------------------------] 68/444  loss=0.1827
  train [######----------------------------------] 72/444  loss=0.1827
  train [######----------------------------------] 76/444  loss=0.1819
  train [#######---------------------------------] 80/444  loss=0.1829
  train [#######---------------------------------] 84/444  loss=0.1855
  train [#######---------------------------------] 88/444  loss=0.1836
  train [########--------------------------------] 92/444  loss=0.1852
  train [########--------------------------------] 96/444  loss=0.1889
  train [#########-------------------------------] 100/444  loss=0.1918
  train [#########-------------------------------] 104/444  loss=0.1901
  train [#########-------------------------------] 108/444  loss=0.1910
  train [##########------------------------------] 112/444  loss=0.1920
  train [##########------------------------------] 116/444  loss=0.1926
  train [##########------------------------------] 120/444  loss=0.1929
  train [###########-----------------------------] 124/444  loss=0.1921
  train [###########-----------------------------] 128/444  loss=0.1959
  train [###########-----------------------------] 132/444  loss=0.1964
  train [############----------------------------] 136/444  loss=0.1952
  train [############----------------------------] 140/444  loss=0.1955
  train [############----------------------------] 144/444  loss=0.1981
  train [#############---------------------------] 148/444  loss=0.1996
  train [#############---------------------------] 152/444  loss=0.1987
  train [##############--------------------------] 156/444  loss=0.1989
  train [##############--------------------------] 160/444  loss=0.2011
  train [##############--------------------------] 164/444  loss=0.2023
  train [###############-------------------------] 168/444  loss=0.2018
  train [###############-------------------------] 172/444  loss=0.2023
  train [###############-------------------------] 176/444  loss=0.2028
  train [################------------------------] 180/444  loss=0.2028
  train [################------------------------] 184/444  loss=0.2033
  train [################------------------------] 188/444  loss=0.2037
  train [#################-----------------------] 192/444  loss=0.2025
  train [#################-----------------------] 196/444  loss=0.2024
  train [##################----------------------] 200/444  loss=0.2026
  train [##################----------------------] 204/444  loss=0.2031
  train [##################----------------------] 208/444  loss=0.2041
  train [###################---------------------] 212/444  loss=0.2035
  train [###################---------------------] 216/444  loss=0.2041
  train [###################---------------------] 220/444  loss=0.2037
  train [####################--------------------] 224/444  loss=0.2046
  train [####################--------------------] 228/444  loss=0.2056
  train [####################--------------------] 232/444  loss=0.2047
  train [#####################-------------------] 236/444  loss=0.2052
  train [#####################-------------------] 240/444  loss=0.2051
  train [#####################-------------------] 244/444  loss=0.2053
  train [######################------------------] 248/444  loss=0.2058
  train [######################------------------] 252/444  loss=0.2056
  train [#######################-----------------] 256/444  loss=0.2059
  train [#######################-----------------] 260/444  loss=0.2058
  train [#######################-----------------] 264/444  loss=0.2059
  train [########################----------------] 268/444  loss=0.2056
  train [########################----------------] 272/444  loss=0.2051
  train [########################----------------] 276/444  loss=0.2050
  train [#########################---------------] 280/444  loss=0.2053
  train [#########################---------------] 284/444  loss=0.2055
  train [#########################---------------] 288/444  loss=0.2052
  train [##########################--------------] 292/444  loss=0.2051
  train [##########################--------------] 296/444  loss=0.2053
  train [###########################-------------] 300/444  loss=0.2066
  train [###########################-------------] 304/444  loss=0.2073
  train [###########################-------------] 308/444  loss=0.2068
  train [############################------------] 312/444  loss=0.2062
  train [############################------------] 316/444  loss=0.2060
  train [############################------------] 320/444  loss=0.2064
  train [#############################-----------] 324/444  loss=0.2060
  train [#############################-----------] 328/444  loss=0.2074
  train [#############################-----------] 332/444  loss=0.2070
  train [##############################----------] 336/444  loss=0.2080
  train [##############################----------] 340/444  loss=0.2089
  train [##############################----------] 344/444  loss=0.2090
  train [###############################---------] 348/444  loss=0.2090
  train [###############################---------] 352/444  loss=0.2090
  train [################################--------] 356/444  loss=0.2101
  train [################################--------] 360/444  loss=0.2105
  train [################################--------] 364/444  loss=0.2110
  train [#################################-------] 368/444  loss=0.2114
  train [#################################-------] 372/444  loss=0.2119
  train [#################################-------] 376/444  loss=0.2116
  train [##################################------] 380/444  loss=0.2118
  train [##################################------] 384/444  loss=0.2117
  train [##################################------] 388/444  loss=0.2116
  train [###################################-----] 392/444  loss=0.2114
  train [###################################-----] 396/444  loss=0.2113
  train [####################################----] 400/444  loss=0.2115
  train [####################################----] 404/444  loss=0.2111
  train [####################################----] 408/444  loss=0.2113
  train [#####################################---] 412/444  loss=0.2115
  train [#####################################---] 416/444  loss=0.2122
  train [#####################################---] 420/444  loss=0.2115
  train [######################################--] 424/444  loss=0.2118
  train [######################################--] 428/444  loss=0.2125
  train [######################################--] 432/444  loss=0.2121
  train [#######################################-] 436/444  loss=0.2129
  train [#######################################-] 440/444  loss=0.2130
  train [########################################] 444/444  loss=0.2128
  val   [----------------------------------------] 1/93
  val   [----------------------------------------] 2/93
  val   [#---------------------------------------] 3/93
  val   [#---------------------------------------] 4/93
  val   [##--------------------------------------] 5/93
  val   [##--------------------------------------] 6/93
  val   [###-------------------------------------] 7/93
  val   [###-------------------------------------] 8/93
  val   [###-------------------------------------] 9/93
  val   [####------------------------------------] 10/93
  val   [####------------------------------------] 11/93
  val   [#####-----------------------------------] 12/93
  val   [#####-----------------------------------] 13/93
  val   [######----------------------------------] 14/93
  val   [######----------------------------------] 15/93
  val   [######----------------------------------] 16/93
  val   [#######---------------------------------] 17/93
  val   [#######---------------------------------] 18/93
  val   [########--------------------------------] 19/93
  val   [########--------------------------------] 20/93
  val   [#########-------------------------------] 21/93
  val   [#########-------------------------------] 22/93
  val   [#########-------------------------------] 23/93
  val   [##########------------------------------] 24/93
  val   [##########------------------------------] 25/93
  val   [###########-----------------------------] 26/93
  val   [###########-----------------------------] 27/93
  val   [############----------------------------] 28/93
  val   [############----------------------------] 29/93
  val   [############----------------------------] 30/93
  val   [#############---------------------------] 31/93
  val   [#############---------------------------] 32/93
  val   [##############--------------------------] 33/93
  val   [##############--------------------------] 34/93
  val   [###############-------------------------] 35/93
  val   [###############-------------------------] 36/93
  val   [###############-------------------------] 37/93
  val   [################------------------------] 38/93
  val   [################------------------------] 39/93
  val   [#################-----------------------] 40/93
  val   [#################-----------------------] 41/93
  val   [##################----------------------] 42/93
  val   [##################----------------------] 43/93
  val   [##################----------------------] 44/93
  val   [###################---------------------] 45/93
  val   [###################---------------------] 46/93
  val   [####################--------------------] 47/93
  val   [####################--------------------] 48/93
  val   [#####################-------------------] 49/93
  val   [#####################-------------------] 50/93
  val   [#####################-------------------] 51/93
  val   [######################------------------] 52/93
  val   [######################------------------] 53/93
  val   [#######################-----------------] 54/93
  val   [#######################-----------------] 55/93
  val   [########################----------------] 56/93
  val   [########################----------------] 57/93
  val   [########################----------------] 58/93
  val   [#########################---------------] 59/93
  val   [#########################---------------] 60/93
  val   [##########################--------------] 61/93
  val   [##########################--------------] 62/93
  val   [###########################-------------] 63/93
  val   [###########################-------------] 64/93
  val   [###########################-------------] 65/93
  val   [############################------------] 66/93
  val   [############################------------] 67/93
  val   [#############################-----------] 68/93
  val   [#############################-----------] 69/93
  val   [##############################----------] 70/93
  val   [##############################----------] 71/93
  val   [##############################----------] 72/93
  val   [###############################---------] 73/93
  val   [###############################---------] 74/93
  val   [################################--------] 75/93
  val   [################################--------] 76/93
  val   [#################################-------] 77/93
  val   [#################################-------] 78/93
  val   [#################################-------] 79/93
  val   [##################################------] 80/93
  val   [##################################------] 81/93
  val   [###################################-----] 82/93
  val   [###################################-----] 83/93
  val   [####################################----] 84/93
  val   [####################################----] 85/93
  val   [####################################----] 86/93
  val   [#####################################---] 87/93
  val   [#####################################---] 88/93
  val   [######################################--] 89/93
  val   [######################################--] 90/93
  val   [#######################################-] 91/93
  val   [#######################################-] 92/93
  val   [########################################] 93/93
Epoch   5 | train_loss=0.2132 | val_loss=0.7735 | val_acc=0.8279
  train [----------------------------------------] 4/444  loss=0.0853
  train [----------------------------------------] 8/444  loss=0.1264
  train [#---------------------------------------] 12/444  loss=0.1526
  train [#---------------------------------------] 16/444  loss=0.1630
  train [#---------------------------------------] 20/444  loss=0.1602
  train [##--------------------------------------] 24/444  loss=0.1610
  train [##--------------------------------------] 28/444  loss=0.1658
  train [##--------------------------------------] 32/444  loss=0.1653
  train [###-------------------------------------] 36/444  loss=0.1705
  train [###-------------------------------------] 40/444  loss=0.1717
  train [###-------------------------------------] 44/444  loss=0.1737
  train [####------------------------------------] 48/444  loss=0.1698
  train [####------------------------------------] 52/444  loss=0.1707
  train [#####-----------------------------------] 56/444  loss=0.1694
  train [#####-----------------------------------] 60/444  loss=0.1713
  train [#####-----------------------------------] 64/444  loss=0.1703
  train [######----------------------------------] 68/444  loss=0.1690
  train [######----------------------------------] 72/444  loss=0.1677
  train [######----------------------------------] 76/444  loss=0.1649
  train [#######---------------------------------] 80/444  loss=0.1632
  train [#######---------------------------------] 84/444  loss=0.1663
  train [#######---------------------------------] 88/444  loss=0.1667
  train [########--------------------------------] 92/444  loss=0.1658
  train [########--------------------------------] 96/444  loss=0.1651
  train [#########-------------------------------] 100/444  loss=0.1664
  train [#########-------------------------------] 104/444  loss=0.1672
  train [#########-------------------------------] 108/444  loss=0.1672
  train [##########------------------------------] 112/444  loss=0.1683
  train [##########------------------------------] 116/444  loss=0.1675
  train [##########------------------------------] 120/444  loss=0.1674
  train [###########-----------------------------] 124/444  loss=0.1682
  train [###########-----------------------------] 128/444  loss=0.1686
  train [###########-----------------------------] 132/444  loss=0.1698
  train [############----------------------------] 136/444  loss=0.1687
  train [############----------------------------] 140/444  loss=0.1707
  train [############----------------------------] 144/444  loss=0.1695
  train [#############---------------------------] 148/444  loss=0.1697
  train [#############---------------------------] 152/444  loss=0.1705
  train [##############--------------------------] 156/444  loss=0.1718
  train [##############--------------------------] 160/444  loss=0.1725
  train [##############--------------------------] 164/444  loss=0.1717
  train [###############-------------------------] 168/444  loss=0.1727
  train [###############-------------------------] 172/444  loss=0.1723
  train [###############-------------------------] 176/444  loss=0.1724
  train [################------------------------] 180/444  loss=0.1722
  train [################------------------------] 184/444  loss=0.1742
  train [################------------------------] 188/444  loss=0.1735
  train [#################-----------------------] 192/444  loss=0.1731
  train [#################-----------------------] 196/444  loss=0.1734
  train [##################----------------------] 200/444  loss=0.1732
  train [##################----------------------] 204/444  loss=0.1733
  train [##################----------------------] 208/444  loss=0.1728
  train [###################---------------------] 212/444  loss=0.1753
  train [###################---------------------] 216/444  loss=0.1753
  train [###################---------------------] 220/444  loss=0.1750
  train [####################--------------------] 224/444  loss=0.1744
  train [####################--------------------] 228/444  loss=0.1740
  train [####################--------------------] 232/444  loss=0.1736
  train [#####################-------------------] 236/444  loss=0.1744
  train [#####################-------------------] 240/444  loss=0.1731
  train [#####################-------------------] 244/444  loss=0.1733
  train [######################------------------] 248/444  loss=0.1735
  train [######################------------------] 252/444  loss=0.1730
  train [#######################-----------------] 256/444  loss=0.1734
  train [#######################-----------------] 260/444  loss=0.1728
  train [#######################-----------------] 264/444  loss=0.1726
  train [########################----------------] 268/444  loss=0.1745
  train [########################----------------] 272/444  loss=0.1740
  train [########################----------------] 276/444  loss=0.1736
  train [#########################---------------] 280/444  loss=0.1745
  train [#########################---------------] 284/444  loss=0.1734
  train [#########################---------------] 288/444  loss=0.1730
  train [##########################--------------] 292/444  loss=0.1732
  train [##########################--------------] 296/444  loss=0.1737
  train [###########################-------------] 300/444  loss=0.1737
  train [###########################-------------] 304/444  loss=0.1731
  train [###########################-------------] 308/444  loss=0.1732
  train [############################------------] 312/444  loss=0.1738
  train [############################------------] 316/444  loss=0.1730
  train [############################------------] 320/444  loss=0.1734
  train [#############################-----------] 324/444  loss=0.1738
  train [#############################-----------] 328/444  loss=0.1735
  train [#############################-----------] 332/444  loss=0.1736
  train [##############################----------] 336/444  loss=0.1735
  train [##############################----------] 340/444  loss=0.1742
  train [##############################----------] 344/444  loss=0.1737
  train [###############################---------] 348/444  loss=0.1734
  train [###############################---------] 352/444  loss=0.1741
  train [################################--------] 356/444  loss=0.1747
  train [################################--------] 360/444  loss=0.1748
  train [################################--------] 364/444  loss=0.1749
  train [#################################-------] 368/444  loss=0.1747
  train [#################################-------] 372/444  loss=0.1747
  train [#################################-------] 376/444  loss=0.1743
  train [##################################------] 380/444  loss=0.1742
  train [##################################------] 384/444  loss=0.1742
  train [##################################------] 388/444  loss=0.1741
  train [###################################-----] 392/444  loss=0.1738
  train [###################################-----] 396/444  loss=0.1739
  train [####################################----] 400/444  loss=0.1736
  train [####################################----] 404/444  loss=0.1734
  train [####################################----] 408/444  loss=0.1738
  train [#####################################---] 412/444  loss=0.1732
  train [#####################################---] 416/444  loss=0.1732
  train [#####################################---] 420/444  loss=0.1727
  train [######################################--] 424/444  loss=0.1728
  train [######################################--] 428/444  loss=0.1726
  train [######################################--] 432/444  loss=0.1728
  train [#######################################-] 436/444  loss=0.1723
  train [#######################################-] 440/444  loss=0.1733
  train [########################################] 444/444  loss=0.1732
  val   [----------------------------------------] 1/93
  val   [----------------------------------------] 2/93
  val   [#---------------------------------------] 3/93
  val   [#---------------------------------------] 4/93
  val   [##--------------------------------------] 5/93
  val   [##--------------------------------------] 6/93
  val   [###-------------------------------------] 7/93
  val   [###-------------------------------------] 8/93
  val   [###-------------------------------------] 9/93
  val   [####------------------------------------] 10/93
  val   [####------------------------------------] 11/93
  val   [#####-----------------------------------] 12/93
  val   [#####-----------------------------------] 13/93
  val   [######----------------------------------] 14/93
  val   [######----------------------------------] 15/93
  val   [######----------------------------------] 16/93
  val   [#######---------------------------------] 17/93
  val   [#######---------------------------------] 18/93
  val   [########--------------------------------] 19/93
  val   [########--------------------------------] 20/93
  val   [#########-------------------------------] 21/93
  val   [#########-------------------------------] 22/93
  val   [#########-------------------------------] 23/93
  val   [##########------------------------------] 24/93
  val   [##########------------------------------] 25/93
  val   [###########-----------------------------] 26/93
  val   [###########-----------------------------] 27/93
  val   [############----------------------------] 28/93
  val   [############----------------------------] 29/93
  val   [############----------------------------] 30/93
  val   [#############---------------------------] 31/93
  val   [#############---------------------------] 32/93
  val   [##############--------------------------] 33/93
  val   [##############--------------------------] 34/93
  val   [###############-------------------------] 35/93
  val   [###############-------------------------] 36/93
  val   [###############-------------------------] 37/93
  val   [################------------------------] 38/93
  val   [################------------------------] 39/93
  val   [#################-----------------------] 40/93
  val   [#################-----------------------] 41/93
  val   [##################----------------------] 42/93
  val   [##################----------------------] 43/93
  val   [##################----------------------] 44/93
  val   [###################---------------------] 45/93
  val   [###################---------------------] 46/93
  val   [####################--------------------] 47/93
  val   [####################--------------------] 48/93
  val   [#####################-------------------] 49/93
  val   [#####################-------------------] 50/93
  val   [#####################-------------------] 51/93
  val   [######################------------------] 52/93
  val   [######################------------------] 53/93
  val   [#######################-----------------] 54/93
  val   [#######################-----------------] 55/93
  val   [########################----------------] 56/93
  val   [########################----------------] 57/93
  val   [########################----------------] 58/93
  val   [#########################---------------] 59/93
  val   [#########################---------------] 60/93
  val   [##########################--------------] 61/93
  val   [##########################--------------] 62/93
  val   [###########################-------------] 63/93
  val   [###########################-------------] 64/93
  val   [###########################-------------] 65/93
  val   [############################------------] 66/93
  val   [############################------------] 67/93
  val   [#############################-----------] 68/93
  val   [#############################-----------] 69/93
  val   [##############################----------] 70/93
  val   [##############################----------] 71/93
  val   [##############################----------] 72/93
  val   [###############################---------] 73/93
  val   [###############################---------] 74/93
  val   [################################--------] 75/93
  val   [################################--------] 76/93
  val   [#################################-------] 77/93
  val   [#################################-------] 78/93
  val   [#################################-------] 79/93
  val   [##################################------] 80/93
  val   [##################################------] 81/93
  val   [###################################-----] 82/93
  val   [###################################-----] 83/93
  val   [####################################----] 84/93
  val   [####################################----] 85/93
  val   [####################################----] 86/93
  val   [#####################################---] 87/93
  val   [#####################################---] 88/93
  val   [######################################--] 89/93
  val   [######################################--] 90/93
  val   [#######################################-] 91/93
  val   [#######################################-] 92/93
  val   [########################################] 93/93
Epoch   6 | train_loss=0.1735 | val_loss=0.7495 | val_acc=0.8345
  -> best model saved (val_loss=0.7495)
  train [----------------------------------------] 4/444  loss=0.1014
  train [----------------------------------------] 8/444  loss=0.1226
  train [#---------------------------------------] 12/444  loss=0.1390
  train [#---------------------------------------] 16/444  loss=0.1387
  train [#---------------------------------------] 20/444  loss=0.1323
  train [##--------------------------------------] 24/444  loss=0.1383
  train [##--------------------------------------] 28/444  loss=0.1357
  train [##--------------------------------------] 32/444  loss=0.1332
  train [###-------------------------------------] 36/444  loss=0.1290
  train [###-------------------------------------] 40/444  loss=0.1295
  train [###-------------------------------------] 44/444  loss=0.1240
  train [####------------------------------------] 48/444  loss=0.1205
  train [####------------------------------------] 52/444  loss=0.1245
  train [#####-----------------------------------] 56/444  loss=0.1253
  train [#####-----------------------------------] 60/444  loss=0.1238
  train [#####-----------------------------------] 64/444  loss=0.1243
  train [######----------------------------------] 68/444  loss=0.1270
  train [######----------------------------------] 72/444  loss=0.1241
  train [######----------------------------------] 76/444  loss=0.1227
  train [#######---------------------------------] 80/444  loss=0.1237
  train [#######---------------------------------] 84/444  loss=0.1275
  train [#######---------------------------------] 88/444  loss=0.1283
  train [########--------------------------------] 92/444  loss=0.1286
  train [########--------------------------------] 96/444  loss=0.1288
  train [#########-------------------------------] 100/444  loss=0.1295
  train [#########-------------------------------] 104/444  loss=0.1292
  train [#########-------------------------------] 108/444  loss=0.1299
  train [##########------------------------------] 112/444  loss=0.1297
  train [##########------------------------------] 116/444  loss=0.1296
  train [##########------------------------------] 120/444  loss=0.1309
  train [###########-----------------------------] 124/444  loss=0.1300
  train [###########-----------------------------] 128/444  loss=0.1297
  train [###########-----------------------------] 132/444  loss=0.1293
  train [############----------------------------] 136/444  loss=0.1291
  train [############----------------------------] 140/444  loss=0.1298
  train [############----------------------------] 144/444  loss=0.1296
  train [#############---------------------------] 148/444  loss=0.1290
  train [#############---------------------------] 152/444  loss=0.1290
  train [##############--------------------------] 156/444  loss=0.1289
  train [##############--------------------------] 160/444  loss=0.1283
  train [##############--------------------------] 164/444  loss=0.1274
  train [###############-------------------------] 168/444  loss=0.1276
  train [###############-------------------------] 172/444  loss=0.1269
  train [###############-------------------------] 176/444  loss=0.1263
  train [################------------------------] 180/444  loss=0.1258
  train [################------------------------] 184/444  loss=0.1253
  train [################------------------------] 188/444  loss=0.1260
  train [#################-----------------------] 192/444  loss=0.1261
  train [#################-----------------------] 196/444  loss=0.1268
  train [##################----------------------] 200/444  loss=0.1271
  train [##################----------------------] 204/444  loss=0.1271
  train [##################----------------------] 208/444  loss=0.1275
  train [###################---------------------] 212/444  loss=0.1275
  train [###################---------------------] 216/444  loss=0.1276
  train [###################---------------------] 220/444  loss=0.1282
  train [####################--------------------] 224/444  loss=0.1285
  train [####################--------------------] 228/444  loss=0.1283
  train [####################--------------------] 232/444  loss=0.1290
  train [#####################-------------------] 236/444  loss=0.1292
  train [#####################-------------------] 240/444  loss=0.1293
  train [#####################-------------------] 244/444  loss=0.1298
  train [######################------------------] 248/444  loss=0.1299
  train [######################------------------] 252/444  loss=0.1306
  train [#######################-----------------] 256/444  loss=0.1311
  train [#######################-----------------] 260/444  loss=0.1310
  train [#######################-----------------] 264/444  loss=0.1306
  train [########################----------------] 268/444  loss=0.1306
  train [########################----------------] 272/444  loss=0.1307
  train [########################----------------] 276/444  loss=0.1304
  train [#########################---------------] 280/444  loss=0.1308
  train [#########################---------------] 284/444  loss=0.1307
  train [#########################---------------] 288/444  loss=0.1310
  train [##########################--------------] 292/444  loss=0.1314
  train [##########################--------------] 296/444  loss=0.1320
  train [###########################-------------] 300/444  loss=0.1332
  train [###########################-------------] 304/444  loss=0.1330
  train [###########################-------------] 308/444  loss=0.1332
  train [############################------------] 312/444  loss=0.1338
  train [############################------------] 316/444  loss=0.1335
  train [############################------------] 320/444  loss=0.1338
  train [#############################-----------] 324/444  loss=0.1339
  train [#############################-----------] 328/444  loss=0.1336
  train [#############################-----------] 332/444  loss=0.1335
  train [##############################----------] 336/444  loss=0.1336
  train [##############################----------] 340/444  loss=0.1341
  train [##############################----------] 344/444  loss=0.1346
  train [###############################---------] 348/444  loss=0.1350
  train [###############################---------] 352/444  loss=0.1349
  train [################################--------] 356/444  loss=0.1349
  train [################################--------] 360/444  loss=0.1350
  train [################################--------] 364/444  loss=0.1349
  train [#################################-------] 368/444  loss=0.1353
  train [#################################-------] 372/444  loss=0.1358
  train [#################################-------] 376/444  loss=0.1358
  train [##################################------] 380/444  loss=0.1359
  train [##################################------] 384/444  loss=0.1356
  train [##################################------] 388/444  loss=0.1356
  train [###################################-----] 392/444  loss=0.1360
  train [###################################-----] 396/444  loss=0.1362
  train [####################################----] 400/444  loss=0.1361
  train [####################################----] 404/444  loss=0.1358
  train [####################################----] 408/444  loss=0.1353
  train [#####################################---] 412/444  loss=0.1355
  train [#####################################---] 416/444  loss=0.1355
  train [#####################################---] 420/444  loss=0.1351
  train [######################################--] 424/444  loss=0.1351
  train [######################################--] 428/444  loss=0.1358
  train [######################################--] 432/444  loss=0.1356
  train [#######################################-] 436/444  loss=0.1358
  train [#######################################-] 440/444  loss=0.1360
  train [########################################] 444/444  loss=0.1365
  val   [----------------------------------------] 1/93
  val   [----------------------------------------] 2/93
  val   [#---------------------------------------] 3/93
  val   [#---------------------------------------] 4/93
  val   [##--------------------------------------] 5/93
  val   [##--------------------------------------] 6/93
  val   [###-------------------------------------] 7/93
  val   [###-------------------------------------] 8/93
  val   [###-------------------------------------] 9/93
  val   [####------------------------------------] 10/93
  val   [####------------------------------------] 11/93
  val   [#####-----------------------------------] 12/93
  val   [#####-----------------------------------] 13/93
  val   [######----------------------------------] 14/93
  val   [######----------------------------------] 15/93
  val   [######----------------------------------] 16/93
  val   [#######---------------------------------] 17/93
  val   [#######---------------------------------] 18/93
  val   [########--------------------------------] 19/93
  val   [########--------------------------------] 20/93
  val   [#########-------------------------------] 21/93
  val   [#########-------------------------------] 22/93
  val   [#########-------------------------------] 23/93
  val   [##########------------------------------] 24/93
  val   [##########------------------------------] 25/93
  val   [###########-----------------------------] 26/93
  val   [###########-----------------------------] 27/93
  val   [############----------------------------] 28/93
  val   [############----------------------------] 29/93
  val   [############----------------------------] 30/93
  val   [#############---------------------------] 31/93
  val   [#############---------------------------] 32/93
  val   [##############--------------------------] 33/93
  val   [##############--------------------------] 34/93
  val   [###############-------------------------] 35/93
  val   [###############-------------------------] 36/93
  val   [###############-------------------------] 37/93
  val   [################------------------------] 38/93
  val   [################------------------------] 39/93
  val   [#################-----------------------] 40/93
  val   [#################-----------------------] 41/93
  val   [##################----------------------] 42/93
  val   [##################----------------------] 43/93
  val   [##################----------------------] 44/93
  val   [###################---------------------] 45/93
  val   [###################---------------------] 46/93
  val   [####################--------------------] 47/93
  val   [####################--------------------] 48/93
  val   [#####################-------------------] 49/93
  val   [#####################-------------------] 50/93
  val   [#####################-------------------] 51/93
  val   [######################------------------] 52/93
  val   [######################------------------] 53/93
  val   [#######################-----------------] 54/93
  val   [#######################-----------------] 55/93
  val   [########################----------------] 56/93
  val   [########################----------------] 57/93
  val   [########################----------------] 58/93
  val   [#########################---------------] 59/93
  val   [#########################---------------] 60/93
  val   [##########################--------------] 61/93
  val   [##########################--------------] 62/93
  val   [###########################-------------] 63/93
  val   [###########################-------------] 64/93
  val   [###########################-------------] 65/93
  val   [############################------------] 66/93
  val   [############################------------] 67/93
  val   [#############################-----------] 68/93
  val   [#############################-----------] 69/93
  val   [##############################----------] 70/93
  val   [##############################----------] 71/93
  val   [##############################----------] 72/93
  val   [###############################---------] 73/93
  val   [###############################---------] 74/93
  val   [################################--------] 75/93
  val   [################################--------] 76/93
  val   [#################################-------] 77/93
  val   [#################################-------] 78/93
  val   [#################################-------] 79/93
  val   [##################################------] 80/93
  val   [##################################------] 81/93
  val   [###################################-----] 82/93
  val   [###################################-----] 83/93
  val   [####################################----] 84/93
  val   [####################################----] 85/93
  val   [####################################----] 86/93
  val   [#####################################---] 87/93
  val   [#####################################---] 88/93
  val   [######################################--] 89/93
  val   [######################################--] 90/93
  val   [#######################################-] 91/93
  val   [#######################################-] 92/93
  val   [########################################] 93/93
Epoch   7 | train_loss=0.1367 | val_loss=0.7591 | val_acc=0.8372
  train [----------------------------------------] 4/444  loss=0.1425
  train [----------------------------------------] 8/444  loss=0.1202
  train [#---------------------------------------] 12/444  loss=0.1220
  train [#---------------------------------------] 16/444  loss=0.1329
  train [#---------------------------------------] 20/444  loss=0.1276
  train [##--------------------------------------] 24/444  loss=0.1228
  train [##--------------------------------------] 28/444  loss=0.1172
  train [##--------------------------------------] 32/444  loss=0.1164
  train [###-------------------------------------] 36/444  loss=0.1151
  train [###-------------------------------------] 40/444  loss=0.1113
  train [###-------------------------------------] 44/444  loss=0.1063
  train [####------------------------------------] 48/444  loss=0.1043
  train [####------------------------------------] 52/444  loss=0.1054
  train [#####-----------------------------------] 56/444  loss=0.1060
  train [#####-----------------------------------] 60/444  loss=0.1043
  train [#####-----------------------------------] 64/444  loss=0.1038
  train [######----------------------------------] 68/444  loss=0.1051
  train [######----------------------------------] 72/444  loss=0.1034
  train [######----------------------------------] 76/444  loss=0.1026
  train [#######---------------------------------] 80/444  loss=0.1019
  train [#######---------------------------------] 84/444  loss=0.1046
  train [#######---------------------------------] 88/444  loss=0.1069
  train [########--------------------------------] 92/444  loss=0.1056
  train [########--------------------------------] 96/444  loss=0.1073
  train [#########-------------------------------] 100/444  loss=0.1071
  train [#########-------------------------------] 104/444  loss=0.1073
  train [#########-------------------------------] 108/444  loss=0.1076
  train [##########------------------------------] 112/444  loss=0.1067
  train [##########------------------------------] 116/444  loss=0.1065
  train [##########------------------------------] 120/444  loss=0.1072
  train [###########-----------------------------] 124/444  loss=0.1065
  train [###########-----------------------------] 128/444  loss=0.1063
  train [###########-----------------------------] 132/444  loss=0.1058
  train [############----------------------------] 136/444  loss=0.1056
  train [############----------------------------] 140/444  loss=0.1053
  train [############----------------------------] 144/444  loss=0.1068
  train [#############---------------------------] 148/444  loss=0.1061
  train [#############---------------------------] 152/444  loss=0.1056
  train [##############--------------------------] 156/444  loss=0.1059
  train [##############--------------------------] 160/444  loss=0.1060
  train [##############--------------------------] 164/444  loss=0.1065
  train [###############-------------------------] 168/444  loss=0.1073
  train [###############-------------------------] 172/444  loss=0.1069
  train [###############-------------------------] 176/444  loss=0.1059
  train [################------------------------] 180/444  loss=0.1049
  train [################------------------------] 184/444  loss=0.1051
  train [################------------------------] 188/444  loss=0.1047
  train [#################-----------------------] 192/444  loss=0.1046
  train [#################-----------------------] 196/444  loss=0.1054
  train [##################----------------------] 200/444  loss=0.1048
  train [##################----------------------] 204/444  loss=0.1055
  train [##################----------------------] 208/444  loss=0.1050
  train [###################---------------------] 212/444  loss=0.1053
  train [###################---------------------] 216/444  loss=0.1051
  train [###################---------------------] 220/444  loss=0.1056
  train [####################--------------------] 224/444  loss=0.1058
  train [####################--------------------] 228/444  loss=0.1061
  train [####################--------------------] 232/444  loss=0.1059
  train [#####################-------------------] 236/444  loss=0.1056
  train [#####################-------------------] 240/444  loss=0.1058
  train [#####################-------------------] 244/444  loss=0.1068
  train [######################------------------] 248/444  loss=0.1074
  train [######################------------------] 252/444  loss=0.1067
  train [#######################-----------------] 256/444  loss=0.1072
  train [#######################-----------------] 260/444  loss=0.1075
  train [#######################-----------------] 264/444  loss=0.1073
  train [########################----------------] 268/444  loss=0.1072
  train [########################----------------] 272/444  loss=0.1081
  train [########################----------------] 276/444  loss=0.1081
  train [#########################---------------] 280/444  loss=0.1079
  train [#########################---------------] 284/444  loss=0.1075
  train [#########################---------------] 288/444  loss=0.1073
  train [##########################--------------] 292/444  loss=0.1072
  train [##########################--------------] 296/444  loss=0.1075
  train [###########################-------------] 300/444  loss=0.1076
  train [###########################-------------] 304/444  loss=0.1081
  train [###########################-------------] 308/444  loss=0.1074
  train [############################------------] 312/444  loss=0.1082
  train [############################------------] 316/444  loss=0.1084
  train [############################------------] 320/444  loss=0.1084
  train [#############################-----------] 324/444  loss=0.1079
  train [#############################-----------] 328/444  loss=0.1075
  train [#############################-----------] 332/444  loss=0.1078
  train [##############################----------] 336/444  loss=0.1078
  train [##############################----------] 340/444  loss=0.1075
  train [##############################----------] 344/444  loss=0.1082
  train [###############################---------] 348/444  loss=0.1078
  train [###############################---------] 352/444  loss=0.1077
  train [################################--------] 356/444  loss=0.1077
  train [################################--------] 360/444  loss=0.1080
  train [################################--------] 364/444  loss=0.1079
  train [#################################-------] 368/444  loss=0.1079
  train [#################################-------] 372/444  loss=0.1081
  train [#################################-------] 376/444  loss=0.1081
  train [##################################------] 380/444  loss=0.1080
  train [##################################------] 384/444  loss=0.1086
  train [##################################------] 388/444  loss=0.1087
  train [###################################-----] 392/444  loss=0.1089
  train [###################################-----] 396/444  loss=0.1095
  train [####################################----] 400/444  loss=0.1098
  train [####################################----] 404/444  loss=0.1100
  train [####################################----] 408/444  loss=0.1100
  train [#####################################---] 412/444  loss=0.1098
  train [#####################################---] 416/444  loss=0.1094
  train [#####################################---] 420/444  loss=0.1093
  train [######################################--] 424/444  loss=0.1092
  train [######################################--] 428/444  loss=0.1092
  train [######################################--] 432/444  loss=0.1091
  train [#######################################-] 436/444  loss=0.1090
  train [#######################################-] 440/444  loss=0.1088
  train [########################################] 444/444  loss=0.1086
  val   [----------------------------------------] 1/93
  val   [----------------------------------------] 2/93
  val   [#---------------------------------------] 3/93
  val   [#---------------------------------------] 4/93
  val   [##--------------------------------------] 5/93
  val   [##--------------------------------------] 6/93
  val   [###-------------------------------------] 7/93
  val   [###-------------------------------------] 8/93
  val   [###-------------------------------------] 9/93
  val   [####------------------------------------] 10/93
  val   [####------------------------------------] 11/93
  val   [#####-----------------------------------] 12/93
  val   [#####-----------------------------------] 13/93
  val   [######----------------------------------] 14/93
  val   [######----------------------------------] 15/93
  val   [######----------------------------------] 16/93
  val   [#######---------------------------------] 17/93
  val   [#######---------------------------------] 18/93
  val   [########--------------------------------] 19/93
  val   [########--------------------------------] 20/93
  val   [#########-------------------------------] 21/93
  val   [#########-------------------------------] 22/93
  val   [#########-------------------------------] 23/93
  val   [##########------------------------------] 24/93
  val   [##########------------------------------] 25/93
  val   [###########-----------------------------] 26/93
  val   [###########-----------------------------] 27/93
  val   [############----------------------------] 28/93
  val   [############----------------------------] 29/93
  val   [############----------------------------] 30/93
  val   [#############---------------------------] 31/93
  val   [#############---------------------------] 32/93
  val   [##############--------------------------] 33/93
  val   [##############--------------------------] 34/93
  val   [###############-------------------------] 35/93
  val   [###############-------------------------] 36/93
  val   [###############-------------------------] 37/93
  val   [################------------------------] 38/93
  val   [################------------------------] 39/93
  val   [#################-----------------------] 40/93
  val   [#################-----------------------] 41/93
  val   [##################----------------------] 42/93
  val   [##################----------------------] 43/93
  val   [##################----------------------] 44/93
  val   [###################---------------------] 45/93
  val   [###################---------------------] 46/93
  val   [####################--------------------] 47/93
  val   [####################--------------------] 48/93
  val   [#####################-------------------] 49/93
  val   [#####################-------------------] 50/93
  val   [#####################-------------------] 51/93
  val   [######################------------------] 52/93
  val   [######################------------------] 53/93
  val   [#######################-----------------] 54/93
  val   [#######################-----------------] 55/93
  val   [########################----------------] 56/93
  val   [########################----------------] 57/93
  val   [########################----------------] 58/93
  val   [#########################---------------] 59/93
  val   [#########################---------------] 60/93
  val   [##########################--------------] 61/93
  val   [##########################--------------] 62/93
  val   [###########################-------------] 63/93
  val   [###########################-------------] 64/93
  val   [###########################-------------] 65/93
  val   [############################------------] 66/93
  val   [############################------------] 67/93
  val   [#############################-----------] 68/93
  val   [#############################-----------] 69/93
  val   [##############################----------] 70/93
  val   [##############################----------] 71/93
  val   [##############################----------] 72/93
  val   [###############################---------] 73/93
  val   [###############################---------] 74/93
  val   [################################--------] 75/93
  val   [################################--------] 76/93
  val   [#################################-------] 77/93
  val   [#################################-------] 78/93
  val   [#################################-------] 79/93
  val   [##################################------] 80/93
  val   [##################################------] 81/93
  val   [###################################-----] 82/93
  val   [###################################-----] 83/93
  val   [####################################----] 84/93
  val   [####################################----] 85/93
  val   [####################################----] 86/93
  val   [#####################################---] 87/93
  val   [#####################################---] 88/93
  val   [######################################--] 89/93
  val   [######################################--] 90/93
  val   [#######################################-] 91/93
  val   [#######################################-] 92/93
  val   [########################################] 93/93
Epoch   8 | train_loss=0.1087 | val_loss=0.7481 | val_acc=0.8372
  -> best model saved (val_loss=0.7481)
  train [----------------------------------------] 4/444  loss=0.0620
  train [----------------------------------------] 8/444  loss=0.0827
  train [#---------------------------------------] 12/444  loss=0.0793
  train [#---------------------------------------] 16/444  loss=0.0837
  train [#---------------------------------------] 20/444  loss=0.0795
  train [##--------------------------------------] 24/444  loss=0.0829
  train [##--------------------------------------] 28/444  loss=0.0765
  train [##--------------------------------------] 32/444  loss=0.0757
  train [###-------------------------------------] 36/444  loss=0.0770
  train [###-------------------------------------] 40/444  loss=0.0749
  train [###-------------------------------------] 44/444  loss=0.0755
  train [####------------------------------------] 48/444  loss=0.0751
  train [####------------------------------------] 52/444  loss=0.0752
  train [#####-----------------------------------] 56/444  loss=0.0772
  train [#####-----------------------------------] 60/444  loss=0.0748
  train [#####-----------------------------------] 64/444  loss=0.0754
  train [######----------------------------------] 68/444  loss=0.0794
  train [######----------------------------------] 72/444  loss=0.0802
  train [######----------------------------------] 76/444  loss=0.0819
  train [#######---------------------------------] 80/444  loss=0.0812
  train [#######---------------------------------] 84/444  loss=0.0807
  train [#######---------------------------------] 88/444  loss=0.0811
  train [########--------------------------------] 92/444  loss=0.0815
  train [########--------------------------------] 96/444  loss=0.0829
  train [#########-------------------------------] 100/444  loss=0.0843
  train [#########-------------------------------] 104/444  loss=0.0854
  train [#########-------------------------------] 108/444  loss=0.0844
  train [##########------------------------------] 112/444  loss=0.0856
  train [##########------------------------------] 116/444  loss=0.0857
  train [##########------------------------------] 120/444  loss=0.0868
  train [###########-----------------------------] 124/444  loss=0.0871
  train [###########-----------------------------] 128/444  loss=0.0866
  train [###########-----------------------------] 132/444  loss=0.0864
  train [############----------------------------] 136/444  loss=0.0856
  train [############----------------------------] 140/444  loss=0.0852
  train [############----------------------------] 144/444  loss=0.0846
  train [#############---------------------------] 148/444  loss=0.0852
  train [#############---------------------------] 152/444  loss=0.0848
  train [##############--------------------------] 156/444  loss=0.0847
  train [##############--------------------------] 160/444  loss=0.0852
  train [##############--------------------------] 164/444  loss=0.0860
  train [###############-------------------------] 168/444  loss=0.0854
  train [###############-------------------------] 172/444  loss=0.0846
  train [###############-------------------------] 176/444  loss=0.0840
  train [################------------------------] 180/444  loss=0.0843
  train [################------------------------] 184/444  loss=0.0838
  train [################------------------------] 188/444  loss=0.0832
  train [#################-----------------------] 192/444  loss=0.0833
  train [#################-----------------------] 196/444  loss=0.0836
  train [##################----------------------] 200/444  loss=0.0832
  train [##################----------------------] 204/444  loss=0.0831
  train [##################----------------------] 208/444  loss=0.0826
  train [###################---------------------] 212/444  loss=0.0827
  train [###################---------------------] 216/444  loss=0.0824
  train [###################---------------------] 220/444  loss=0.0825
  train [####################--------------------] 224/444  loss=0.0822
  train [####################--------------------] 228/444  loss=0.0824
  train [####################--------------------] 232/444  loss=0.0819
  train [#####################-------------------] 236/444  loss=0.0826
  train [#####################-------------------] 240/444  loss=0.0820
  train [#####################-------------------] 244/444  loss=0.0824
  train [######################------------------] 248/444  loss=0.0826
  train [######################------------------] 252/444  loss=0.0829
  train [#######################-----------------] 256/444  loss=0.0829
  train [#######################-----------------] 260/444  loss=0.0830
  train [#######################-----------------] 264/444  loss=0.0826
  train [########################----------------] 268/444  loss=0.0826
  train [########################----------------] 272/444  loss=0.0824
  train [########################----------------] 276/444  loss=0.0828
  train [#########################---------------] 280/444  loss=0.0824
  train [#########################---------------] 284/444  loss=0.0821
  train [#########################---------------] 288/444  loss=0.0825
  train [##########################--------------] 292/444  loss=0.0832
  train [##########################--------------] 296/444  loss=0.0830
  train [###########################-------------] 300/444  loss=0.0830
  train [###########################-------------] 304/444  loss=0.0840
  train [###########################-------------] 308/444  loss=0.0848
  train [############################------------] 312/444  loss=0.0844
  train [############################------------] 316/444  loss=0.0844
  train [############################------------] 320/444  loss=0.0854
  train [#############################-----------] 324/444  loss=0.0856
  train [#############################-----------] 328/444  loss=0.0856
  train [#############################-----------] 332/444  loss=0.0853
  train [##############################----------] 336/444  loss=0.0850
  train [##############################----------] 340/444  loss=0.0849
  train [##############################----------] 344/444  loss=0.0855
  train [###############################---------] 348/444  loss=0.0855
  train [###############################---------] 352/444  loss=0.0860
  train [################################--------] 356/444  loss=0.0863
  train [################################--------] 360/444  loss=0.0868
  train [################################--------] 364/444  loss=0.0876
  train [#################################-------] 368/444  loss=0.0884
  train [#################################-------] 372/444  loss=0.0884
  train [#################################-------] 376/444  loss=0.0892
  train [##################################------] 380/444  loss=0.0894
  train [##################################------] 384/444  loss=0.0890
  train [##################################------] 388/444  loss=0.0895
  train [###################################-----] 392/444  loss=0.0896
  train [###################################-----] 396/444  loss=0.0897
  train [####################################----] 400/444  loss=0.0896
  train [####################################----] 404/444  loss=0.0897
  train [####################################----] 408/444  loss=0.0897
  train [#####################################---] 412/444  loss=0.0895
  train [#####################################---] 416/444  loss=0.0900
  train [#####################################---] 420/444  loss=0.0901
  train [######################################--] 424/444  loss=0.0899
  train [######################################--] 428/444  loss=0.0898
  train [######################################--] 432/444  loss=0.0897
  train [#######################################-] 436/444  loss=0.0901
  train [#######################################-] 440/444  loss=0.0901
  train [########################################] 444/444  loss=0.0900
  val   [----------------------------------------] 1/93
  val   [----------------------------------------] 2/93
  val   [#---------------------------------------] 3/93
  val   [#---------------------------------------] 4/93
  val   [##--------------------------------------] 5/93
  val   [##--------------------------------------] 6/93
  val   [###-------------------------------------] 7/93
  val   [###-------------------------------------] 8/93
  val   [###-------------------------------------] 9/93
  val   [####------------------------------------] 10/93
  val   [####------------------------------------] 11/93
  val   [#####-----------------------------------] 12/93
  val   [#####-----------------------------------] 13/93
  val   [######----------------------------------] 14/93
  val   [######----------------------------------] 15/93
  val   [######----------------------------------] 16/93
  val   [#######---------------------------------] 17/93
  val   [#######---------------------------------] 18/93
  val   [########--------------------------------] 19/93
  val   [########--------------------------------] 20/93
  val   [#########-------------------------------] 21/93
  val   [#########-------------------------------] 22/93
  val   [#########-------------------------------] 23/93
  val   [##########------------------------------] 24/93
  val   [##########------------------------------] 25/93
  val   [###########-----------------------------] 26/93
  val   [###########-----------------------------] 27/93
  val   [############----------------------------] 28/93
  val   [############----------------------------] 29/93
  val   [############----------------------------] 30/93
  val   [#############---------------------------] 31/93
  val   [#############---------------------------] 32/93
  val   [##############--------------------------] 33/93
  val   [##############--------------------------] 34/93
  val   [###############-------------------------] 35/93
  val   [###############-------------------------] 36/93
  val   [###############-------------------------] 37/93
  val   [################------------------------] 38/93
  val   [################------------------------] 39/93
  val   [#################-----------------------] 40/93
  val   [#################-----------------------] 41/93
  val   [##################----------------------] 42/93
  val   [##################----------------------] 43/93
  val   [##################----------------------] 44/93
  val   [###################---------------------] 45/93
  val   [###################---------------------] 46/93
  val   [####################--------------------] 47/93
  val   [####################--------------------] 48/93
  val   [#####################-------------------] 49/93
  val   [#####################-------------------] 50/93
  val   [#####################-------------------] 51/93
  val   [######################------------------] 52/93
  val   [######################------------------] 53/93
  val   [#######################-----------------] 54/93
  val   [#######################-----------------] 55/93
  val   [########################----------------] 56/93
  val   [########################----------------] 57/93
  val   [########################----------------] 58/93
  val   [#########################---------------] 59/93
  val   [#########################---------------] 60/93
  val   [##########################--------------] 61/93
  val   [##########################--------------] 62/93
  val   [###########################-------------] 63/93
  val   [###########################-------------] 64/93
  val   [###########################-------------] 65/93
  val   [############################------------] 66/93
  val   [############################------------] 67/93
  val   [#############################-----------] 68/93
  val   [#############################-----------] 69/93
  val   [##############################----------] 70/93
  val   [##############################----------] 71/93
  val   [##############################----------] 72/93
  val   [###############################---------] 73/93
  val   [###############################---------] 74/93
  val   [################################--------] 75/93
  val   [################################--------] 76/93
  val   [#################################-------] 77/93
  val   [#################################-------] 78/93
  val   [#################################-------] 79/93
  val   [##################################------] 80/93
  val   [##################################------] 81/93
  val   [###################################-----] 82/93
  val   [###################################-----] 83/93
  val   [####################################----] 84/93
  val   [####################################----] 85/93
  val   [####################################----] 86/93
  val   [#####################################---] 87/93
  val   [#####################################---] 88/93
  val   [######################################--] 89/93
  val   [######################################--] 90/93
  val   [#######################################-] 91/93
  val   [#######################################-] 92/93
  val   [########################################] 93/93
Epoch   9 | train_loss=0.0901 | val_loss=0.7733 | val_acc=0.8456
  train [----------------------------------------] 4/444  loss=0.0879
  train [----------------------------------------] 8/444  loss=0.0654
  train [#---------------------------------------] 12/444  loss=0.0601
  train [#---------------------------------------] 16/444  loss=0.0769
  train [#---------------------------------------] 20/444  loss=0.0764
  train [##--------------------------------------] 24/444  loss=0.0723
  train [##--------------------------------------] 28/444  loss=0.0694
  train [##--------------------------------------] 32/444  loss=0.0680
  train [###-------------------------------------] 36/444  loss=0.0663
  train [###-------------------------------------] 40/444  loss=0.0650
  train [###-------------------------------------] 44/444  loss=0.0659
  train [####------------------------------------] 48/444  loss=0.0655
  train [####------------------------------------] 52/444  loss=0.0652
  train [#####-----------------------------------] 56/444  loss=0.0651
  train [#####-----------------------------------] 60/444  loss=0.0645
  train [#####-----------------------------------] 64/444  loss=0.0633
  train [######----------------------------------] 68/444  loss=0.0644
  train [######----------------------------------] 72/444  loss=0.0654
  train [######----------------------------------] 76/444  loss=0.0663
  train [#######---------------------------------] 80/444  loss=0.0662
  train [#######---------------------------------] 84/444  loss=0.0673
  train [#######---------------------------------] 88/444  loss=0.0668
  train [########--------------------------------] 92/444  loss=0.0680
  train [########--------------------------------] 96/444  loss=0.0693
  train [#########-------------------------------] 100/444  loss=0.0704
  train [#########-------------------------------] 104/444  loss=0.0710
  train [#########-------------------------------] 108/444  loss=0.0712
  train [##########------------------------------] 112/444  loss=0.0727
  train [##########------------------------------] 116/444  loss=0.0731
  train [##########------------------------------] 120/444  loss=0.0745
  train [###########-----------------------------] 124/444  loss=0.0764
  train [###########-----------------------------] 128/444  loss=0.0766
  train [###########-----------------------------] 132/444  loss=0.0759
  train [############----------------------------] 136/444  loss=0.0756
  train [############----------------------------] 140/444  loss=0.0761
  train [############----------------------------] 144/444  loss=0.0755
  train [#############---------------------------] 148/444  loss=0.0766
  train [#############---------------------------] 152/444  loss=0.0761
  train [##############--------------------------] 156/444  loss=0.0757
  train [##############--------------------------] 160/444  loss=0.0752
  train [##############--------------------------] 164/444  loss=0.0768
  train [###############-------------------------] 168/444  loss=0.0766
  train [###############-------------------------] 172/444  loss=0.0776
  train [###############-------------------------] 176/444  loss=0.0776
  train [################------------------------] 180/444  loss=0.0774
  train [################------------------------] 184/444  loss=0.0772
  train [################------------------------] 188/444  loss=0.0782
  train [#################-----------------------] 192/444  loss=0.0797
  train [#################-----------------------] 196/444  loss=0.0791
  train [##################----------------------] 200/444  loss=0.0790
  train [##################----------------------] 204/444  loss=0.0782
  train [##################----------------------] 208/444  loss=0.0781
  train [###################---------------------] 212/444  loss=0.0794
  train [###################---------------------] 216/444  loss=0.0795
  train [###################---------------------] 220/444  loss=0.0792
  train [####################--------------------] 224/444  loss=0.0786
  train [####################--------------------] 228/444  loss=0.0783
  train [####################--------------------] 232/444  loss=0.0783
  train [#####################-------------------] 236/444  loss=0.0779
  train [#####################-------------------] 240/444  loss=0.0780
  train [#####################-------------------] 244/444  loss=0.0779
  train [######################------------------] 248/444  loss=0.0775
  train [######################------------------] 252/444  loss=0.0772
  train [#######################-----------------] 256/444  loss=0.0772
  train [#######################-----------------] 260/444  loss=0.0776
  train [#######################-----------------] 264/444  loss=0.0775
  train [########################----------------] 268/444  loss=0.0771
  train [########################----------------] 272/444  loss=0.0770
  train [########################----------------] 276/444  loss=0.0765
  train [#########################---------------] 280/444  loss=0.0764
  train [#########################---------------] 284/444  loss=0.0761
  train [#########################---------------] 288/444  loss=0.0760
  train [##########################--------------] 292/444  loss=0.0758
  train [##########################--------------] 296/444  loss=0.0755
  train [###########################-------------] 300/444  loss=0.0757
  train [###########################-------------] 304/444  loss=0.0758
  train [###########################-------------] 308/444  loss=0.0759
  train [############################------------] 312/444  loss=0.0754
  train [############################------------] 316/444  loss=0.0753
  train [############################------------] 320/444  loss=0.0752
  train [#############################-----------] 324/444  loss=0.0751
  train [#############################-----------] 328/444  loss=0.0749
  train [#############################-----------] 332/444  loss=0.0747
  train [##############################----------] 336/444  loss=0.0746
  train [##############################----------] 340/444  loss=0.0745
  train [##############################----------] 344/444  loss=0.0743
  train [###############################---------] 348/444  loss=0.0744
  train [###############################---------] 352/444  loss=0.0745
  train [################################--------] 356/444  loss=0.0744
  train [################################--------] 360/444  loss=0.0746
  train [################################--------] 364/444  loss=0.0749
  train [#################################-------] 368/444  loss=0.0746
  train [#################################-------] 372/444  loss=0.0744
  train [#################################-------] 376/444  loss=0.0741
  train [##################################------] 380/444  loss=0.0739
  train [##################################------] 384/444  loss=0.0738
  train [##################################------] 388/444  loss=0.0737
  train [###################################-----] 392/444  loss=0.0736
  train [###################################-----] 396/444  loss=0.0736
  train [####################################----] 400/444  loss=0.0738
  train [####################################----] 404/444  loss=0.0740
  train [####################################----] 408/444  loss=0.0740
  train [#####################################---] 412/444  loss=0.0741
  train [#####################################---] 416/444  loss=0.0745
  train [#####################################---] 420/444  loss=0.0746
  train [######################################--] 424/444  loss=0.0753
  train [######################################--] 428/444  loss=0.0760
  train [######################################--] 432/444  loss=0.0760
  train [#######################################-] 436/444  loss=0.0761
  train [#######################################-] 440/444  loss=0.0759
  train [########################################] 444/444  loss=0.0759
  val   [----------------------------------------] 1/93
  val   [----------------------------------------] 2/93
  val   [#---------------------------------------] 3/93
  val   [#---------------------------------------] 4/93
  val   [##--------------------------------------] 5/93
  val   [##--------------------------------------] 6/93
  val   [###-------------------------------------] 7/93
  val   [###-------------------------------------] 8/93
  val   [###-------------------------------------] 9/93
  val   [####------------------------------------] 10/93
  val   [####------------------------------------] 11/93
  val   [#####-----------------------------------] 12/93
  val   [#####-----------------------------------] 13/93
  val   [######----------------------------------] 14/93
  val   [######----------------------------------] 15/93
  val   [######----------------------------------] 16/93
  val   [#######---------------------------------] 17/93
  val   [#######---------------------------------] 18/93
  val   [########--------------------------------] 19/93
  val   [########--------------------------------] 20/93
  val   [#########-------------------------------] 21/93
  val   [#########-------------------------------] 22/93
  val   [#########-------------------------------] 23/93
  val   [##########------------------------------] 24/93
  val   [##########------------------------------] 25/93
  val   [###########-----------------------------] 26/93
  val   [###########-----------------------------] 27/93
  val   [############----------------------------] 28/93
  val   [############----------------------------] 29/93
  val   [############----------------------------] 30/93
  val   [#############---------------------------] 31/93
  val   [#############---------------------------] 32/93
  val   [##############--------------------------] 33/93
  val   [##############--------------------------] 34/93
  val   [###############-------------------------] 35/93
  val   [###############-------------------------] 36/93
  val   [###############-------------------------] 37/93
  val   [################------------------------] 38/93
  val   [################------------------------] 39/93
  val   [#################-----------------------] 40/93
  val   [#################-----------------------] 41/93
  val   [##################----------------------] 42/93
  val   [##################----------------------] 43/93
  val   [##################----------------------] 44/93
  val   [###################---------------------] 45/93
  val   [###################---------------------] 46/93
  val   [####################--------------------] 47/93
  val   [####################--------------------] 48/93
  val   [#####################-------------------] 49/93
  val   [#####################-------------------] 50/93
  val   [#####################-------------------] 51/93
  val   [######################------------------] 52/93
  val   [######################------------------] 53/93
  val   [#######################-----------------] 54/93
  val   [#######################-----------------] 55/93
  val   [########################----------------] 56/93
  val   [########################----------------] 57/93
  val   [########################----------------] 58/93
  val   [#########################---------------] 59/93
  val   [#########################---------------] 60/93
  val   [##########################--------------] 61/93
  val   [##########################--------------] 62/93
  val   [###########################-------------] 63/93
  val   [###########################-------------] 64/93
  val   [###########################-------------] 65/93
  val   [############################------------] 66/93
  val   [############################------------] 67/93
  val   [#############################-----------] 68/93
  val   [#############################-----------] 69/93
  val   [##############################----------] 70/93
  val   [##############################----------] 71/93
  val   [##############################----------] 72/93
  val   [###############################---------] 73/93
  val   [###############################---------] 74/93
  val   [################################--------] 75/93
  val   [################################--------] 76/93
  val   [#################################-------] 77/93
  val   [#################################-------] 78/93
  val   [#################################-------] 79/93
  val   [##################################------] 80/93
  val   [##################################------] 81/93
  val   [###################################-----] 82/93
  val   [###################################-----] 83/93
  val   [####################################----] 84/93
  val   [####################################----] 85/93
  val   [####################################----] 86/93
  val   [#####################################---] 87/93
  val   [#####################################---] 88/93
  val   [######################################--] 89/93
  val   [######################################--] 90/93
  val   [#######################################-] 91/93
  val   [#######################################-] 92/93
  val   [########################################] 93/93
Epoch  10 | train_loss=0.0760 | val_loss=0.7616 | val_acc=0.8503
  train [----------------------------------------] 4/444  loss=0.0883
  train [----------------------------------------] 8/444  loss=0.1000
  train [#---------------------------------------] 12/444  loss=0.0890
  train [#---------------------------------------] 16/444  loss=0.0870
  train [#---------------------------------------] 20/444  loss=0.0889
  train [##--------------------------------------] 24/444  loss=0.0847
  train [##--------------------------------------] 28/444  loss=0.0832
  train [##--------------------------------------] 32/444  loss=0.0826
  train [###-------------------------------------] 36/444  loss=0.0777
  train [###-------------------------------------] 40/444  loss=0.0764
  train [###-------------------------------------] 44/444  loss=0.0739
  train [####------------------------------------] 48/444  loss=0.0729
  train [####------------------------------------] 52/444  loss=0.0725
  train [#####-----------------------------------] 56/444  loss=0.0756
  train [#####-----------------------------------] 60/444  loss=0.0747
  train [#####-----------------------------------] 64/444  loss=0.0741
  train [######----------------------------------] 68/444  loss=0.0719
  train [######----------------------------------] 72/444  loss=0.0727
  train [######----------------------------------] 76/444  loss=0.0717
  train [#######---------------------------------] 80/444  loss=0.0703
  train [#######---------------------------------] 84/444  loss=0.0689
  train [#######---------------------------------] 88/444  loss=0.0681
  train [########--------------------------------] 92/444  loss=0.0668
  train [########--------------------------------] 96/444  loss=0.0656
  train [#########-------------------------------] 100/444  loss=0.0650
  train [#########-------------------------------] 104/444  loss=0.0643
  train [#########-------------------------------] 108/444  loss=0.0646
  train [##########------------------------------] 112/444  loss=0.0640
  train [##########------------------------------] 116/444  loss=0.0634
  train [##########------------------------------] 120/444  loss=0.0630
  train [###########-----------------------------] 124/444  loss=0.0632
  train [###########-----------------------------] 128/444  loss=0.0630
  train [###########-----------------------------] 132/444  loss=0.0630
  train [############----------------------------] 136/444  loss=0.0625
  train [############----------------------------] 140/444  loss=0.0629
  train [############----------------------------] 144/444  loss=0.0619
  train [#############---------------------------] 148/444  loss=0.0615
  train [#############---------------------------] 152/444  loss=0.0611
  train [##############--------------------------] 156/444  loss=0.0604
  train [##############--------------------------] 160/444  loss=0.0605
  train [##############--------------------------] 164/444  loss=0.0599
  train [###############-------------------------] 168/444  loss=0.0602
  train [###############-------------------------] 172/444  loss=0.0607
  train [###############-------------------------] 176/444  loss=0.0607
  train [################------------------------] 180/444  loss=0.0601
  train [################------------------------] 184/444  loss=0.0595
  train [################------------------------] 188/444  loss=0.0587
  train [#################-----------------------] 192/444  loss=0.0589
  train [#################-----------------------] 196/444  loss=0.0591
  train [##################----------------------] 200/444  loss=0.0593
  train [##################----------------------] 204/444  loss=0.0596
  train [##################----------------------] 208/444  loss=0.0609
  train [###################---------------------] 212/444  loss=0.0612
  train [###################---------------------] 216/444  loss=0.0619
  train [###################---------------------] 220/444  loss=0.0620
  train [####################--------------------] 224/444  loss=0.0622
  train [####################--------------------] 228/444  loss=0.0619
  train [####################--------------------] 232/444  loss=0.0622
  train [#####################-------------------] 236/444  loss=0.0628
  train [#####################-------------------] 240/444  loss=0.0624
  train [#####################-------------------] 244/444  loss=0.0624
  train [######################------------------] 248/444  loss=0.0623
  train [######################------------------] 252/444  loss=0.0627
  train [#######################-----------------] 256/444  loss=0.0629
  train [#######################-----------------] 260/444  loss=0.0630
  train [#######################-----------------] 264/444  loss=0.0628
  train [########################----------------] 268/444  loss=0.0627
  train [########################----------------] 272/444  loss=0.0639
  train [########################----------------] 276/444  loss=0.0639
  train [#########################---------------] 280/444  loss=0.0638
  train [#########################---------------] 284/444  loss=0.0641
  train [#########################---------------] 288/444  loss=0.0644
  train [##########################--------------] 292/444  loss=0.0646
  train [##########################--------------] 296/444  loss=0.0647
  train [###########################-------------] 300/444  loss=0.0649
  train [###########################-------------] 304/444  loss=0.0650
  train [###########################-------------] 308/444  loss=0.0654
  train [############################------------] 312/444  loss=0.0656
  train [############################------------] 316/444  loss=0.0656
  train [############################------------] 320/444  loss=0.0655
  train [#############################-----------] 324/444  loss=0.0650
  train [#############################-----------] 328/444  loss=0.0661
  train [#############################-----------] 332/444  loss=0.0661
  train [##############################----------] 336/444  loss=0.0661
  train [##############################----------] 340/444  loss=0.0660
  train [##############################----------] 344/444  loss=0.0659
  train [###############################---------] 348/444  loss=0.0658
  train [###############################---------] 352/444  loss=0.0662
  train [################################--------] 356/444  loss=0.0662
  train [################################--------] 360/444  loss=0.0661
  train [################################--------] 364/444  loss=0.0659
  train [#################################-------] 368/444  loss=0.0656
  train [#################################-------] 372/444  loss=0.0658
  train [#################################-------] 376/444  loss=0.0658
  train [##################################------] 380/444  loss=0.0659
  train [##################################------] 384/444  loss=0.0659
  train [##################################------] 388/444  loss=0.0660
  train [###################################-----] 392/444  loss=0.0659
  train [###################################-----] 396/444  loss=0.0657
  train [####################################----] 400/444  loss=0.0658
  train [####################################----] 404/444  loss=0.0658
  train [####################################----] 408/444  loss=0.0657
  train [#####################################---] 412/444  loss=0.0658
  train [#####################################---] 416/444  loss=0.0659
  train [#####################################---] 420/444  loss=0.0658
  train [######################################--] 424/444  loss=0.0656
  train [######################################--] 428/444  loss=0.0656
  train [######################################--] 432/444  loss=0.0656
  train [#######################################-] 436/444  loss=0.0655
  train [#######################################-] 440/444  loss=0.0654
  train [########################################] 444/444  loss=0.0652
  val   [----------------------------------------] 1/93
  val   [----------------------------------------] 2/93
  val   [#---------------------------------------] 3/93
  val   [#---------------------------------------] 4/93
  val   [##--------------------------------------] 5/93
  val   [##--------------------------------------] 6/93
  val   [###-------------------------------------] 7/93
  val   [###-------------------------------------] 8/93
  val   [###-------------------------------------] 9/93
  val   [####------------------------------------] 10/93
  val   [####------------------------------------] 11/93
  val   [#####-----------------------------------] 12/93
  val   [#####-----------------------------------] 13/93
  val   [######----------------------------------] 14/93
  val   [######----------------------------------] 15/93
  val   [######----------------------------------] 16/93
  val   [#######---------------------------------] 17/93
  val   [#######---------------------------------] 18/93
  val   [########--------------------------------] 19/93
  val   [########--------------------------------] 20/93
  val   [#########-------------------------------] 21/93
  val   [#########-------------------------------] 22/93
  val   [#########-------------------------------] 23/93
  val   [##########------------------------------] 24/93
  val   [##########------------------------------] 25/93
  val   [###########-----------------------------] 26/93
  val   [###########-----------------------------] 27/93
  val   [############----------------------------] 28/93
  val   [############----------------------------] 29/93
  val   [############----------------------------] 30/93
  val   [#############---------------------------] 31/93
  val   [#############---------------------------] 32/93
  val   [##############--------------------------] 33/93
  val   [##############--------------------------] 34/93
  val   [###############-------------------------] 35/93
  val   [###############-------------------------] 36/93
  val   [###############-------------------------] 37/93
  val   [################------------------------] 38/93
  val   [################------------------------] 39/93
  val   [#################-----------------------] 40/93
  val   [#################-----------------------] 41/93
  val   [##################----------------------] 42/93
  val   [##################----------------------] 43/93
  val   [##################----------------------] 44/93
  val   [###################---------------------] 45/93
  val   [###################---------------------] 46/93
  val   [####################--------------------] 47/93
  val   [####################--------------------] 48/93
  val   [#####################-------------------] 49/93
  val   [#####################-------------------] 50/93
  val   [#####################-------------------] 51/93
  val   [######################------------------] 52/93
  val   [######################------------------] 53/93
  val   [#######################-----------------] 54/93
  val   [#######################-----------------] 55/93
  val   [########################----------------] 56/93
  val   [########################----------------] 57/93
  val   [########################----------------] 58/93
  val   [#########################---------------] 59/93
  val   [#########################---------------] 60/93
  val   [##########################--------------] 61/93
  val   [##########################--------------] 62/93
  val   [###########################-------------] 63/93
  val   [###########################-------------] 64/93
  val   [###########################-------------] 65/93
  val   [############################------------] 66/93
  val   [############################------------] 67/93
  val   [#############################-----------] 68/93
  val   [#############################-----------] 69/93
  val   [##############################----------] 70/93
  val   [##############################----------] 71/93
  val   [##############################----------] 72/93
  val   [###############################---------] 73/93
  val   [###############################---------] 74/93
  val   [################################--------] 75/93
  val   [################################--------] 76/93
  val   [#################################-------] 77/93
  val   [#################################-------] 78/93
  val   [#################################-------] 79/93
  val   [##################################------] 80/93
  val   [##################################------] 81/93
  val   [###################################-----] 82/93
  val   [###################################-----] 83/93
  val   [####################################----] 84/93
  val   [####################################----] 85/93
  val   [####################################----] 86/93
  val   [#####################################---] 87/93
  val   [#####################################---] 88/93
  val   [######################################--] 89/93
  val   [######################################--] 90/93
  val   [#######################################-] 91/93
  val   [#######################################-] 92/93
  val   [########################################] 93/93
Epoch  11 | train_loss=0.0654 | val_loss=0.7609 | val_acc=0.8554
  train [----------------------------------------] 4/444  loss=0.0688
  train [----------------------------------------] 8/444  loss=0.0478
  train [#---------------------------------------] 12/444  loss=0.0545
  train [#---------------------------------------] 16/444  loss=0.0632
  train [#---------------------------------------] 20/444  loss=0.0583
  train [##--------------------------------------] 24/444  loss=0.0585
  train [##--------------------------------------] 28/444  loss=0.0584
  train [##--------------------------------------] 32/444  loss=0.0573
  train [###-------------------------------------] 36/444  loss=0.0575
  train [###-------------------------------------] 40/444  loss=0.0572
  train [###-------------------------------------] 44/444  loss=0.0561
  train [####------------------------------------] 48/444  loss=0.0572
  train [####------------------------------------] 52/444  loss=0.0564
  train [#####-----------------------------------] 56/444  loss=0.0547
  train [#####-----------------------------------] 60/444  loss=0.0568
  train [#####-----------------------------------] 64/444  loss=0.0575
  train [######----------------------------------] 68/444  loss=0.0567
  train [######----------------------------------] 72/444  loss=0.0559
  train [######----------------------------------] 76/444  loss=0.0548
  train [#######---------------------------------] 80/444  loss=0.0539
  train [#######---------------------------------] 84/444  loss=0.0529
  train [#######---------------------------------] 88/444  loss=0.0527
  train [########--------------------------------] 92/444  loss=0.0561
  train [########--------------------------------] 96/444  loss=0.0565
  train [#########-------------------------------] 100/444  loss=0.0559
  train [#########-------------------------------] 104/444  loss=0.0554
  train [#########-------------------------------] 108/444  loss=0.0551
  train [##########------------------------------] 112/444  loss=0.0546
  train [##########------------------------------] 116/444  loss=0.0540
  train [##########------------------------------] 120/444  loss=0.0534
  train [###########-----------------------------] 124/444  loss=0.0535
  train [###########-----------------------------] 128/444  loss=0.0532
  train [###########-----------------------------] 132/444  loss=0.0524
  train [############----------------------------] 136/444  loss=0.0531
  train [############----------------------------] 140/444  loss=0.0523
  train [############----------------------------] 144/444  loss=0.0520
  train [#############---------------------------] 148/444  loss=0.0520
  train [#############---------------------------] 152/444  loss=0.0515
  train [##############--------------------------] 156/444  loss=0.0509
  train [##############--------------------------] 160/444  loss=0.0508
  train [##############--------------------------] 164/444  loss=0.0504
  train [###############-------------------------] 168/444  loss=0.0500
  train [###############-------------------------] 172/444  loss=0.0500
  train [###############-------------------------] 176/444  loss=0.0500
  train [################------------------------] 180/444  loss=0.0497
  train [################------------------------] 184/444  loss=0.0494
  train [################------------------------] 188/444  loss=0.0494
  train [#################-----------------------] 192/444  loss=0.0500
  train [#################-----------------------] 196/444  loss=0.0501
  train [##################----------------------] 200/444  loss=0.0501
  train [##################----------------------] 204/444  loss=0.0499
  train [##################----------------------] 208/444  loss=0.0502
  train [###################---------------------] 212/444  loss=0.0500
  train [###################---------------------] 216/444  loss=0.0498
  train [###################---------------------] 220/444  loss=0.0497
  train [####################--------------------] 224/444  loss=0.0498
  train [####################--------------------] 228/444  loss=0.0499
  train [####################--------------------] 232/444  loss=0.0497
  train [#####################-------------------] 236/444  loss=0.0499
  train [#####################-------------------] 240/444  loss=0.0497
  train [#####################-------------------] 244/444  loss=0.0498
  train [######################------------------] 248/444  loss=0.0500
  train [######################------------------] 252/444  loss=0.0500
  train [#######################-----------------] 256/444  loss=0.0505
  train [#######################-----------------] 260/444  loss=0.0503
  train [#######################-----------------] 264/444  loss=0.0505
  train [########################----------------] 268/444  loss=0.0506
  train [########################----------------] 272/444  loss=0.0502
  train [########################----------------] 276/444  loss=0.0502
  train [#########################---------------] 280/444  loss=0.0501
  train [#########################---------------] 284/444  loss=0.0502
  train [#########################---------------] 288/444  loss=0.0502
  train [##########################--------------] 292/444  loss=0.0510
  train [##########################--------------] 296/444  loss=0.0514
  train [###########################-------------] 300/444  loss=0.0516
  train [###########################-------------] 304/444  loss=0.0516
  train [###########################-------------] 308/444  loss=0.0515
  train [############################------------] 312/444  loss=0.0518
  train [############################------------] 316/444  loss=0.0521
  train [############################------------] 320/444  loss=0.0524
  train [#############################-----------] 324/444  loss=0.0524
  train [#############################-----------] 328/444  loss=0.0525
  train [#############################-----------] 332/444  loss=0.0527
  train [##############################----------] 336/444  loss=0.0527
  train [##############################----------] 340/444  loss=0.0528
  train [##############################----------] 344/444  loss=0.0530
  train [###############################---------] 348/444  loss=0.0528
  train [###############################---------] 352/444  loss=0.0526
  train [################################--------] 356/444  loss=0.0529
  train [################################--------] 360/444  loss=0.0532
  train [################################--------] 364/444  loss=0.0533
  train [#################################-------] 368/444  loss=0.0533
  train [#################################-------] 372/444  loss=0.0532
  train [#################################-------] 376/444  loss=0.0531
  train [##################################------] 380/444  loss=0.0531
  train [##################################------] 384/444  loss=0.0530
  train [##################################------] 388/444  loss=0.0531
  train [###################################-----] 392/444  loss=0.0528
  train [###################################-----] 396/444  loss=0.0529
  train [####################################----] 400/444  loss=0.0528
  train [####################################----] 404/444  loss=0.0525
  train [####################################----] 408/444  loss=0.0528
  train [#####################################---] 412/444  loss=0.0529
  train [#####################################---] 416/444  loss=0.0529
  train [#####################################---] 420/444  loss=0.0529
  train [######################################--] 424/444  loss=0.0530
  train [######################################--] 428/444  loss=0.0530
  train [######################################--] 432/444  loss=0.0528
  train [#######################################-] 436/444  loss=0.0527
  train [#######################################-] 440/444  loss=0.0527
  train [########################################] 444/444  loss=0.0527
  val   [----------------------------------------] 1/93
  val   [----------------------------------------] 2/93
  val   [#---------------------------------------] 3/93
  val   [#---------------------------------------] 4/93
  val   [##--------------------------------------] 5/93
  val   [##--------------------------------------] 6/93
  val   [###-------------------------------------] 7/93
  val   [###-------------------------------------] 8/93
  val   [###-------------------------------------] 9/93
  val   [####------------------------------------] 10/93
  val   [####------------------------------------] 11/93
  val   [#####-----------------------------------] 12/93
  val   [#####-----------------------------------] 13/93
  val   [######----------------------------------] 14/93
  val   [######----------------------------------] 15/93
  val   [######----------------------------------] 16/93
  val   [#######---------------------------------] 17/93
  val   [#######---------------------------------] 18/93
  val   [########--------------------------------] 19/93
  val   [########--------------------------------] 20/93
  val   [#########-------------------------------] 21/93
  val   [#########-------------------------------] 22/93
  val   [#########-------------------------------] 23/93
  val   [##########------------------------------] 24/93
  val   [##########------------------------------] 25/93
  val   [###########-----------------------------] 26/93
  val   [###########-----------------------------] 27/93
  val   [############----------------------------] 28/93
  val   [############----------------------------] 29/93
  val   [############----------------------------] 30/93
  val   [#############---------------------------] 31/93
  val   [#############---------------------------] 32/93
  val   [##############--------------------------] 33/93
  val   [##############--------------------------] 34/93
  val   [###############-------------------------] 35/93
  val   [###############-------------------------] 36/93
  val   [###############-------------------------] 37/93
  val   [################------------------------] 38/93
  val   [################------------------------] 39/93
  val   [#################-----------------------] 40/93
  val   [#################-----------------------] 41/93
  val   [##################----------------------] 42/93
  val   [##################----------------------] 43/93
  val   [##################----------------------] 44/93
  val   [###################---------------------] 45/93
  val   [###################---------------------] 46/93
  val   [####################--------------------] 47/93
  val   [####################--------------------] 48/93
  val   [#####################-------------------] 49/93
  val   [#####################-------------------] 50/93
  val   [#####################-------------------] 51/93
  val   [######################------------------] 52/93
  val   [######################------------------] 53/93
  val   [#######################-----------------] 54/93
  val   [#######################-----------------] 55/93
  val   [########################----------------] 56/93
  val   [########################----------------] 57/93
  val   [########################----------------] 58/93
  val   [#########################---------------] 59/93
  val   [#########################---------------] 60/93
  val   [##########################--------------] 61/93
  val   [##########################--------------] 62/93
  val   [###########################-------------] 63/93
  val   [###########################-------------] 64/93
  val   [###########################-------------] 65/93
  val   [############################------------] 66/93
  val   [############################------------] 67/93
  val   [#############################-----------] 68/93
  val   [#############################-----------] 69/93
  val   [##############################----------] 70/93
  val   [##############################----------] 71/93
  val   [##############################----------] 72/93
  val   [###############################---------] 73/93
  val   [###############################---------] 74/93
  val   [################################--------] 75/93
  val   [################################--------] 76/93
  val   [#################################-------] 77/93
  val   [#################################-------] 78/93
  val   [#################################-------] 79/93
  val   [##################################------] 80/93
  val   [##################################------] 81/93
  val   [###################################-----] 82/93
  val   [###################################-----] 83/93
  val   [####################################----] 84/93
  val   [####################################----] 85/93
  val   [####################################----] 86/93
  val   [#####################################---] 87/93
  val   [#####################################---] 88/93
  val   [######################################--] 89/93
  val   [######################################--] 90/93
  val   [#######################################-] 91/93
  val   [#######################################-] 92/93
  val   [########################################] 93/93
Epoch  12 | train_loss=0.0528 | val_loss=0.7769 | val_acc=0.8503
  train [----------------------------------------] 4/444  loss=0.0591
  train [----------------------------------------] 8/444  loss=0.0512
  train [#---------------------------------------] 12/444  loss=0.0494
  train [#---------------------------------------] 16/444  loss=0.0532
  train [#---------------------------------------] 20/444  loss=0.0530
  train [##--------------------------------------] 24/444  loss=0.0563
  train [##--------------------------------------] 28/444  loss=0.0510
  train [##--------------------------------------] 32/444  loss=0.0479
  train [###-------------------------------------] 36/444  loss=0.0463
  train [###-------------------------------------] 40/444  loss=0.0486
  train [###-------------------------------------] 44/444  loss=0.0516
  train [####------------------------------------] 48/444  loss=0.0500
  train [####------------------------------------] 52/444  loss=0.0496
  train [#####-----------------------------------] 56/444  loss=0.0503
  train [#####-----------------------------------] 60/444  loss=0.0491
  train [#####-----------------------------------] 64/444  loss=0.0502
  train [######----------------------------------] 68/444  loss=0.0499
  train [######----------------------------------] 72/444  loss=0.0504
  train [######----------------------------------] 76/444  loss=0.0508
  train [#######---------------------------------] 80/444  loss=0.0507
  train [#######---------------------------------] 84/444  loss=0.0507
  train [#######---------------------------------] 88/444  loss=0.0513
  train [########--------------------------------] 92/444  loss=0.0525
  train [########--------------------------------] 96/444  loss=0.0538
  train [#########-------------------------------] 100/444  loss=0.0549
  train [#########-------------------------------] 104/444  loss=0.0539
  train [#########-------------------------------] 108/444  loss=0.0535
  train [##########------------------------------] 112/444  loss=0.0537
  train [##########------------------------------] 116/444  loss=0.0535
  train [##########------------------------------] 120/444  loss=0.0533
  train [###########-----------------------------] 124/444  loss=0.0538
  train [###########-----------------------------] 128/444  loss=0.0530
  train [###########-----------------------------] 132/444  loss=0.0531
  train [############----------------------------] 136/444  loss=0.0541
  train [############----------------------------] 140/444  loss=0.0533
  train [############----------------------------] 144/444  loss=0.0531
  train [#############---------------------------] 148/444  loss=0.0532
  train [#############---------------------------] 152/444  loss=0.0530
  train [##############--------------------------] 156/444  loss=0.0532
  train [##############--------------------------] 160/444  loss=0.0528
  train [##############--------------------------] 164/444  loss=0.0527
  train [###############-------------------------] 168/444  loss=0.0526
  train [###############-------------------------] 172/444  loss=0.0532
  train [###############-------------------------] 176/444  loss=0.0527
  train [################------------------------] 180/444  loss=0.0527
  train [################------------------------] 184/444  loss=0.0529
  train [################------------------------] 188/444  loss=0.0525
  train [#################-----------------------] 192/444  loss=0.0521
  train [#################-----------------------] 196/444  loss=0.0519
  train [##################----------------------] 200/444  loss=0.0518
  train [##################----------------------] 204/444  loss=0.0516
  train [##################----------------------] 208/444  loss=0.0514
  train [###################---------------------] 212/444  loss=0.0514
  train [###################---------------------] 216/444  loss=0.0508
  train [###################---------------------] 220/444  loss=0.0507
  train [####################--------------------] 224/444  loss=0.0505
  train [####################--------------------] 228/444  loss=0.0502
  train [####################--------------------] 232/444  loss=0.0500
  train [#####################-------------------] 236/444  loss=0.0500
  train [#####################-------------------] 240/444  loss=0.0503
  train [#####################-------------------] 244/444  loss=0.0502
  train [######################------------------] 248/444  loss=0.0503
  train [######################------------------] 252/444  loss=0.0503
  train [#######################-----------------] 256/444  loss=0.0502
  train [#######################-----------------] 260/444  loss=0.0500
  train [#######################-----------------] 264/444  loss=0.0500
  train [########################----------------] 268/444  loss=0.0499
  train [########################----------------] 272/444  loss=0.0499
  train [########################----------------] 276/444  loss=0.0496
  train [#########################---------------] 280/444  loss=0.0497
  train [#########################---------------] 284/444  loss=0.0493
  train [#########################---------------] 288/444  loss=0.0496
  train [##########################--------------] 292/444  loss=0.0495
  train [##########################--------------] 296/444  loss=0.0492
  train [###########################-------------] 300/444  loss=0.0492
  train [###########################-------------] 304/444  loss=0.0491
  train [###########################-------------] 308/444  loss=0.0489
  train [############################------------] 312/444  loss=0.0493
  train [############################------------] 316/444  loss=0.0491
  train [############################------------] 320/444  loss=0.0492
  train [#############################-----------] 324/444  loss=0.0493
  train [#############################-----------] 328/444  loss=0.0493
  train [#############################-----------] 332/444  loss=0.0492
  train [##############################----------] 336/444  loss=0.0490
  train [##############################----------] 340/444  loss=0.0490
  train [##############################----------] 344/444  loss=0.0486
  train [###############################---------] 348/444  loss=0.0486
  train [###############################---------] 352/444  loss=0.0489
  train [################################--------] 356/444  loss=0.0488
  train [################################--------] 360/444  loss=0.0488
  train [################################--------] 364/444  loss=0.0490
  train [#################################-------] 368/444  loss=0.0490
  train [#################################-------] 372/444  loss=0.0488
  train [#################################-------] 376/444  loss=0.0486
  train [##################################------] 380/444  loss=0.0486
  train [##################################------] 384/444  loss=0.0488
  train [##################################------] 388/444  loss=0.0491
  train [###################################-----] 392/444  loss=0.0496
  train [###################################-----] 396/444  loss=0.0497
  train [####################################----] 400/444  loss=0.0496
  train [####################################----] 404/444  loss=0.0496
  train [####################################----] 408/444  loss=0.0495
  train [#####################################---] 412/444  loss=0.0492
  train [#####################################---] 416/444  loss=0.0495
  train [#####################################---] 420/444  loss=0.0496
  train [######################################--] 424/444  loss=0.0494
  train [######################################--] 428/444  loss=0.0497
  train [######################################--] 432/444  loss=0.0496
  train [#######################################-] 436/444  loss=0.0498
  train [#######################################-] 440/444  loss=0.0497
  train [########################################] 444/444  loss=0.0499
  val   [----------------------------------------] 1/93
  val   [----------------------------------------] 2/93
  val   [#---------------------------------------] 3/93
  val   [#---------------------------------------] 4/93
  val   [##--------------------------------------] 5/93
  val   [##--------------------------------------] 6/93
  val   [###-------------------------------------] 7/93
  val   [###-------------------------------------] 8/93
  val   [###-------------------------------------] 9/93
  val   [####------------------------------------] 10/93
  val   [####------------------------------------] 11/93
  val   [#####-----------------------------------] 12/93
  val   [#####-----------------------------------] 13/93
  val   [######----------------------------------] 14/93
  val   [######----------------------------------] 15/93
  val   [######----------------------------------] 16/93
  val   [#######---------------------------------] 17/93
  val   [#######---------------------------------] 18/93
  val   [########--------------------------------] 19/93
  val   [########--------------------------------] 20/93
  val   [#########-------------------------------] 21/93
  val   [#########-------------------------------] 22/93
  val   [#########-------------------------------] 23/93
  val   [##########------------------------------] 24/93
  val   [##########------------------------------] 25/93
  val   [###########-----------------------------] 26/93
  val   [###########-----------------------------] 27/93
  val   [############----------------------------] 28/93
  val   [############----------------------------] 29/93
  val   [############----------------------------] 30/93
  val   [#############---------------------------] 31/93
  val   [#############---------------------------] 32/93
  val   [##############--------------------------] 33/93
  val   [##############--------------------------] 34/93
  val   [###############-------------------------] 35/93
  val   [###############-------------------------] 36/93
  val   [###############-------------------------] 37/93
  val   [################------------------------] 38/93
  val   [################------------------------] 39/93
  val   [#################-----------------------] 40/93
  val   [#################-----------------------] 41/93
  val   [##################----------------------] 42/93
  val   [##################----------------------] 43/93
  val   [##################----------------------] 44/93
  val   [###################---------------------] 45/93
  val   [###################---------------------] 46/93
  val   [####################--------------------] 47/93
  val   [####################--------------------] 48/93
  val   [#####################-------------------] 49/93
  val   [#####################-------------------] 50/93
  val   [#####################-------------------] 51/93
  val   [######################------------------] 52/93
  val   [######################------------------] 53/93
  val   [#######################-----------------] 54/93
  val   [#######################-----------------] 55/93
  val   [########################----------------] 56/93
  val   [########################----------------] 57/93
  val   [########################----------------] 58/93
  val   [#########################---------------] 59/93
  val   [#########################---------------] 60/93
  val   [##########################--------------] 61/93
  val   [##########################--------------] 62/93
  val   [###########################-------------] 63/93
  val   [###########################-------------] 64/93
  val   [###########################-------------] 65/93
  val   [############################------------] 66/93
  val   [############################------------] 67/93
  val   [#############################-----------] 68/93
  val   [#############################-----------] 69/93
  val   [##############################----------] 70/93
  val   [##############################----------] 71/93
  val   [##############################----------] 72/93
  val   [###############################---------] 73/93
  val   [###############################---------] 74/93
  val   [################################--------] 75/93
  val   [################################--------] 76/93
  val   [#################################-------] 77/93
  val   [#################################-------] 78/93
  val   [#################################-------] 79/93
  val   [##################################------] 80/93
  val   [##################################------] 81/93
  val   [###################################-----] 82/93
  val   [###################################-----] 83/93
  val   [####################################----] 84/93
  val   [####################################----] 85/93
  val   [####################################----] 86/93
  val   [#####################################---] 87/93
  val   [#####################################---] 88/93
  val   [######################################--] 89/93
  val   [######################################--] 90/93
  val   [#######################################-] 91/93
  val   [#######################################-] 92/93
  val   [########################################] 93/93
Epoch  13 | train_loss=0.0500 | val_loss=0.7906 | val_acc=0.8522
Early stopping at epoch 13 (no improvement for 5 epochs)

Done. Results in /zfsstore/courses/2025-2026/4343MMEBX/Group6/results/early_fusion_resnet50/
Loading datasets...
Classes: 317, total samples: 40902
Discarded 247 species (1087 records) below MIN_GBIFIDS=10
Building model and loading best.pt...
Running inference on test set...
  inference [----------------------------------------] 1/104
  inference [----------------------------------------] 2/104
  inference [#---------------------------------------] 3/104
  inference [#---------------------------------------] 4/104
  inference [#---------------------------------------] 5/104
  inference [##--------------------------------------] 6/104
  inference [##--------------------------------------] 7/104
  inference [###-------------------------------------] 8/104
  inference [###-------------------------------------] 9/104
  inference [###-------------------------------------] 10/104
  inference [####------------------------------------] 11/104
  inference [####------------------------------------] 12/104
  inference [#####-----------------------------------] 13/104
  inference [#####-----------------------------------] 14/104
  inference [#####-----------------------------------] 15/104
  inference [######----------------------------------] 16/104
  inference [######----------------------------------] 17/104
  inference [######----------------------------------] 18/104
  inference [#######---------------------------------] 19/104
  inference [#######---------------------------------] 20/104
  inference [########--------------------------------] 21/104
  inference [########--------------------------------] 22/104
  inference [########--------------------------------] 23/104
  inference [#########-------------------------------] 24/104
  inference [#########-------------------------------] 25/104
  inference [##########------------------------------] 26/104
  inference [##########------------------------------] 27/104
  inference [##########------------------------------] 28/104
  inference [###########-----------------------------] 29/104
  inference [###########-----------------------------] 30/104
  inference [###########-----------------------------] 31/104
  inference [############----------------------------] 32/104
  inference [############----------------------------] 33/104
  inference [#############---------------------------] 34/104
  inference [#############---------------------------] 35/104
  inference [#############---------------------------] 36/104
  inference [##############--------------------------] 37/104
  inference [##############--------------------------] 38/104
  inference [###############-------------------------] 39/104
  inference [###############-------------------------] 40/104
  inference [###############-------------------------] 41/104
  inference [################------------------------] 42/104
  inference [################------------------------] 43/104
  inference [################------------------------] 44/104
  inference [#################-----------------------] 45/104
  inference [#################-----------------------] 46/104
  inference [##################----------------------] 47/104
  inference [##################----------------------] 48/104
  inference [##################----------------------] 49/104
  inference [###################---------------------] 50/104
  inference [###################---------------------] 51/104
  inference [####################--------------------] 52/104
  inference [####################--------------------] 53/104
  inference [####################--------------------] 54/104
  inference [#####################-------------------] 55/104
  inference [#####################-------------------] 56/104
  inference [#####################-------------------] 57/104
  inference [######################------------------] 58/104
  inference [######################------------------] 59/104
  inference [#######################-----------------] 60/104
  inference [#######################-----------------] 61/104
  inference [#######################-----------------] 62/104
  inference [########################----------------] 63/104
  inference [########################----------------] 64/104
  inference [#########################---------------] 65/104
  inference [#########################---------------] 66/104
  inference [#########################---------------] 67/104
  inference [##########################--------------] 68/104
  inference [##########################--------------] 69/104
  inference [##########################--------------] 70/104
  inference [###########################-------------] 71/104
  inference [###########################-------------] 72/104
  inference [############################------------] 73/104
  inference [############################------------] 74/104
  inference [############################------------] 75/104
  inference [#############################-----------] 76/104
  inference [#############################-----------] 77/104
  inference [##############################----------] 78/104
  inference [##############################----------] 79/104
  inference [##############################----------] 80/104
  inference [###############################---------] 81/104
  inference [###############################---------] 82/104
  inference [###############################---------] 83/104
  inference [################################--------] 84/104
  inference [################################--------] 85/104
  inference [#################################-------] 86/104
  inference [#################################-------] 87/104
  inference [#################################-------] 88/104
  inference [##################################------] 89/104
  inference [##################################------] 90/104
  inference [###################################-----] 91/104
  inference [###################################-----] 92/104
  inference [###################################-----] 93/104
  inference [####################################----] 94/104
  inference [####################################----] 95/104
  inference [####################################----] 96/104
  inference [#####################################---] 97/104
  inference [#####################################---] 98/104
  inference [######################################--] 99/104
  inference [######################################--] 100/104
  inference [######################################--] 101/104
  inference [#######################################-] 102/104
  inference [#######################################-] 103/104
  inference [########################################] 104/104
Macro-F1 (overall): 0.7644
  rare  : 0.7812
  medium: 0.8495
  common: 0.9026
Metrics saved to /zfsstore/courses/2025-2026/4343MMEBX/Group6/results/early_fusion_resnet50/metrics.json
