  failed 3449987949_Preview001.jpg: <urlopen error timed out>
  failed 3449979074_Preview001.jpg: <urlopen error timed out>
  failed 3449953358_Preview001.jpg: <urlopen error timed out>
  failed 3449943128_Preview001.jpg: <urlopen error timed out>
  failed 3449934212_Preview001.jpg: <urlopen error timed out>
Loaded 32095 occurrence records
Total multimedia rows: 42152

Done. total=42006, downloaded=0, skipped=42001, errors=5
Warning: You are sending unauthenticated requests to the HF Hub. Please set a HF_TOKEN to enable higher rate limits and faster downloads.
WARNING:huggingface_hub.utils._http:Warning: You are sending unauthenticated requests to the HF Hub. Please set a HF_TOKEN to enable higher rate limits and faster downloads.
Device: cuda
Loading datasets...
Classes: 317, total samples: 40902
Discarded 247 species (1087 records) below MIN_GBIFIDS=10
Classes: 317 | train: 28370 | val: 5933
Building model...
Mixed precision (autocast + GradScaler) enabled
--resume set but no last.pt found; starting from scratch
BioCLIP backbone frozen for first 5 epochs
  train [----------------------------------------] 4/444  loss=5.7214
  train [----------------------------------------] 8/444  loss=5.6583
  train [#---------------------------------------] 12/444  loss=5.5896
  train [#---------------------------------------] 16/444  loss=5.5341
  train [#---------------------------------------] 20/444  loss=5.4593
  train [##--------------------------------------] 24/444  loss=5.4061
  train [##--------------------------------------] 28/444  loss=5.3459
  train [##--------------------------------------] 32/444  loss=5.2628
  train [###-------------------------------------] 36/444  loss=5.2002
  train [###-------------------------------------] 40/444  loss=5.1302
  train [###-------------------------------------] 44/444  loss=5.0678
  train [####------------------------------------] 48/444  loss=5.0005
  train [####------------------------------------] 52/444  loss=4.9487
  train [#####-----------------------------------] 56/444  loss=4.8801
  train [#####-----------------------------------] 60/444  loss=4.8412
  train [#####-----------------------------------] 64/444  loss=4.7883
  train [######----------------------------------] 68/444  loss=4.7401
  train [######----------------------------------] 72/444  loss=4.6880
  train [######----------------------------------] 76/444  loss=4.6410
  train [#######---------------------------------] 80/444  loss=4.6037
  train [#######---------------------------------] 84/444  loss=4.5598
  train [#######---------------------------------] 88/444  loss=4.5124
  train [########--------------------------------] 92/444  loss=4.4611
  train [########--------------------------------] 96/444  loss=4.4163
  train [#########-------------------------------] 100/444  loss=4.3634
  train [#########-------------------------------] 104/444  loss=4.3219
  train [#########-------------------------------] 108/444  loss=4.2667
  train [##########------------------------------] 112/444  loss=4.2314
  train [##########------------------------------] 116/444  loss=4.1877
  train [##########------------------------------] 120/444  loss=4.1442
  train [###########-----------------------------] 124/444  loss=4.0936
  train [###########-----------------------------] 128/444  loss=4.0619
  train [###########-----------------------------] 132/444  loss=4.0244
  train [############----------------------------] 136/444  loss=3.9827
  train [############----------------------------] 140/444  loss=3.9489
  train [############----------------------------] 144/444  loss=3.9091
  train [#############---------------------------] 148/444  loss=3.8687
  train [#############---------------------------] 152/444  loss=3.8331
  train [##############--------------------------] 156/444  loss=3.7951
  train [##############--------------------------] 160/444  loss=3.7564
  train [##############--------------------------] 164/444  loss=3.7207
  train [###############-------------------------] 168/444  loss=3.6882
  train [###############-------------------------] 172/444  loss=3.6563
  train [###############-------------------------] 176/444  loss=3.6199
  train [################------------------------] 180/444  loss=3.5912
  train [################------------------------] 184/444  loss=3.5647
  train [################------------------------] 188/444  loss=3.5333
  train [#################-----------------------] 192/444  loss=3.4995
  train [#################-----------------------] 196/444  loss=3.4701
  train [##################----------------------] 200/444  loss=3.4446
  train [##################----------------------] 204/444  loss=3.4122
  train [##################----------------------] 208/444  loss=3.3817
  train [###################---------------------] 212/444  loss=3.3559
  train [###################---------------------] 216/444  loss=3.3305
  train [###################---------------------] 220/444  loss=3.3025
  train [####################--------------------] 224/444  loss=3.2742
  train [####################--------------------] 228/444  loss=3.2483
  train [####################--------------------] 232/444  loss=3.2225
  train [#####################-------------------] 236/444  loss=3.1995
  train [#####################-------------------] 240/444  loss=3.1758
  train [#####################-------------------] 244/444  loss=3.1491
  train [######################------------------] 248/444  loss=3.1250
  train [######################------------------] 252/444  loss=3.1036
  train [#######################-----------------] 256/444  loss=3.0768
  train [#######################-----------------] 260/444  loss=3.0543
  train [#######################-----------------] 264/444  loss=3.0305
  train [########################----------------] 268/444  loss=3.0041
  train [########################----------------] 272/444  loss=2.9841
  train [########################----------------] 276/444  loss=2.9615
  train [#########################---------------] 280/444  loss=2.9399
  train [#########################---------------] 284/444  loss=2.9179
  train [#########################---------------] 288/444  loss=2.8970
  train [##########################--------------] 292/444  loss=2.8750
  train [##########################--------------] 296/444  loss=2.8544
  train [###########################-------------] 300/444  loss=2.8338
  train [###########################-------------] 304/444  loss=2.8142
  train [###########################-------------] 308/444  loss=2.7956
  train [############################------------] 312/444  loss=2.7767
  train [############################------------] 316/444  loss=2.7574
  train [############################------------] 320/444  loss=2.7384
  train [#############################-----------] 324/444  loss=2.7183
  train [#############################-----------] 328/444  loss=2.7018
  train [#############################-----------] 332/444  loss=2.6839
  train [##############################----------] 336/444  loss=2.6670
  train [##############################----------] 340/444  loss=2.6505
  train [##############################----------] 344/444  loss=2.6352
  train [###############################---------] 348/444  loss=2.6201
  train [###############################---------] 352/444  loss=2.6043
  train [################################--------] 356/444  loss=2.5913
  train [################################--------] 360/444  loss=2.5753
  train [################################--------] 364/444  loss=2.5614
  train [#################################-------] 368/444  loss=2.5455
  train [#################################-------] 372/444  loss=2.5306
  train [#################################-------] 376/444  loss=2.5163
  train [##################################------] 380/444  loss=2.5011
  train [##################################------] 384/444  loss=2.4859
  train [##################################------] 388/444  loss=2.4711
  train [###################################-----] 392/444  loss=2.4574
  train [###################################-----] 396/444  loss=2.4421
  train [####################################----] 400/444  loss=2.4277
  train [####################################----] 404/444  loss=2.4137
  train [####################################----] 408/444  loss=2.4008
  train [#####################################---] 412/444  loss=2.3873
  train [#####################################---] 416/444  loss=2.3746
  train [#####################################---] 420/444  loss=2.3634
  train [######################################--] 424/444  loss=2.3516
  train [######################################--] 428/444  loss=2.3386
  train [######################################--] 432/444  loss=2.3258
  train [#######################################-] 436/444  loss=2.3148
  train [#######################################-] 440/444  loss=2.3027
  train [########################################] 444/444  loss=2.2890
  val   [----------------------------------------] 1/93
  val   [----------------------------------------] 2/93
  val   [#---------------------------------------] 3/93
  val   [#---------------------------------------] 4/93
  val   [##--------------------------------------] 5/93
  val   [##--------------------------------------] 6/93
  val   [###-------------------------------------] 7/93
  val   [###-------------------------------------] 8/93
  val   [###-------------------------------------] 9/93
  val   [####------------------------------------] 10/93
  val   [####------------------------------------] 11/93
  val   [#####-----------------------------------] 12/93
  val   [#####-----------------------------------] 13/93
  val   [######----------------------------------] 14/93
  val   [######----------------------------------] 15/93
  val   [######----------------------------------] 16/93
  val   [#######---------------------------------] 17/93
  val   [#######---------------------------------] 18/93
  val   [########--------------------------------] 19/93
  val   [########--------------------------------] 20/93
  val   [#########-------------------------------] 21/93
  val   [#########-------------------------------] 22/93
  val   [#########-------------------------------] 23/93
  val   [##########------------------------------] 24/93
  val   [##########------------------------------] 25/93
  val   [###########-----------------------------] 26/93
  val   [###########-----------------------------] 27/93
  val   [############----------------------------] 28/93
  val   [############----------------------------] 29/93
  val   [############----------------------------] 30/93
  val   [#############---------------------------] 31/93
  val   [#############---------------------------] 32/93
  val   [##############--------------------------] 33/93
  val   [##############--------------------------] 34/93
  val   [###############-------------------------] 35/93
  val   [###############-------------------------] 36/93
  val   [###############-------------------------] 37/93
  val   [################------------------------] 38/93
  val   [################------------------------] 39/93
  val   [#################-----------------------] 40/93
  val   [#################-----------------------] 41/93
  val   [##################----------------------] 42/93
  val   [##################----------------------] 43/93
  val   [##################----------------------] 44/93
  val   [###################---------------------] 45/93
  val   [###################---------------------] 46/93
  val   [####################--------------------] 47/93
  val   [####################--------------------] 48/93
  val   [#####################-------------------] 49/93
  val   [#####################-------------------] 50/93
  val   [#####################-------------------] 51/93
  val   [######################------------------] 52/93
  val   [######################------------------] 53/93
  val   [#######################-----------------] 54/93
  val   [#######################-----------------] 55/93
  val   [########################----------------] 56/93
  val   [########################----------------] 57/93
  val   [########################----------------] 58/93
  val   [#########################---------------] 59/93
  val   [#########################---------------] 60/93
  val   [##########################--------------] 61/93
  val   [##########################--------------] 62/93
  val   [###########################-------------] 63/93
  val   [###########################-------------] 64/93
  val   [###########################-------------] 65/93
  val   [############################------------] 66/93
  val   [############################------------] 67/93
  val   [#############################-----------] 68/93
  val   [#############################-----------] 69/93
  val   [##############################----------] 70/93
  val   [##############################----------] 71/93
  val   [##############################----------] 72/93
  val   [###############################---------] 73/93
  val   [###############################---------] 74/93
  val   [################################--------] 75/93
  val   [################################--------] 76/93
  val   [#################################-------] 77/93
  val   [#################################-------] 78/93
  val   [#################################-------] 79/93
  val   [##################################------] 80/93
  val   [##################################------] 81/93
  val   [###################################-----] 82/93
  val   [###################################-----] 83/93
  val   [####################################----] 84/93
  val   [####################################----] 85/93
  val   [####################################----] 86/93
  val   [#####################################---] 87/93
  val   [#####################################---] 88/93
  val   [######################################--] 89/93
  val   [######################################--] 90/93
  val   [#######################################-] 91/93
  val   [#######################################-] 92/93
  val   [########################################] 93/93
Epoch   0 | train_loss=2.2927 | val_loss=0.8528 | val_acc=0.8861
  -> best model saved (val_loss=0.8528)
  train [----------------------------------------] 4/444  loss=0.8125
  train [----------------------------------------] 8/444  loss=0.7967
  train [#---------------------------------------] 12/444  loss=0.8349
  train [#---------------------------------------] 16/444  loss=0.8831
  train [#---------------------------------------] 20/444  loss=0.8774
  train [##--------------------------------------] 24/444  loss=0.8665
  train [##--------------------------------------] 28/444  loss=0.8655
  train [##--------------------------------------] 32/444  loss=0.8513
  train [###-------------------------------------] 36/444  loss=0.8486
  train [###-------------------------------------] 40/444  loss=0.8397
  train [###-------------------------------------] 44/444  loss=0.8316
  train [####------------------------------------] 48/444  loss=0.8241
  train [####------------------------------------] 52/444  loss=0.8172
  train [#####-----------------------------------] 56/444  loss=0.8244
  train [#####-----------------------------------] 60/444  loss=0.8159
  train [#####-----------------------------------] 64/444  loss=0.8121
  train [######----------------------------------] 68/444  loss=0.8119
  train [######----------------------------------] 72/444  loss=0.8026
  train [######----------------------------------] 76/444  loss=0.8004
  train [#######---------------------------------] 80/444  loss=0.7999
  train [#######---------------------------------] 84/444  loss=0.7964
  train [#######---------------------------------] 88/444  loss=0.7887
  train [########--------------------------------] 92/444  loss=0.7845
  train [########--------------------------------] 96/444  loss=0.7838
  train [#########-------------------------------] 100/444  loss=0.7801
  train [#########-------------------------------] 104/444  loss=0.7757
  train [#########-------------------------------] 108/444  loss=0.7737
  train [##########------------------------------] 112/444  loss=0.7732
  train [##########------------------------------] 116/444  loss=0.7703
  train [##########------------------------------] 120/444  loss=0.7699
  train [###########-----------------------------] 124/444  loss=0.7700
  train [###########-----------------------------] 128/444  loss=0.7698
  train [###########-----------------------------] 132/444  loss=0.7685
  train [############----------------------------] 136/444  loss=0.7671
  train [############----------------------------] 140/444  loss=0.7658
  train [############----------------------------] 144/444  loss=0.7648
  train [#############---------------------------] 148/444  loss=0.7645
  train [#############---------------------------] 152/444  loss=0.7651
  train [##############--------------------------] 156/444  loss=0.7649
  train [##############--------------------------] 160/444  loss=0.7646
  train [##############--------------------------] 164/444  loss=0.7625
  train [###############-------------------------] 168/444  loss=0.7635
  train [###############-------------------------] 172/444  loss=0.7621
  train [###############-------------------------] 176/444  loss=0.7600
  train [################------------------------] 180/444  loss=0.7583
  train [################------------------------] 184/444  loss=0.7551
  train [################------------------------] 188/444  loss=0.7518
  train [#################-----------------------] 192/444  loss=0.7531
  train [#################-----------------------] 196/444  loss=0.7530
  train [##################----------------------] 200/444  loss=0.7505
  train [##################----------------------] 204/444  loss=0.7472
  train [##################----------------------] 208/444  loss=0.7467
  train [###################---------------------] 212/444  loss=0.7448
  train [###################---------------------] 216/444  loss=0.7420
  train [###################---------------------] 220/444  loss=0.7401
  train [####################--------------------] 224/444  loss=0.7384
  train [####################--------------------] 228/444  loss=0.7378
  train [####################--------------------] 232/444  loss=0.7351
  train [#####################-------------------] 236/444  loss=0.7323
  train [#####################-------------------] 240/444  loss=0.7292
  train [#####################-------------------] 244/444  loss=0.7277
  train [######################------------------] 248/444  loss=0.7251
  train [######################------------------] 252/444  loss=0.7233
  train [#######################-----------------] 256/444  loss=0.7219
  train [#######################-----------------] 260/444  loss=0.7192
  train [#######################-----------------] 264/444  loss=0.7185
  train [########################----------------] 268/444  loss=0.7164
  train [########################----------------] 272/444  loss=0.7123
  train [########################----------------] 276/444  loss=0.7098
  train [#########################---------------] 280/444  loss=0.7084
  train [#########################---------------] 284/444  loss=0.7067
  train [#########################---------------] 288/444  loss=0.7050
  train [##########################--------------] 292/444  loss=0.7037
  train [##########################--------------] 296/444  loss=0.7010
  train [###########################-------------] 300/444  loss=0.6982
  train [###########################-------------] 304/444  loss=0.6969
  train [###########################-------------] 308/444  loss=0.6976
  train [############################------------] 312/444  loss=0.6962
  train [############################------------] 316/444  loss=0.6953
  train [############################------------] 320/444  loss=0.6934
  train [#############################-----------] 324/444  loss=0.6919
  train [#############################-----------] 328/444  loss=0.6903
  train [#############################-----------] 332/444  loss=0.6886
  train [##############################----------] 336/444  loss=0.6878
  train [##############################----------] 340/444  loss=0.6872
  train [##############################----------] 344/444  loss=0.6859
  train [###############################---------] 348/444  loss=0.6838
  train [###############################---------] 352/444  loss=0.6821
  train [################################--------] 356/444  loss=0.6810
  train [################################--------] 360/444  loss=0.6800
  train [################################--------] 364/444  loss=0.6785
  train [#################################-------] 368/444  loss=0.6774
  train [#################################-------] 372/444  loss=0.6751
  train [#################################-------] 376/444  loss=0.6737
  train [##################################------] 380/444  loss=0.6720
  train [##################################------] 384/444  loss=0.6712
  train [##################################------] 388/444  loss=0.6700
  train [###################################-----] 392/444  loss=0.6687
  train [###################################-----] 396/444  loss=0.6668
  train [####################################----] 400/444  loss=0.6657
  train [####################################----] 404/444  loss=0.6650
  train [####################################----] 408/444  loss=0.6633
  train [#####################################---] 412/444  loss=0.6620
  train [#####################################---] 416/444  loss=0.6608
  train [#####################################---] 420/444  loss=0.6591
  train [######################################--] 424/444  loss=0.6570
  train [######################################--] 428/444  loss=0.6567
  train [######################################--] 432/444  loss=0.6561
  train [#######################################-] 436/444  loss=0.6540
  train [#######################################-] 440/444  loss=0.6522
  train [########################################] 444/444  loss=0.6502
  val   [----------------------------------------] 1/93
  val   [----------------------------------------] 2/93
  val   [#---------------------------------------] 3/93
  val   [#---------------------------------------] 4/93
  val   [##--------------------------------------] 5/93
  val   [##--------------------------------------] 6/93
  val   [###-------------------------------------] 7/93
  val   [###-------------------------------------] 8/93
  val   [###-------------------------------------] 9/93
  val   [####------------------------------------] 10/93
  val   [####------------------------------------] 11/93
  val   [#####-----------------------------------] 12/93
  val   [#####-----------------------------------] 13/93
  val   [######----------------------------------] 14/93
  val   [######----------------------------------] 15/93
  val   [######----------------------------------] 16/93
  val   [#######---------------------------------] 17/93
  val   [#######---------------------------------] 18/93
  val   [########--------------------------------] 19/93
  val   [########--------------------------------] 20/93
  val   [#########-------------------------------] 21/93
  val   [#########-------------------------------] 22/93
  val   [#########-------------------------------] 23/93
  val   [##########------------------------------] 24/93
  val   [##########------------------------------] 25/93
  val   [###########-----------------------------] 26/93
  val   [###########-----------------------------] 27/93
  val   [############----------------------------] 28/93
  val   [############----------------------------] 29/93
  val   [############----------------------------] 30/93
  val   [#############---------------------------] 31/93
  val   [#############---------------------------] 32/93
  val   [##############--------------------------] 33/93
  val   [##############--------------------------] 34/93
  val   [###############-------------------------] 35/93
  val   [###############-------------------------] 36/93
  val   [###############-------------------------] 37/93
  val   [################------------------------] 38/93
  val   [################------------------------] 39/93
  val   [#################-----------------------] 40/93
  val   [#################-----------------------] 41/93
  val   [##################----------------------] 42/93
  val   [##################----------------------] 43/93
  val   [##################----------------------] 44/93
  val   [###################---------------------] 45/93
  val   [###################---------------------] 46/93
  val   [####################--------------------] 47/93
  val   [####################--------------------] 48/93
  val   [#####################-------------------] 49/93
  val   [#####################-------------------] 50/93
  val   [#####################-------------------] 51/93
  val   [######################------------------] 52/93
  val   [######################------------------] 53/93
  val   [#######################-----------------] 54/93
  val   [#######################-----------------] 55/93
  val   [########################----------------] 56/93
  val   [########################----------------] 57/93
  val   [########################----------------] 58/93
  val   [#########################---------------] 59/93
  val   [#########################---------------] 60/93
  val   [##########################--------------] 61/93
  val   [##########################--------------] 62/93
  val   [###########################-------------] 63/93
  val   [###########################-------------] 64/93
  val   [###########################-------------] 65/93
  val   [############################------------] 66/93
  val   [############################------------] 67/93
  val   [#############################-----------] 68/93
  val   [#############################-----------] 69/93
  val   [##############################----------] 70/93
  val   [##############################----------] 71/93
  val   [##############################----------] 72/93
  val   [###############################---------] 73/93
  val   [###############################---------] 74/93
  val   [################################--------] 75/93
  val   [################################--------] 76/93
  val   [#################################-------] 77/93
  val   [#################################-------] 78/93
  val   [#################################-------] 79/93
  val   [##################################------] 80/93
  val   [##################################------] 81/93
  val   [###################################-----] 82/93
  val   [###################################-----] 83/93
  val   [####################################----] 84/93
  val   [####################################----] 85/93
  val   [####################################----] 86/93
  val   [#####################################---] 87/93
  val   [#####################################---] 88/93
  val   [######################################--] 89/93
  val   [######################################--] 90/93
  val   [#######################################-] 91/93
  val   [#######################################-] 92/93
  val   [########################################] 93/93
Epoch   1 | train_loss=0.6513 | val_loss=0.5511 | val_acc=0.9056
  -> best model saved (val_loss=0.5511)
  train [----------------------------------------] 4/444  loss=0.4277
  train [----------------------------------------] 8/444  loss=0.4650
  train [#---------------------------------------] 12/444  loss=0.4822
  train [#---------------------------------------] 16/444  loss=0.4809
  train [#---------------------------------------] 20/444  loss=0.4752
  train [##--------------------------------------] 24/444  loss=0.4650
  train [##--------------------------------------] 28/444  loss=0.4701
  train [##--------------------------------------] 32/444  loss=0.4689
  train [###-------------------------------------] 36/444  loss=0.4581
  train [###-------------------------------------] 40/444  loss=0.4535
  train [###-------------------------------------] 44/444  loss=0.4522
  train [####------------------------------------] 48/444  loss=0.4524
  train [####------------------------------------] 52/444  loss=0.4478
  train [#####-----------------------------------] 56/444  loss=0.4478
  train [#####-----------------------------------] 60/444  loss=0.4483
  train [#####-----------------------------------] 64/444  loss=0.4488
  train [######----------------------------------] 68/444  loss=0.4449
  train [######----------------------------------] 72/444  loss=0.4416
  train [######----------------------------------] 76/444  loss=0.4383
  train [#######---------------------------------] 80/444  loss=0.4398
  train [#######---------------------------------] 84/444  loss=0.4393
  train [#######---------------------------------] 88/444  loss=0.4355
  train [########--------------------------------] 92/444  loss=0.4391
  train [########--------------------------------] 96/444  loss=0.4413
  train [#########-------------------------------] 100/444  loss=0.4425
  train [#########-------------------------------] 104/444  loss=0.4407
  train [#########-------------------------------] 108/444  loss=0.4449
  train [##########------------------------------] 112/444  loss=0.4423
  train [##########------------------------------] 116/444  loss=0.4393
  train [##########------------------------------] 120/444  loss=0.4406
  train [###########-----------------------------] 124/444  loss=0.4396
  train [###########-----------------------------] 128/444  loss=0.4370
  train [###########-----------------------------] 132/444  loss=0.4356
  train [############----------------------------] 136/444  loss=0.4366
  train [############----------------------------] 140/444  loss=0.4376
  train [############----------------------------] 144/444  loss=0.4364
  train [#############---------------------------] 148/444  loss=0.4368
  train [#############---------------------------] 152/444  loss=0.4355
  train [##############--------------------------] 156/444  loss=0.4372
  train [##############--------------------------] 160/444  loss=0.4364
  train [##############--------------------------] 164/444  loss=0.4361
  train [###############-------------------------] 168/444  loss=0.4364
  train [###############-------------------------] 172/444  loss=0.4375
  train [###############-------------------------] 176/444  loss=0.4365
  train [################------------------------] 180/444  loss=0.4343
  train [################------------------------] 184/444  loss=0.4335
  train [################------------------------] 188/444  loss=0.4336
  train [#################-----------------------] 192/444  loss=0.4339
  train [#################-----------------------] 196/444  loss=0.4315
  train [##################----------------------] 200/444  loss=0.4299
  train [##################----------------------] 204/444  loss=0.4280
  train [##################----------------------] 208/444  loss=0.4275
  train [###################---------------------] 212/444  loss=0.4270
  train [###################---------------------] 216/444  loss=0.4274
  train [###################---------------------] 220/444  loss=0.4265
  train [####################--------------------] 224/444  loss=0.4282
  train [####################--------------------] 228/444  loss=0.4257
  train [####################--------------------] 232/444  loss=0.4248
  train [#####################-------------------] 236/444  loss=0.4237
  train [#####################-------------------] 240/444  loss=0.4230
  train [#####################-------------------] 244/444  loss=0.4217
  train [######################------------------] 248/444  loss=0.4223
  train [######################------------------] 252/444  loss=0.4211
  train [#######################-----------------] 256/444  loss=0.4207
  train [#######################-----------------] 260/444  loss=0.4219
  train [#######################-----------------] 264/444  loss=0.4219
  train [########################----------------] 268/444  loss=0.4208
  train [########################----------------] 272/444  loss=0.4204
  train [########################----------------] 276/444  loss=0.4203
  train [#########################---------------] 280/444  loss=0.4201
  train [#########################---------------] 284/444  loss=0.4194
  train [#########################---------------] 288/444  loss=0.4187
  train [##########################--------------] 292/444  loss=0.4171
  train [##########################--------------] 296/444  loss=0.4170
  train [###########################-------------] 300/444  loss=0.4171
  train [###########################-------------] 304/444  loss=0.4165
  train [###########################-------------] 308/444  loss=0.4161
  train [############################------------] 312/444  loss=0.4153
  train [############################------------] 316/444  loss=0.4143
  train [############################------------] 320/444  loss=0.4134
  train [#############################-----------] 324/444  loss=0.4131
  train [#############################-----------] 328/444  loss=0.4141
  train [#############################-----------] 332/444  loss=0.4146
  train [##############################----------] 336/444  loss=0.4134
  train [##############################----------] 340/444  loss=0.4119
  train [##############################----------] 344/444  loss=0.4123
  train [###############################---------] 348/444  loss=0.4121
  train [###############################---------] 352/444  loss=0.4117
  train [################################--------] 356/444  loss=0.4112
  train [################################--------] 360/444  loss=0.4111
  train [################################--------] 364/444  loss=0.4105
  train [#################################-------] 368/444  loss=0.4105
  train [#################################-------] 372/444  loss=0.4104
  train [#################################-------] 376/444  loss=0.4100
  train [##################################------] 380/444  loss=0.4103
  train [##################################------] 384/444  loss=0.4096
  train [##################################------] 388/444  loss=0.4089
  train [###################################-----] 392/444  loss=0.4078
  train [###################################-----] 396/444  loss=0.4064
  train [####################################----] 400/444  loss=0.4057
  train [####################################----] 404/444  loss=0.4055
  train [####################################----] 408/444  loss=0.4059
  train [#####################################---] 412/444  loss=0.4060
  train [#####################################---] 416/444  loss=0.4065
  train [#####################################---] 420/444  loss=0.4068
  train [######################################--] 424/444  loss=0.4071
  train [######################################--] 428/444  loss=0.4063
  train [######################################--] 432/444  loss=0.4059
  train [#######################################-] 436/444  loss=0.4056
  train [#######################################-] 440/444  loss=0.4061
  train [########################################] 444/444  loss=0.4051
  val   [----------------------------------------] 1/93
  val   [----------------------------------------] 2/93
  val   [#---------------------------------------] 3/93
  val   [#---------------------------------------] 4/93
  val   [##--------------------------------------] 5/93
  val   [##--------------------------------------] 6/93
  val   [###-------------------------------------] 7/93
  val   [###-------------------------------------] 8/93
  val   [###-------------------------------------] 9/93
  val   [####------------------------------------] 10/93
  val   [####------------------------------------] 11/93
  val   [#####-----------------------------------] 12/93
  val   [#####-----------------------------------] 13/93
  val   [######----------------------------------] 14/93
  val   [######----------------------------------] 15/93
  val   [######----------------------------------] 16/93
  val   [#######---------------------------------] 17/93
  val   [#######---------------------------------] 18/93
  val   [########--------------------------------] 19/93
  val   [########--------------------------------] 20/93
  val   [#########-------------------------------] 21/93
  val   [#########-------------------------------] 22/93
  val   [#########-------------------------------] 23/93
  val   [##########------------------------------] 24/93
  val   [##########------------------------------] 25/93
  val   [###########-----------------------------] 26/93
  val   [###########-----------------------------] 27/93
  val   [############----------------------------] 28/93
  val   [############----------------------------] 29/93
  val   [############----------------------------] 30/93
  val   [#############---------------------------] 31/93
  val   [#############---------------------------] 32/93
  val   [##############--------------------------] 33/93
  val   [##############--------------------------] 34/93
  val   [###############-------------------------] 35/93
  val   [###############-------------------------] 36/93
  val   [###############-------------------------] 37/93
  val   [################------------------------] 38/93
  val   [################------------------------] 39/93
  val   [#################-----------------------] 40/93
  val   [#################-----------------------] 41/93
  val   [##################----------------------] 42/93
  val   [##################----------------------] 43/93
  val   [##################----------------------] 44/93
  val   [###################---------------------] 45/93
  val   [###################---------------------] 46/93
  val   [####################--------------------] 47/93
  val   [####################--------------------] 48/93
  val   [#####################-------------------] 49/93
  val   [#####################-------------------] 50/93
  val   [#####################-------------------] 51/93
  val   [######################------------------] 52/93
  val   [######################------------------] 53/93
  val   [#######################-----------------] 54/93
  val   [#######################-----------------] 55/93
  val   [########################----------------] 56/93
  val   [########################----------------] 57/93
  val   [########################----------------] 58/93
  val   [#########################---------------] 59/93
  val   [#########################---------------] 60/93
  val   [##########################--------------] 61/93
  val   [##########################--------------] 62/93
  val   [###########################-------------] 63/93
  val   [###########################-------------] 64/93
  val   [###########################-------------] 65/93
  val   [############################------------] 66/93
  val   [############################------------] 67/93
  val   [#############################-----------] 68/93
  val   [#############################-----------] 69/93
  val   [##############################----------] 70/93
  val   [##############################----------] 71/93
  val   [##############################----------] 72/93
  val   [###############################---------] 73/93
  val   [###############################---------] 74/93
  val   [################################--------] 75/93
  val   [################################--------] 76/93
  val   [#################################-------] 77/93
  val   [#################################-------] 78/93
  val   [#################################-------] 79/93
  val   [##################################------] 80/93
  val   [##################################------] 81/93
  val   [###################################-----] 82/93
  val   [###################################-----] 83/93
  val   [####################################----] 84/93
  val   [####################################----] 85/93
  val   [####################################----] 86/93
  val   [#####################################---] 87/93
  val   [#####################################---] 88/93
  val   [######################################--] 89/93
  val   [######################################--] 90/93
  val   [#######################################-] 91/93
  val   [#######################################-] 92/93
  val   [########################################] 93/93
Epoch   2 | train_loss=0.4058 | val_loss=0.4510 | val_acc=0.9156
  -> best model saved (val_loss=0.4510)
  train [----------------------------------------] 4/444  loss=0.2949
  train [----------------------------------------] 8/444  loss=0.3059
  train [#---------------------------------------] 12/444  loss=0.3047
  train [#---------------------------------------] 16/444  loss=0.3120
  train [#---------------------------------------] 20/444  loss=0.3070
  train [##--------------------------------------] 24/444  loss=0.2973
  train [##--------------------------------------] 28/444  loss=0.3242
  train [##--------------------------------------] 32/444  loss=0.3259
  train [###-------------------------------------] 36/444  loss=0.3262
  train [###-------------------------------------] 40/444  loss=0.3177
  train [###-------------------------------------] 44/444  loss=0.3162
  train [####------------------------------------] 48/444  loss=0.3197
  train [####------------------------------------] 52/444  loss=0.3222
  train [#####-----------------------------------] 56/444  loss=0.3239
  train [#####-----------------------------------] 60/444  loss=0.3225
  train [#####-----------------------------------] 64/444  loss=0.3184
  train [######----------------------------------] 68/444  loss=0.3188
  train [######----------------------------------] 72/444  loss=0.3187
  train [######----------------------------------] 76/444  loss=0.3175
  train [#######---------------------------------] 80/444  loss=0.3155
  train [#######---------------------------------] 84/444  loss=0.3156
  train [#######---------------------------------] 88/444  loss=0.3143
  train [########--------------------------------] 92/444  loss=0.3116
  train [########--------------------------------] 96/444  loss=0.3119
  train [#########-------------------------------] 100/444  loss=0.3133
  train [#########-------------------------------] 104/444  loss=0.3103
  train [#########-------------------------------] 108/444  loss=0.3119
  train [##########------------------------------] 112/444  loss=0.3118
  train [##########------------------------------] 116/444  loss=0.3115
  train [##########------------------------------] 120/444  loss=0.3136
  train [###########-----------------------------] 124/444  loss=0.3122
  train [###########-----------------------------] 128/444  loss=0.3125
  train [###########-----------------------------] 132/444  loss=0.3093
  train [############----------------------------] 136/444  loss=0.3076
  train [############----------------------------] 140/444  loss=0.3061
  train [############----------------------------] 144/444  loss=0.3059
  train [#############---------------------------] 148/444  loss=0.3050
  train [#############---------------------------] 152/444  loss=0.3039
  train [##############--------------------------] 156/444  loss=0.3024
  train [##############--------------------------] 160/444  loss=0.3014
  train [##############--------------------------] 164/444  loss=0.3017
  train [###############-------------------------] 168/444  loss=0.3018
  train [###############-------------------------] 172/444  loss=0.3025
  train [###############-------------------------] 176/444  loss=0.3016
  train [################------------------------] 180/444  loss=0.3011
  train [################------------------------] 184/444  loss=0.3031
  train [################------------------------] 188/444  loss=0.3024
  train [#################-----------------------] 192/444  loss=0.3045
  train [#################-----------------------] 196/444  loss=0.3037
  train [##################----------------------] 200/444  loss=0.3033
  train [##################----------------------] 204/444  loss=0.3036
  train [##################----------------------] 208/444  loss=0.3034
  train [###################---------------------] 212/444  loss=0.3027
  train [###################---------------------] 216/444  loss=0.3036
  train [###################---------------------] 220/444  loss=0.3037
  train [####################--------------------] 224/444  loss=0.3027
  train [####################--------------------] 228/444  loss=0.3038
  train [####################--------------------] 232/444  loss=0.3039
  train [#####################-------------------] 236/444  loss=0.3031
  train [#####################-------------------] 240/444  loss=0.3036
  train [#####################-------------------] 244/444  loss=0.3024
  train [######################------------------] 248/444  loss=0.3021
  train [######################------------------] 252/444  loss=0.3016
  train [#######################-----------------] 256/444  loss=0.3026
  train [#######################-----------------] 260/444  loss=0.3039
  train [#######################-----------------] 264/444  loss=0.3042
  train [########################----------------] 268/444  loss=0.3037
  train [########################----------------] 272/444  loss=0.3032
  train [########################----------------] 276/444  loss=0.3032
  train [#########################---------------] 280/444  loss=0.3032
  train [#########################---------------] 284/444  loss=0.3026
  train [#########################---------------] 288/444  loss=0.3044
  train [##########################--------------] 292/444  loss=0.3041
  train [##########################--------------] 296/444  loss=0.3037
  train [###########################-------------] 300/444  loss=0.3025
  train [###########################-------------] 304/444  loss=0.3019
  train [###########################-------------] 308/444  loss=0.3013
  train [############################------------] 312/444  loss=0.3009
  train [############################------------] 316/444  loss=0.3008
  train [############################------------] 320/444  loss=0.2998
  train [#############################-----------] 324/444  loss=0.2992
  train [#############################-----------] 328/444  loss=0.2981
  train [#############################-----------] 332/444  loss=0.2979
  train [##############################----------] 336/444  loss=0.2980
  train [##############################----------] 340/444  loss=0.2987
  train [##############################----------] 344/444  loss=0.2986
  train [###############################---------] 348/444  loss=0.2995
  train [###############################---------] 352/444  loss=0.2993
  train [################################--------] 356/444  loss=0.2995
  train [################################--------] 360/444  loss=0.2991
  train [################################--------] 364/444  loss=0.2989
  train [#################################-------] 368/444  loss=0.2984
  train [#################################-------] 372/444  loss=0.2972
  train [#################################-------] 376/444  loss=0.2970
  train [##################################------] 380/444  loss=0.2967
  train [##################################------] 384/444  loss=0.2967
  train [##################################------] 388/444  loss=0.2965
  train [###################################-----] 392/444  loss=0.2957
  train [###################################-----] 396/444  loss=0.2957
  train [####################################----] 400/444  loss=0.2962
  train [####################################----] 404/444  loss=0.2959
  train [####################################----] 408/444  loss=0.2967
  train [#####################################---] 412/444  loss=0.2967
  train [#####################################---] 416/444  loss=0.2960
  train [#####################################---] 420/444  loss=0.2966
  train [######################################--] 424/444  loss=0.2967
  train [######################################--] 428/444  loss=0.2976
  train [######################################--] 432/444  loss=0.2974
  train [#######################################-] 436/444  loss=0.2967
  train [#######################################-] 440/444  loss=0.2971
  train [########################################] 444/444  loss=0.2969
  val   [----------------------------------------] 1/93
  val   [----------------------------------------] 2/93
  val   [#---------------------------------------] 3/93
  val   [#---------------------------------------] 4/93
  val   [##--------------------------------------] 5/93
  val   [##--------------------------------------] 6/93
  val   [###-------------------------------------] 7/93
  val   [###-------------------------------------] 8/93
  val   [###-------------------------------------] 9/93
  val   [####------------------------------------] 10/93
  val   [####------------------------------------] 11/93
  val   [#####-----------------------------------] 12/93
  val   [#####-----------------------------------] 13/93
  val   [######----------------------------------] 14/93
  val   [######----------------------------------] 15/93
  val   [######----------------------------------] 16/93
  val   [#######---------------------------------] 17/93
  val   [#######---------------------------------] 18/93
  val   [########--------------------------------] 19/93
  val   [########--------------------------------] 20/93
  val   [#########-------------------------------] 21/93
  val   [#########-------------------------------] 22/93
  val   [#########-------------------------------] 23/93
  val   [##########------------------------------] 24/93
  val   [##########------------------------------] 25/93
  val   [###########-----------------------------] 26/93
  val   [###########-----------------------------] 27/93
  val   [############----------------------------] 28/93
  val   [############----------------------------] 29/93
  val   [############----------------------------] 30/93
  val   [#############---------------------------] 31/93
  val   [#############---------------------------] 32/93
  val   [##############--------------------------] 33/93
  val   [##############--------------------------] 34/93
  val   [###############-------------------------] 35/93
  val   [###############-------------------------] 36/93
  val   [###############-------------------------] 37/93
  val   [################------------------------] 38/93
  val   [################------------------------] 39/93
  val   [#################-----------------------] 40/93
  val   [#################-----------------------] 41/93
  val   [##################----------------------] 42/93
  val   [##################----------------------] 43/93
  val   [##################----------------------] 44/93
  val   [###################---------------------] 45/93
  val   [###################---------------------] 46/93
  val   [####################--------------------] 47/93
  val   [####################--------------------] 48/93
  val   [#####################-------------------] 49/93
  val   [#####################-------------------] 50/93
  val   [#####################-------------------] 51/93
  val   [######################------------------] 52/93
  val   [######################------------------] 53/93
  val   [#######################-----------------] 54/93
  val   [#######################-----------------] 55/93
  val   [########################----------------] 56/93
  val   [########################----------------] 57/93
  val   [########################----------------] 58/93
  val   [#########################---------------] 59/93
  val   [#########################---------------] 60/93
  val   [##########################--------------] 61/93
  val   [##########################--------------] 62/93
  val   [###########################-------------] 63/93
  val   [###########################-------------] 64/93
  val   [###########################-------------] 65/93
  val   [############################------------] 66/93
  val   [############################------------] 67/93
  val   [#############################-----------] 68/93
  val   [#############################-----------] 69/93
  val   [##############################----------] 70/93
  val   [##############################----------] 71/93
  val   [##############################----------] 72/93
  val   [###############################---------] 73/93
  val   [###############################---------] 74/93
  val   [################################--------] 75/93
  val   [################################--------] 76/93
  val   [#################################-------] 77/93
  val   [#################################-------] 78/93
  val   [#################################-------] 79/93
  val   [##################################------] 80/93
  val   [##################################------] 81/93
  val   [###################################-----] 82/93
  val   [###################################-----] 83/93
  val   [####################################----] 84/93
  val   [####################################----] 85/93
  val   [####################################----] 86/93
  val   [#####################################---] 87/93
  val   [#####################################---] 88/93
  val   [######################################--] 89/93
  val   [######################################--] 90/93
  val   [#######################################-] 91/93
  val   [#######################################-] 92/93
  val   [########################################] 93/93
Epoch   3 | train_loss=0.2973 | val_loss=0.4105 | val_acc=0.9196
  -> best model saved (val_loss=0.4105)
  train [----------------------------------------] 4/444  loss=0.2400
  train [----------------------------------------] 8/444  loss=0.2269
  train [#---------------------------------------] 12/444  loss=0.2278
  train [#---------------------------------------] 16/444  loss=0.2319
  train [#---------------------------------------] 20/444  loss=0.2339
  train [##--------------------------------------] 24/444  loss=0.2357
  train [##--------------------------------------] 28/444  loss=0.2333
  train [##--------------------------------------] 32/444  loss=0.2375
  train [###-------------------------------------] 36/444  loss=0.2428
  train [###-------------------------------------] 40/444  loss=0.2437
  train [###-------------------------------------] 44/444  loss=0.2451
  train [####------------------------------------] 48/444  loss=0.2399
  train [####------------------------------------] 52/444  loss=0.2413
  train [#####-----------------------------------] 56/444  loss=0.2373
  train [#####-----------------------------------] 60/444  loss=0.2391
  train [#####-----------------------------------] 64/444  loss=0.2400
  train [######----------------------------------] 68/444  loss=0.2411
  train [######----------------------------------] 72/444  loss=0.2378
  train [######----------------------------------] 76/444  loss=0.2400
  train [#######---------------------------------] 80/444  loss=0.2390
  train [#######---------------------------------] 84/444  loss=0.2386
  train [#######---------------------------------] 88/444  loss=0.2388
  train [########--------------------------------] 92/444  loss=0.2374
  train [########--------------------------------] 96/444  loss=0.2358
  train [#########-------------------------------] 100/444  loss=0.2364
  train [#########-------------------------------] 104/444  loss=0.2381
  train [#########-------------------------------] 108/444  loss=0.2384
  train [##########------------------------------] 112/444  loss=0.2396
  train [##########------------------------------] 116/444  loss=0.2405
  train [##########------------------------------] 120/444  loss=0.2389
  train [###########-----------------------------] 124/444  loss=0.2381
  train [###########-----------------------------] 128/444  loss=0.2360
  train [###########-----------------------------] 132/444  loss=0.2369
  train [############----------------------------] 136/444  loss=0.2376
  train [############----------------------------] 140/444  loss=0.2392
  train [############----------------------------] 144/444  loss=0.2388
  train [#############---------------------------] 148/444  loss=0.2395
  train [#############---------------------------] 152/444  loss=0.2400
  train [##############--------------------------] 156/444  loss=0.2404
  train [##############--------------------------] 160/444  loss=0.2411
  train [##############--------------------------] 164/444  loss=0.2417
  train [###############-------------------------] 168/444  loss=0.2421
  train [###############-------------------------] 172/444  loss=0.2426
  train [###############-------------------------] 176/444  loss=0.2422
  train [################------------------------] 180/444  loss=0.2416
  train [################------------------------] 184/444  loss=0.2415
  train [################------------------------] 188/444  loss=0.2431
  train [#################-----------------------] 192/444  loss=0.2418
  train [#################-----------------------] 196/444  loss=0.2419
  train [##################----------------------] 200/444  loss=0.2412
  train [##################----------------------] 204/444  loss=0.2409
  train [##################----------------------] 208/444  loss=0.2407
  train [###################---------------------] 212/444  loss=0.2403
  train [###################---------------------] 216/444  loss=0.2390
  train [###################---------------------] 220/444  loss=0.2389
  train [####################--------------------] 224/444  loss=0.2388
  train [####################--------------------] 228/444  loss=0.2392
  train [####################--------------------] 232/444  loss=0.2406
  train [#####################-------------------] 236/444  loss=0.2411
  train [#####################-------------------] 240/444  loss=0.2409
  train [#####################-------------------] 244/444  loss=0.2398
  train [######################------------------] 248/444  loss=0.2402
  train [######################------------------] 252/444  loss=0.2402
  train [#######################-----------------] 256/444  loss=0.2396
  train [#######################-----------------] 260/444  loss=0.2402
  train [#######################-----------------] 264/444  loss=0.2391
  train [########################----------------] 268/444  loss=0.2405
  train [########################----------------] 272/444  loss=0.2404
  train [########################----------------] 276/444  loss=0.2410
  train [#########################---------------] 280/444  loss=0.2411
  train [#########################---------------] 284/444  loss=0.2410
  train [#########################---------------] 288/444  loss=0.2407
  train [##########################--------------] 292/444  loss=0.2407
  train [##########################--------------] 296/444  loss=0.2404
  train [###########################-------------] 300/444  loss=0.2400
  train [###########################-------------] 304/444  loss=0.2398
  train [###########################-------------] 308/444  loss=0.2395
  train [############################------------] 312/444  loss=0.2392
  train [############################------------] 316/444  loss=0.2392
  train [############################------------] 320/444  loss=0.2382
  train [#############################-----------] 324/444  loss=0.2387
  train [#############################-----------] 328/444  loss=0.2388
  train [#############################-----------] 332/444  loss=0.2389
  train [##############################----------] 336/444  loss=0.2394
  train [##############################----------] 340/444  loss=0.2401
  train [##############################----------] 344/444  loss=0.2395
  train [###############################---------] 348/444  loss=0.2391
  train [###############################---------] 352/444  loss=0.2390
  train [################################--------] 356/444  loss=0.2385
  train [################################--------] 360/444  loss=0.2381
  train [################################--------] 364/444  loss=0.2386
  train [#################################-------] 368/444  loss=0.2389
  train [#################################-------] 372/444  loss=0.2385
  train [#################################-------] 376/444  loss=0.2391
  train [##################################------] 380/444  loss=0.2390
  train [##################################------] 384/444  loss=0.2389
  train [##################################------] 388/444  loss=0.2385
  train [###################################-----] 392/444  loss=0.2383
  train [###################################-----] 396/444  loss=0.2385
  train [####################################----] 400/444  loss=0.2384
  train [####################################----] 404/444  loss=0.2386
  train [####################################----] 408/444  loss=0.2383
  train [#####################################---] 412/444  loss=0.2381
  train [#####################################---] 416/444  loss=0.2373
  train [#####################################---] 420/444  loss=0.2377
  train [######################################--] 424/444  loss=0.2372
  train [######################################--] 428/444  loss=0.2371
  train [######################################--] 432/444  loss=0.2368
  train [#######################################-] 436/444  loss=0.2370
  train [#######################################-] 440/444  loss=0.2372
  train [########################################] 444/444  loss=0.2369
  val   [----------------------------------------] 1/93
  val   [----------------------------------------] 2/93
  val   [#---------------------------------------] 3/93
  val   [#---------------------------------------] 4/93
  val   [##--------------------------------------] 5/93
  val   [##--------------------------------------] 6/93
  val   [###-------------------------------------] 7/93
  val   [###-------------------------------------] 8/93
  val   [###-------------------------------------] 9/93
  val   [####------------------------------------] 10/93
  val   [####------------------------------------] 11/93
  val   [#####-----------------------------------] 12/93
  val   [#####-----------------------------------] 13/93
  val   [######----------------------------------] 14/93
  val   [######----------------------------------] 15/93
  val   [######----------------------------------] 16/93
  val   [#######---------------------------------] 17/93
  val   [#######---------------------------------] 18/93
  val   [########--------------------------------] 19/93
  val   [########--------------------------------] 20/93
  val   [#########-------------------------------] 21/93
  val   [#########-------------------------------] 22/93
  val   [#########-------------------------------] 23/93
  val   [##########------------------------------] 24/93
  val   [##########------------------------------] 25/93
  val   [###########-----------------------------] 26/93
  val   [###########-----------------------------] 27/93
  val   [############----------------------------] 28/93
  val   [############----------------------------] 29/93
  val   [############----------------------------] 30/93
  val   [#############---------------------------] 31/93
  val   [#############---------------------------] 32/93
  val   [##############--------------------------] 33/93
  val   [##############--------------------------] 34/93
  val   [###############-------------------------] 35/93
  val   [###############-------------------------] 36/93
  val   [###############-------------------------] 37/93
  val   [################------------------------] 38/93
  val   [################------------------------] 39/93
  val   [#################-----------------------] 40/93
  val   [#################-----------------------] 41/93
  val   [##################----------------------] 42/93
  val   [##################----------------------] 43/93
  val   [##################----------------------] 44/93
  val   [###################---------------------] 45/93
  val   [###################---------------------] 46/93
  val   [####################--------------------] 47/93
  val   [####################--------------------] 48/93
  val   [#####################-------------------] 49/93
  val   [#####################-------------------] 50/93
  val   [#####################-------------------] 51/93
  val   [######################------------------] 52/93
  val   [######################------------------] 53/93
  val   [#######################-----------------] 54/93
  val   [#######################-----------------] 55/93
  val   [########################----------------] 56/93
  val   [########################----------------] 57/93
  val   [########################----------------] 58/93
  val   [#########################---------------] 59/93
  val   [#########################---------------] 60/93
  val   [##########################--------------] 61/93
  val   [##########################--------------] 62/93
  val   [###########################-------------] 63/93
  val   [###########################-------------] 64/93
  val   [###########################-------------] 65/93
  val   [############################------------] 66/93
  val   [############################------------] 67/93
  val   [#############################-----------] 68/93
  val   [#############################-----------] 69/93
  val   [##############################----------] 70/93
  val   [##############################----------] 71/93
  val   [##############################----------] 72/93
  val   [###############################---------] 73/93
  val   [###############################---------] 74/93
  val   [################################--------] 75/93
  val   [################################--------] 76/93
  val   [#################################-------] 77/93
  val   [#################################-------] 78/93
  val   [#################################-------] 79/93
  val   [##################################------] 80/93
  val   [##################################------] 81/93
  val   [###################################-----] 82/93
  val   [###################################-----] 83/93
  val   [####################################----] 84/93
  val   [####################################----] 85/93
  val   [####################################----] 86/93
  val   [#####################################---] 87/93
  val   [#####################################---] 88/93
  val   [######################################--] 89/93
  val   [######################################--] 90/93
  val   [#######################################-] 91/93
  val   [#######################################-] 92/93
  val   [########################################] 93/93
Epoch   4 | train_loss=0.2373 | val_loss=0.3743 | val_acc=0.9236
  -> best model saved (val_loss=0.3743)
Epoch 5: BioCLIP backbone unfrozen
  train [----------------------------------------] 4/444  loss=0.2447
  train [----------------------------------------] 8/444  loss=0.2362
  train [#---------------------------------------] 12/444  loss=0.2164
  train [#---------------------------------------] 16/444  loss=0.2012
  train [#---------------------------------------] 20/444  loss=0.2004
  train [##--------------------------------------] 24/444  loss=0.1949
  train [##--------------------------------------] 28/444  loss=0.1879
  train [##--------------------------------------] 32/444  loss=0.1855
  train [###-------------------------------------] 36/444  loss=0.1818
  train [###-------------------------------------] 40/444  loss=0.1911
  train [###-------------------------------------] 44/444  loss=0.1862
  train [####------------------------------------] 48/444  loss=0.1875
  train [####------------------------------------] 52/444  loss=0.1880
  train [#####-----------------------------------] 56/444  loss=0.1880
  train [#####-----------------------------------] 60/444  loss=0.1887
  train [#####-----------------------------------] 64/444  loss=0.1849
  train [######----------------------------------] 68/444  loss=0.1890
  train [######----------------------------------] 72/444  loss=0.1897
  train [######----------------------------------] 76/444  loss=0.1862
  train [#######---------------------------------] 80/444  loss=0.1903
  train [#######---------------------------------] 84/444  loss=0.1900
  train [#######---------------------------------] 88/444  loss=0.1902
  train [########--------------------------------] 92/444  loss=0.1918
  train [########--------------------------------] 96/444  loss=0.1914
  train [#########-------------------------------] 100/444  loss=0.1906
  train [#########-------------------------------] 104/444  loss=0.1907
  train [#########-------------------------------] 108/444  loss=0.1892
  train [##########------------------------------] 112/444  loss=0.1882
  train [##########------------------------------] 116/444  loss=0.1864
  train [##########------------------------------] 120/444  loss=0.1862
  train [###########-----------------------------] 124/444  loss=0.1862
  train [###########-----------------------------] 128/444  loss=0.1862
  train [###########-----------------------------] 132/444  loss=0.1861
  train [############----------------------------] 136/444  loss=0.1868
  train [############----------------------------] 140/444  loss=0.1840
  train [############----------------------------] 144/444  loss=0.1838
  train [#############---------------------------] 148/444  loss=0.1852
  train [#############---------------------------] 152/444  loss=0.1836
  train [##############--------------------------] 156/444  loss=0.1834
  train [##############--------------------------] 160/444  loss=0.1832
  train [##############--------------------------] 164/444  loss=0.1832
  train [###############-------------------------] 168/444  loss=0.1827
  train [###############-------------------------] 172/444  loss=0.1818
  train [###############-------------------------] 176/444  loss=0.1841
  train [################------------------------] 180/444  loss=0.1831
  train [################------------------------] 184/444  loss=0.1830
  train [################------------------------] 188/444  loss=0.1825
  train [#################-----------------------] 192/444  loss=0.1813
  train [#################-----------------------] 196/444  loss=0.1809
  train [##################----------------------] 200/444  loss=0.1814
  train [##################----------------------] 204/444  loss=0.1815
  train [##################----------------------] 208/444  loss=0.1810
  train [###################---------------------] 212/444  loss=0.1810
  train [###################---------------------] 216/444  loss=0.1810
  train [###################---------------------] 220/444  loss=0.1808
  train [####################--------------------] 224/444  loss=0.1808
  train [####################--------------------] 228/444  loss=0.1808
  train [####################--------------------] 232/444  loss=0.1825
  train [#####################-------------------] 236/444  loss=0.1820
  train [#####################-------------------] 240/444  loss=0.1819
  train [#####################-------------------] 244/444  loss=0.1827
  train [######################------------------] 248/444  loss=0.1820
  train [######################------------------] 252/444  loss=0.1815
  train [#######################-----------------] 256/444  loss=0.1817
  train [#######################-----------------] 260/444  loss=0.1821
  train [#######################-----------------] 264/444  loss=0.1828
  train [########################----------------] 268/444  loss=0.1836
  train [########################----------------] 272/444  loss=0.1829
  train [########################----------------] 276/444  loss=0.1828
  train [#########################---------------] 280/444  loss=0.1824
  train [#########################---------------] 284/444  loss=0.1822
  train [#########################---------------] 288/444  loss=0.1829
  train [##########################--------------] 292/444  loss=0.1828
  train [##########################--------------] 296/444  loss=0.1822
  train [###########################-------------] 300/444  loss=0.1826
  train [###########################-------------] 304/444  loss=0.1820
  train [###########################-------------] 308/444  loss=0.1827
  train [############################------------] 312/444  loss=0.1825
  train [############################------------] 316/444  loss=0.1831
  train [############################------------] 320/444  loss=0.1826
  train [#############################-----------] 324/444  loss=0.1825
  train [#############################-----------] 328/444  loss=0.1825
  train [#############################-----------] 332/444  loss=0.1822
  train [##############################----------] 336/444  loss=0.1818
  train [##############################----------] 340/444  loss=0.1820
  train [##############################----------] 344/444  loss=0.1820
  train [###############################---------] 348/444  loss=0.1822
  train [###############################---------] 352/444  loss=0.1825
  train [################################--------] 356/444  loss=0.1824
  train [################################--------] 360/444  loss=0.1817
  train [################################--------] 364/444  loss=0.1813
  train [#################################-------] 368/444  loss=0.1808
  train [#################################-------] 372/444  loss=0.1811
  train [#################################-------] 376/444  loss=0.1812
  train [##################################------] 380/444  loss=0.1816
  train [##################################------] 384/444  loss=0.1823
  train [##################################------] 388/444  loss=0.1822
  train [###################################-----] 392/444  loss=0.1817
  train [###################################-----] 396/444  loss=0.1811
  train [####################################----] 400/444  loss=0.1806
  train [####################################----] 404/444  loss=0.1799
  train [####################################----] 408/444  loss=0.1791
  train [#####################################---] 412/444  loss=0.1790
  train [#####################################---] 416/444  loss=0.1795
  train [#####################################---] 420/444  loss=0.1793
  train [######################################--] 424/444  loss=0.1788
  train [######################################--] 428/444  loss=0.1785
  train [######################################--] 432/444  loss=0.1780
  train [#######################################-] 436/444  loss=0.1782
  train [#######################################-] 440/444  loss=0.1785
  train [########################################] 444/444  loss=0.1779
  val   [----------------------------------------] 1/93
  val   [----------------------------------------] 2/93
  val   [#---------------------------------------] 3/93
  val   [#---------------------------------------] 4/93
  val   [##--------------------------------------] 5/93
  val   [##--------------------------------------] 6/93
  val   [###-------------------------------------] 7/93
  val   [###-------------------------------------] 8/93
  val   [###-------------------------------------] 9/93
  val   [####------------------------------------] 10/93
  val   [####------------------------------------] 11/93
  val   [#####-----------------------------------] 12/93
  val   [#####-----------------------------------] 13/93
  val   [######----------------------------------] 14/93
  val   [######----------------------------------] 15/93
  val   [######----------------------------------] 16/93
  val   [#######---------------------------------] 17/93
  val   [#######---------------------------------] 18/93
  val   [########--------------------------------] 19/93
  val   [########--------------------------------] 20/93
  val   [#########-------------------------------] 21/93
  val   [#########-------------------------------] 22/93
  val   [#########-------------------------------] 23/93
  val   [##########------------------------------] 24/93
  val   [##########------------------------------] 25/93
  val   [###########-----------------------------] 26/93
  val   [###########-----------------------------] 27/93
  val   [############----------------------------] 28/93
  val   [############----------------------------] 29/93
  val   [############----------------------------] 30/93
  val   [#############---------------------------] 31/93
  val   [#############---------------------------] 32/93
  val   [##############--------------------------] 33/93
  val   [##############--------------------------] 34/93
  val   [###############-------------------------] 35/93
  val   [###############-------------------------] 36/93
  val   [###############-------------------------] 37/93
  val   [################------------------------] 38/93
  val   [################------------------------] 39/93
  val   [#################-----------------------] 40/93
  val   [#################-----------------------] 41/93
  val   [##################----------------------] 42/93
  val   [##################----------------------] 43/93
  val   [##################----------------------] 44/93
  val   [###################---------------------] 45/93
  val   [###################---------------------] 46/93
  val   [####################--------------------] 47/93
  val   [####################--------------------] 48/93
  val   [#####################-------------------] 49/93
  val   [#####################-------------------] 50/93
  val   [#####################-------------------] 51/93
  val   [######################------------------] 52/93
  val   [######################------------------] 53/93
  val   [#######################-----------------] 54/93
  val   [#######################-----------------] 55/93
  val   [########################----------------] 56/93
  val   [########################----------------] 57/93
  val   [########################----------------] 58/93
  val   [#########################---------------] 59/93
  val   [#########################---------------] 60/93
  val   [##########################--------------] 61/93
  val   [##########################--------------] 62/93
  val   [###########################-------------] 63/93
  val   [###########################-------------] 64/93
  val   [###########################-------------] 65/93
  val   [############################------------] 66/93
  val   [############################------------] 67/93
  val   [#############################-----------] 68/93
  val   [#############################-----------] 69/93
  val   [##############################----------] 70/93
  val   [##############################----------] 71/93
  val   [##############################----------] 72/93
  val   [###############################---------] 73/93
  val   [###############################---------] 74/93
  val   [################################--------] 75/93
  val   [################################--------] 76/93
  val   [#################################-------] 77/93
  val   [#################################-------] 78/93
  val   [#################################-------] 79/93
  val   [##################################------] 80/93
  val   [##################################------] 81/93
  val   [###################################-----] 82/93
  val   [###################################-----] 83/93
  val   [####################################----] 84/93
  val   [####################################----] 85/93
  val   [####################################----] 86/93
  val   [#####################################---] 87/93
  val   [#####################################---] 88/93
  val   [######################################--] 89/93
  val   [######################################--] 90/93
  val   [#######################################-] 91/93
  val   [#######################################-] 92/93
  val   [########################################] 93/93
Epoch   5 | train_loss=0.1782 | val_loss=0.2745 | val_acc=0.9378
  -> best model saved (val_loss=0.2745)
  train [----------------------------------------] 4/444  loss=0.0613
  train [----------------------------------------] 8/444  loss=0.0497
  train [#---------------------------------------] 12/444  loss=0.0569
  train [#---------------------------------------] 16/444  loss=0.0545
  train [#---------------------------------------] 20/444  loss=0.0587
  train [##--------------------------------------] 24/444  loss=0.0589
  train [##--------------------------------------] 28/444  loss=0.0606
  train [##--------------------------------------] 32/444  loss=0.0651
  train [###-------------------------------------] 36/444  loss=0.0648
  train [###-------------------------------------] 40/444  loss=0.0645
  train [###-------------------------------------] 44/444  loss=0.0656
  train [####------------------------------------] 48/444  loss=0.0681
  train [####------------------------------------] 52/444  loss=0.0695
  train [#####-----------------------------------] 56/444  loss=0.0672
  train [#####-----------------------------------] 60/444  loss=0.0665
  train [#####-----------------------------------] 64/444  loss=0.0660
  train [######----------------------------------] 68/444  loss=0.0646
  train [######----------------------------------] 72/444  loss=0.0644
  train [######----------------------------------] 76/444  loss=0.0648
  train [#######---------------------------------] 80/444  loss=0.0645
  train [#######---------------------------------] 84/444  loss=0.0643
  train [#######---------------------------------] 88/444  loss=0.0648
  train [########--------------------------------] 92/444  loss=0.0649
  train [########--------------------------------] 96/444  loss=0.0642
  train [#########-------------------------------] 100/444  loss=0.0636
  train [#########-------------------------------] 104/444  loss=0.0630
  train [#########-------------------------------] 108/444  loss=0.0630
  train [##########------------------------------] 112/444  loss=0.0623
  train [##########------------------------------] 116/444  loss=0.0614
  train [##########------------------------------] 120/444  loss=0.0620
  train [###########-----------------------------] 124/444  loss=0.0613
  train [###########-----------------------------] 128/444  loss=0.0618
  train [###########-----------------------------] 132/444  loss=0.0615
  train [############----------------------------] 136/444  loss=0.0609
  train [############----------------------------] 140/444  loss=0.0613
  train [############----------------------------] 144/444  loss=0.0610
  train [#############---------------------------] 148/444  loss=0.0606
  train [#############---------------------------] 152/444  loss=0.0602
  train [##############--------------------------] 156/444  loss=0.0598
  train [##############--------------------------] 160/444  loss=0.0593
  train [##############--------------------------] 164/444  loss=0.0588
  train [###############-------------------------] 168/444  loss=0.0589
  train [###############-------------------------] 172/444  loss=0.0584
  train [###############-------------------------] 176/444  loss=0.0583
  train [################------------------------] 180/444  loss=0.0579
  train [################------------------------] 184/444  loss=0.0582
  train [################------------------------] 188/444  loss=0.0578
  train [#################-----------------------] 192/444  loss=0.0582
  train [#################-----------------------] 196/444  loss=0.0577
  train [##################----------------------] 200/444  loss=0.0578
  train [##################----------------------] 204/444  loss=0.0577
  train [##################----------------------] 208/444  loss=0.0573
  train [###################---------------------] 212/444  loss=0.0572
  train [###################---------------------] 216/444  loss=0.0573
  train [###################---------------------] 220/444  loss=0.0572
  train [####################--------------------] 224/444  loss=0.0569
  train [####################--------------------] 228/444  loss=0.0567
  train [####################--------------------] 232/444  loss=0.0566
  train [#####################-------------------] 236/444  loss=0.0566
  train [#####################-------------------] 240/444  loss=0.0566
  train [#####################-------------------] 244/444  loss=0.0563
  train [######################------------------] 248/444  loss=0.0559
  train [######################------------------] 252/444  loss=0.0561
  train [#######################-----------------] 256/444  loss=0.0560
  train [#######################-----------------] 260/444  loss=0.0561
  train [#######################-----------------] 264/444  loss=0.0563
  train [########################----------------] 268/444  loss=0.0564
  train [########################----------------] 272/444  loss=0.0562
  train [########################----------------] 276/444  loss=0.0565
  train [#########################---------------] 280/444  loss=0.0567
  train [#########################---------------] 284/444  loss=0.0566
  train [#########################---------------] 288/444  loss=0.0569
  train [##########################--------------] 292/444  loss=0.0567
  train [##########################--------------] 296/444  loss=0.0567
  train [###########################-------------] 300/444  loss=0.0569
  train [###########################-------------] 304/444  loss=0.0566
  train [###########################-------------] 308/444  loss=0.0564
  train [############################------------] 312/444  loss=0.0563
  train [############################------------] 316/444  loss=0.0562
  train [############################------------] 320/444  loss=0.0560
  train [#############################-----------] 324/444  loss=0.0562
  train [#############################-----------] 328/444  loss=0.0561
  train [#############################-----------] 332/444  loss=0.0558
  train [##############################----------] 336/444  loss=0.0558
  train [##############################----------] 340/444  loss=0.0558
  train [##############################----------] 344/444  loss=0.0556
  train [###############################---------] 348/444  loss=0.0554
  train [###############################---------] 352/444  loss=0.0554
  train [################################--------] 356/444  loss=0.0557
  train [################################--------] 360/444  loss=0.0558
  train [################################--------] 364/444  loss=0.0558
  train [#################################-------] 368/444  loss=0.0557
  train [#################################-------] 372/444  loss=0.0559
  train [#################################-------] 376/444  loss=0.0560
  train [##################################------] 380/444  loss=0.0561
  train [##################################------] 384/444  loss=0.0559
  train [##################################------] 388/444  loss=0.0558
  train [###################################-----] 392/444  loss=0.0558
  train [###################################-----] 396/444  loss=0.0560
  train [####################################----] 400/444  loss=0.0558
  train [####################################----] 404/444  loss=0.0558
  train [####################################----] 408/444  loss=0.0560
  train [#####################################---] 412/444  loss=0.0558
  train [#####################################---] 416/444  loss=0.0558
  train [#####################################---] 420/444  loss=0.0559
  train [######################################--] 424/444  loss=0.0560
  train [######################################--] 428/444  loss=0.0562
  train [######################################--] 432/444  loss=0.0563
  train [#######################################-] 436/444  loss=0.0568
  train [#######################################-] 440/444  loss=0.0566
  train [########################################] 444/444  loss=0.0565
  val   [----------------------------------------] 1/93
  val   [----------------------------------------] 2/93
  val   [#---------------------------------------] 3/93
  val   [#---------------------------------------] 4/93
  val   [##--------------------------------------] 5/93
  val   [##--------------------------------------] 6/93
  val   [###-------------------------------------] 7/93
  val   [###-------------------------------------] 8/93
  val   [###-------------------------------------] 9/93
  val   [####------------------------------------] 10/93
  val   [####------------------------------------] 11/93
  val   [#####-----------------------------------] 12/93
  val   [#####-----------------------------------] 13/93
  val   [######----------------------------------] 14/93
  val   [######----------------------------------] 15/93
  val   [######----------------------------------] 16/93
  val   [#######---------------------------------] 17/93
  val   [#######---------------------------------] 18/93
  val   [########--------------------------------] 19/93
  val   [########--------------------------------] 20/93
  val   [#########-------------------------------] 21/93
  val   [#########-------------------------------] 22/93
  val   [#########-------------------------------] 23/93
  val   [##########------------------------------] 24/93
  val   [##########------------------------------] 25/93
  val   [###########-----------------------------] 26/93
  val   [###########-----------------------------] 27/93
  val   [############----------------------------] 28/93
  val   [############----------------------------] 29/93
  val   [############----------------------------] 30/93
  val   [#############---------------------------] 31/93
  val   [#############---------------------------] 32/93
  val   [##############--------------------------] 33/93
  val   [##############--------------------------] 34/93
  val   [###############-------------------------] 35/93
  val   [###############-------------------------] 36/93
  val   [###############-------------------------] 37/93
  val   [################------------------------] 38/93
  val   [################------------------------] 39/93
  val   [#################-----------------------] 40/93
  val   [#################-----------------------] 41/93
  val   [##################----------------------] 42/93
  val   [##################----------------------] 43/93
  val   [##################----------------------] 44/93
  val   [###################---------------------] 45/93
  val   [###################---------------------] 46/93
  val   [####################--------------------] 47/93
  val   [####################--------------------] 48/93
  val   [#####################-------------------] 49/93
  val   [#####################-------------------] 50/93
  val   [#####################-------------------] 51/93
  val   [######################------------------] 52/93
  val   [######################------------------] 53/93
  val   [#######################-----------------] 54/93
  val   [#######################-----------------] 55/93
  val   [########################----------------] 56/93
  val   [########################----------------] 57/93
  val   [########################----------------] 58/93
  val   [#########################---------------] 59/93
  val   [#########################---------------] 60/93
  val   [##########################--------------] 61/93
  val   [##########################--------------] 62/93
  val   [###########################-------------] 63/93
  val   [###########################-------------] 64/93
  val   [###########################-------------] 65/93
  val   [############################------------] 66/93
  val   [############################------------] 67/93
  val   [#############################-----------] 68/93
  val   [#############################-----------] 69/93
  val   [##############################----------] 70/93
  val   [##############################----------] 71/93
  val   [##############################----------] 72/93
  val   [###############################---------] 73/93
  val   [###############################---------] 74/93
  val   [################################--------] 75/93
  val   [################################--------] 76/93
  val   [#################################-------] 77/93
  val   [#################################-------] 78/93
  val   [#################################-------] 79/93
  val   [##################################------] 80/93
  val   [##################################------] 81/93
  val   [###################################-----] 82/93
  val   [###################################-----] 83/93
  val   [####################################----] 84/93
  val   [####################################----] 85/93
  val   [####################################----] 86/93
  val   [#####################################---] 87/93
  val   [#####################################---] 88/93
  val   [######################################--] 89/93
  val   [######################################--] 90/93
  val   [#######################################-] 91/93
  val   [#######################################-] 92/93
  val   [########################################] 93/93
Epoch   6 | train_loss=0.0566 | val_loss=0.2620 | val_acc=0.9386
  -> best model saved (val_loss=0.2620)
  train [----------------------------------------] 4/444  loss=0.0317
  train [----------------------------------------] 8/444  loss=0.0327
  train [#---------------------------------------] 12/444  loss=0.0306
  train [#---------------------------------------] 16/444  loss=0.0332
  train [#---------------------------------------] 20/444  loss=0.0343
  train [##--------------------------------------] 24/444  loss=0.0314
  train [##--------------------------------------] 28/444  loss=0.0331
  train [##--------------------------------------] 32/444  loss=0.0363
  train [###-------------------------------------] 36/444  loss=0.0349
  train [###-------------------------------------] 40/444  loss=0.0346
  train [###-------------------------------------] 44/444  loss=0.0354
  train [####------------------------------------] 48/444  loss=0.0346
  train [####------------------------------------] 52/444  loss=0.0354
  train [#####-----------------------------------] 56/444  loss=0.0360
  train [#####-----------------------------------] 60/444  loss=0.0359
  train [#####-----------------------------------] 64/444  loss=0.0355
  train [######----------------------------------] 68/444  loss=0.0355
  train [######----------------------------------] 72/444  loss=0.0349
  train [######----------------------------------] 76/444  loss=0.0354
  train [#######---------------------------------] 80/444  loss=0.0355
  train [#######---------------------------------] 84/444  loss=0.0348
  train [#######---------------------------------] 88/444  loss=0.0346
  train [########--------------------------------] 92/444  loss=0.0340
  train [########--------------------------------] 96/444  loss=0.0345
  train [#########-------------------------------] 100/444  loss=0.0340
  train [#########-------------------------------] 104/444  loss=0.0337
  train [#########-------------------------------] 108/444  loss=0.0342
  train [##########------------------------------] 112/444  loss=0.0345
  train [##########------------------------------] 116/444  loss=0.0347
  train [##########------------------------------] 120/444  loss=0.0356
  train [###########-----------------------------] 124/444  loss=0.0360
  train [###########-----------------------------] 128/444  loss=0.0357
  train [###########-----------------------------] 132/444  loss=0.0362
  train [############----------------------------] 136/444  loss=0.0361
  train [############----------------------------] 140/444  loss=0.0358
  train [############----------------------------] 144/444  loss=0.0357
  train [#############---------------------------] 148/444  loss=0.0355
  train [#############---------------------------] 152/444  loss=0.0352
  train [##############--------------------------] 156/444  loss=0.0353
  train [##############--------------------------] 160/444  loss=0.0351
  train [##############--------------------------] 164/444  loss=0.0348
  train [###############-------------------------] 168/444  loss=0.0345
  train [###############-------------------------] 172/444  loss=0.0342
  train [###############-------------------------] 176/444  loss=0.0339
  train [################------------------------] 180/444  loss=0.0340
  train [################------------------------] 184/444  loss=0.0340
  train [################------------------------] 188/444  loss=0.0341
  train [#################-----------------------] 192/444  loss=0.0338
  train [#################-----------------------] 196/444  loss=0.0337
  train [##################----------------------] 200/444  loss=0.0335
  train [##################----------------------] 204/444  loss=0.0332
  train [##################----------------------] 208/444  loss=0.0333
  train [###################---------------------] 212/444  loss=0.0331
  train [###################---------------------] 216/444  loss=0.0331
  train [###################---------------------] 220/444  loss=0.0330
  train [####################--------------------] 224/444  loss=0.0327
  train [####################--------------------] 228/444  loss=0.0326
  train [####################--------------------] 232/444  loss=0.0324
  train [#####################-------------------] 236/444  loss=0.0323
  train [#####################-------------------] 240/444  loss=0.0320
  train [#####################-------------------] 244/444  loss=0.0328
  train [######################------------------] 248/444  loss=0.0326
  train [######################------------------] 252/444  loss=0.0323
  train [#######################-----------------] 256/444  loss=0.0322
  train [#######################-----------------] 260/444  loss=0.0322
  train [#######################-----------------] 264/444  loss=0.0322
  train [########################----------------] 268/444  loss=0.0321
  train [########################----------------] 272/444  loss=0.0321
  train [########################----------------] 276/444  loss=0.0319
  train [#########################---------------] 280/444  loss=0.0317
  train [#########################---------------] 284/444  loss=0.0315
  train [#########################---------------] 288/444  loss=0.0314
  train [##########################--------------] 292/444  loss=0.0312
  train [##########################--------------] 296/444  loss=0.0313
  train [###########################-------------] 300/444  loss=0.0312
  train [###########################-------------] 304/444  loss=0.0311
  train [###########################-------------] 308/444  loss=0.0310
  train [############################------------] 312/444  loss=0.0308
  train [############################------------] 316/444  loss=0.0309
  train [############################------------] 320/444  loss=0.0308
  train [#############################-----------] 324/444  loss=0.0307
  train [#############################-----------] 328/444  loss=0.0305
  train [#############################-----------] 332/444  loss=0.0310
  train [##############################----------] 336/444  loss=0.0314
  train [##############################----------] 340/444  loss=0.0313
  train [##############################----------] 344/444  loss=0.0314
  train [###############################---------] 348/444  loss=0.0321
  train [###############################---------] 352/444  loss=0.0320
  train [################################--------] 356/444  loss=0.0319
  train [################################--------] 360/444  loss=0.0318
  train [################################--------] 364/444  loss=0.0320
  train [#################################-------] 368/444  loss=0.0318
  train [#################################-------] 372/444  loss=0.0321
  train [#################################-------] 376/444  loss=0.0322
  train [##################################------] 380/444  loss=0.0321
  train [##################################------] 384/444  loss=0.0322
  train [##################################------] 388/444  loss=0.0322
  train [###################################-----] 392/444  loss=0.0321
  train [###################################-----] 396/444  loss=0.0325
  train [####################################----] 400/444  loss=0.0326
  train [####################################----] 404/444  loss=0.0328
  train [####################################----] 408/444  loss=0.0328
  train [#####################################---] 412/444  loss=0.0328
  train [#####################################---] 416/444  loss=0.0329
  train [#####################################---] 420/444  loss=0.0329
  train [######################################--] 424/444  loss=0.0328
  train [######################################--] 428/444  loss=0.0331
  train [######################################--] 432/444  loss=0.0331
  train [#######################################-] 436/444  loss=0.0333
  train [#######################################-] 440/444  loss=0.0335
  train [########################################] 444/444  loss=0.0334
  val   [----------------------------------------] 1/93
  val   [----------------------------------------] 2/93
  val   [#---------------------------------------] 3/93
  val   [#---------------------------------------] 4/93
  val   [##--------------------------------------] 5/93
  val   [##--------------------------------------] 6/93
  val   [###-------------------------------------] 7/93
  val   [###-------------------------------------] 8/93
  val   [###-------------------------------------] 9/93
  val   [####------------------------------------] 10/93
  val   [####------------------------------------] 11/93
  val   [#####-----------------------------------] 12/93
  val   [#####-----------------------------------] 13/93
  val   [######----------------------------------] 14/93
  val   [######----------------------------------] 15/93
  val   [######----------------------------------] 16/93
  val   [#######---------------------------------] 17/93
  val   [#######---------------------------------] 18/93
  val   [########--------------------------------] 19/93
  val   [########--------------------------------] 20/93
  val   [#########-------------------------------] 21/93
  val   [#########-------------------------------] 22/93
  val   [#########-------------------------------] 23/93
  val   [##########------------------------------] 24/93
  val   [##########------------------------------] 25/93
  val   [###########-----------------------------] 26/93
  val   [###########-----------------------------] 27/93
  val   [############----------------------------] 28/93
  val   [############----------------------------] 29/93
  val   [############----------------------------] 30/93
  val   [#############---------------------------] 31/93
  val   [#############---------------------------] 32/93
  val   [##############--------------------------] 33/93
  val   [##############--------------------------] 34/93
  val   [###############-------------------------] 35/93
  val   [###############-------------------------] 36/93
  val   [###############-------------------------] 37/93
  val   [################------------------------] 38/93
  val   [################------------------------] 39/93
  val   [#################-----------------------] 40/93
  val   [#################-----------------------] 41/93
  val   [##################----------------------] 42/93
  val   [##################----------------------] 43/93
  val   [##################----------------------] 44/93
  val   [###################---------------------] 45/93
  val   [###################---------------------] 46/93
  val   [####################--------------------] 47/93
  val   [####################--------------------] 48/93
  val   [#####################-------------------] 49/93
  val   [#####################-------------------] 50/93
  val   [#####################-------------------] 51/93
  val   [######################------------------] 52/93
  val   [######################------------------] 53/93
  val   [#######################-----------------] 54/93
  val   [#######################-----------------] 55/93
  val   [########################----------------] 56/93
  val   [########################----------------] 57/93
  val   [########################----------------] 58/93
  val   [#########################---------------] 59/93
  val   [#########################---------------] 60/93
  val   [##########################--------------] 61/93
  val   [##########################--------------] 62/93
  val   [###########################-------------] 63/93
  val   [###########################-------------] 64/93
  val   [###########################-------------] 65/93
  val   [############################------------] 66/93
  val   [############################------------] 67/93
  val   [#############################-----------] 68/93
  val   [#############################-----------] 69/93
  val   [##############################----------] 70/93
  val   [##############################----------] 71/93
  val   [##############################----------] 72/93
  val   [###############################---------] 73/93
  val   [###############################---------] 74/93
  val   [################################--------] 75/93
  val   [################################--------] 76/93
  val   [#################################-------] 77/93
  val   [#################################-------] 78/93
  val   [#################################-------] 79/93
  val   [##################################------] 80/93
  val   [##################################------] 81/93
  val   [###################################-----] 82/93
  val   [###################################-----] 83/93
  val   [####################################----] 84/93
  val   [####################################----] 85/93
  val   [####################################----] 86/93
  val   [#####################################---] 87/93
  val   [#####################################---] 88/93
  val   [######################################--] 89/93
  val   [######################################--] 90/93
  val   [#######################################-] 91/93
  val   [#######################################-] 92/93
  val   [########################################] 93/93
Epoch   7 | train_loss=0.0335 | val_loss=0.2744 | val_acc=0.9405
  train [----------------------------------------] 4/444  loss=0.0159
  train [----------------------------------------] 8/444  loss=0.0260
  train [#---------------------------------------] 12/444  loss=0.0290
  train [#---------------------------------------] 16/444  loss=0.0264
  train [#---------------------------------------] 20/444  loss=0.0239
  train [##--------------------------------------] 24/444  loss=0.0234
  train [##--------------------------------------] 28/444  loss=0.0229
  train [##--------------------------------------] 32/444  loss=0.0242
  train [###-------------------------------------] 36/444  loss=0.0244
  train [###-------------------------------------] 40/444  loss=0.0243
  train [###-------------------------------------] 44/444  loss=0.0254
  train [####------------------------------------] 48/444  loss=0.0251
  train [####------------------------------------] 52/444  loss=0.0256
  train [#####-----------------------------------] 56/444  loss=0.0252
  train [#####-----------------------------------] 60/444  loss=0.0249
  train [#####-----------------------------------] 64/444  loss=0.0246
  train [######----------------------------------] 68/444  loss=0.0244
  train [######----------------------------------] 72/444  loss=0.0237
  train [######----------------------------------] 76/444  loss=0.0232
  train [#######---------------------------------] 80/444  loss=0.0230
  train [#######---------------------------------] 84/444  loss=0.0225
  train [#######---------------------------------] 88/444  loss=0.0222
  train [########--------------------------------] 92/444  loss=0.0220
  train [########--------------------------------] 96/444  loss=0.0221
  train [#########-------------------------------] 100/444  loss=0.0216
  train [#########-------------------------------] 104/444  loss=0.0212
  train [#########-------------------------------] 108/444  loss=0.0210
  train [##########------------------------------] 112/444  loss=0.0208
  train [##########------------------------------] 116/444  loss=0.0205
  train [##########------------------------------] 120/444  loss=0.0206
  train [###########-----------------------------] 124/444  loss=0.0202
  train [###########-----------------------------] 128/444  loss=0.0200
  train [###########-----------------------------] 132/444  loss=0.0199
  train [############----------------------------] 136/444  loss=0.0198
  train [############----------------------------] 140/444  loss=0.0202
  train [############----------------------------] 144/444  loss=0.0198
  train [#############---------------------------] 148/444  loss=0.0197
  train [#############---------------------------] 152/444  loss=0.0195
  train [##############--------------------------] 156/444  loss=0.0193
  train [##############--------------------------] 160/444  loss=0.0195
  train [##############--------------------------] 164/444  loss=0.0193
  train [###############-------------------------] 168/444  loss=0.0193
  train [###############-------------------------] 172/444  loss=0.0193
  train [###############-------------------------] 176/444  loss=0.0192
  train [################------------------------] 180/444  loss=0.0190
  train [################------------------------] 184/444  loss=0.0198
  train [################------------------------] 188/444  loss=0.0195
  train [#################-----------------------] 192/444  loss=0.0196
  train [#################-----------------------] 196/444  loss=0.0200
  train [##################----------------------] 200/444  loss=0.0202
  train [##################----------------------] 204/444  loss=0.0203
  train [##################----------------------] 208/444  loss=0.0202
  train [###################---------------------] 212/444  loss=0.0203
  train [###################---------------------] 216/444  loss=0.0201
  train [###################---------------------] 220/444  loss=0.0204
  train [####################--------------------] 224/444  loss=0.0204
  train [####################--------------------] 228/444  loss=0.0203
  train [####################--------------------] 232/444  loss=0.0206
  train [#####################-------------------] 236/444  loss=0.0206
  train [#####################-------------------] 240/444  loss=0.0210
  train [#####################-------------------] 244/444  loss=0.0213
  train [######################------------------] 248/444  loss=0.0212
  train [######################------------------] 252/444  loss=0.0210
  train [#######################-----------------] 256/444  loss=0.0214
  train [#######################-----------------] 260/444  loss=0.0213
  train [#######################-----------------] 264/444  loss=0.0212
  train [########################----------------] 268/444  loss=0.0213
  train [########################----------------] 272/444  loss=0.0214
  train [########################----------------] 276/444  loss=0.0214
  train [#########################---------------] 280/444  loss=0.0216
  train [#########################---------------] 284/444  loss=0.0215
  train [#########################---------------] 288/444  loss=0.0216
  train [##########################--------------] 292/444  loss=0.0215
  train [##########################--------------] 296/444  loss=0.0214
  train [###########################-------------] 300/444  loss=0.0214
  train [###########################-------------] 304/444  loss=0.0213
  train [###########################-------------] 308/444  loss=0.0212
  train [############################------------] 312/444  loss=0.0210
  train [############################------------] 316/444  loss=0.0211
  train [############################------------] 320/444  loss=0.0215
  train [#############################-----------] 324/444  loss=0.0218
  train [#############################-----------] 328/444  loss=0.0219
  train [#############################-----------] 332/444  loss=0.0221
  train [##############################----------] 336/444  loss=0.0221
  train [##############################----------] 340/444  loss=0.0225
  train [##############################----------] 344/444  loss=0.0227
  train [###############################---------] 348/444  loss=0.0227
  train [###############################---------] 352/444  loss=0.0227
  train [################################--------] 356/444  loss=0.0227
  train [################################--------] 360/444  loss=0.0228
  train [################################--------] 364/444  loss=0.0227
  train [#################################-------] 368/444  loss=0.0229
  train [#################################-------] 372/444  loss=0.0232
  train [#################################-------] 376/444  loss=0.0231
  train [##################################------] 380/444  loss=0.0230
  train [##################################------] 384/444  loss=0.0231
  train [##################################------] 388/444  loss=0.0231
  train [###################################-----] 392/444  loss=0.0231
  train [###################################-----] 396/444  loss=0.0231
  train [####################################----] 400/444  loss=0.0230
  train [####################################----] 404/444  loss=0.0230
  train [####################################----] 408/444  loss=0.0232
  train [#####################################---] 412/444  loss=0.0232
  train [#####################################---] 416/444  loss=0.0234
  train [#####################################---] 420/444  loss=0.0235
  train [######################################--] 424/444  loss=0.0235
  train [######################################--] 428/444  loss=0.0236
  train [######################################--] 432/444  loss=0.0244
  train [#######################################-] 436/444  loss=0.0244
  train [#######################################-] 440/444  loss=0.0246
  train [########################################] 444/444  loss=0.0249
  val   [----------------------------------------] 1/93
  val   [----------------------------------------] 2/93
  val   [#---------------------------------------] 3/93
  val   [#---------------------------------------] 4/93
  val   [##--------------------------------------] 5/93
  val   [##--------------------------------------] 6/93
  val   [###-------------------------------------] 7/93
  val   [###-------------------------------------] 8/93
  val   [###-------------------------------------] 9/93
  val   [####------------------------------------] 10/93
  val   [####------------------------------------] 11/93
  val   [#####-----------------------------------] 12/93
  val   [#####-----------------------------------] 13/93
  val   [######----------------------------------] 14/93
  val   [######----------------------------------] 15/93
  val   [######----------------------------------] 16/93
  val   [#######---------------------------------] 17/93
  val   [#######---------------------------------] 18/93
  val   [########--------------------------------] 19/93
  val   [########--------------------------------] 20/93
  val   [#########-------------------------------] 21/93
  val   [#########-------------------------------] 22/93
  val   [#########-------------------------------] 23/93
  val   [##########------------------------------] 24/93
  val   [##########------------------------------] 25/93
  val   [###########-----------------------------] 26/93
  val   [###########-----------------------------] 27/93
  val   [############----------------------------] 28/93
  val   [############----------------------------] 29/93
  val   [############----------------------------] 30/93
  val   [#############---------------------------] 31/93
  val   [#############---------------------------] 32/93
  val   [##############--------------------------] 33/93
  val   [##############--------------------------] 34/93
  val   [###############-------------------------] 35/93
  val   [###############-------------------------] 36/93
  val   [###############-------------------------] 37/93
  val   [################------------------------] 38/93
  val   [################------------------------] 39/93
  val   [#################-----------------------] 40/93
  val   [#################-----------------------] 41/93
  val   [##################----------------------] 42/93
  val   [##################----------------------] 43/93
  val   [##################----------------------] 44/93
  val   [###################---------------------] 45/93
  val   [###################---------------------] 46/93
  val   [####################--------------------] 47/93
  val   [####################--------------------] 48/93
  val   [#####################-------------------] 49/93
  val   [#####################-------------------] 50/93
  val   [#####################-------------------] 51/93
  val   [######################------------------] 52/93
  val   [######################------------------] 53/93
  val   [#######################-----------------] 54/93
  val   [#######################-----------------] 55/93
  val   [########################----------------] 56/93
  val   [########################----------------] 57/93
  val   [########################----------------] 58/93
  val   [#########################---------------] 59/93
  val   [#########################---------------] 60/93
  val   [##########################--------------] 61/93
  val   [##########################--------------] 62/93
  val   [###########################-------------] 63/93
  val   [###########################-------------] 64/93
  val   [###########################-------------] 65/93
  val   [############################------------] 66/93
  val   [############################------------] 67/93
  val   [#############################-----------] 68/93
  val   [#############################-----------] 69/93
  val   [##############################----------] 70/93
  val   [##############################----------] 71/93
  val   [##############################----------] 72/93
  val   [###############################---------] 73/93
  val   [###############################---------] 74/93
  val   [################################--------] 75/93
  val   [################################--------] 76/93
  val   [#################################-------] 77/93
  val   [#################################-------] 78/93
  val   [#################################-------] 79/93
  val   [##################################------] 80/93
  val   [##################################------] 81/93
  val   [###################################-----] 82/93
  val   [###################################-----] 83/93
  val   [####################################----] 84/93
  val   [####################################----] 85/93
  val   [####################################----] 86/93
  val   [#####################################---] 87/93
  val   [#####################################---] 88/93
  val   [######################################--] 89/93
  val   [######################################--] 90/93
  val   [#######################################-] 91/93
  val   [#######################################-] 92/93
  val   [########################################] 93/93
Epoch   8 | train_loss=0.0249 | val_loss=0.3179 | val_acc=0.9327
  train [----------------------------------------] 4/444  loss=0.0167
  train [----------------------------------------] 8/444  loss=0.0399
  train [#---------------------------------------] 12/444  loss=0.0591
  train [#---------------------------------------] 16/444  loss=0.0595
  train [#---------------------------------------] 20/444  loss=0.0527
  train [##--------------------------------------] 24/444  loss=0.0559
  train [##--------------------------------------] 28/444  loss=0.0503
  train [##--------------------------------------] 32/444  loss=0.0473
  train [###-------------------------------------] 36/444  loss=0.0450
  train [###-------------------------------------] 40/444  loss=0.0449
  train [###-------------------------------------] 44/444  loss=0.0438
  train [####------------------------------------] 48/444  loss=0.0420
  train [####------------------------------------] 52/444  loss=0.0435
  train [#####-----------------------------------] 56/444  loss=0.0416
  train [#####-----------------------------------] 60/444  loss=0.0406
  train [#####-----------------------------------] 64/444  loss=0.0402
  train [######----------------------------------] 68/444  loss=0.0410
  train [######----------------------------------] 72/444  loss=0.0419
  train [######----------------------------------] 76/444  loss=0.0416
  train [#######---------------------------------] 80/444  loss=0.0406
  train [#######---------------------------------] 84/444  loss=0.0400
  train [#######---------------------------------] 88/444  loss=0.0393
  train [########--------------------------------] 92/444  loss=0.0386
  train [########--------------------------------] 96/444  loss=0.0381
  train [#########-------------------------------] 100/444  loss=0.0388
  train [#########-------------------------------] 104/444  loss=0.0380
  train [#########-------------------------------] 108/444  loss=0.0378
  train [##########------------------------------] 112/444  loss=0.0379
  train [##########------------------------------] 116/444  loss=0.0376
  train [##########------------------------------] 120/444  loss=0.0372
  train [###########-----------------------------] 124/444  loss=0.0370
  train [###########-----------------------------] 128/444  loss=0.0365
  train [###########-----------------------------] 132/444  loss=0.0370
  train [############----------------------------] 136/444  loss=0.0370
  train [############----------------------------] 140/444  loss=0.0367
  train [############----------------------------] 144/444  loss=0.0363
  train [#############---------------------------] 148/444  loss=0.0360
  train [#############---------------------------] 152/444  loss=0.0357
  train [##############--------------------------] 156/444  loss=0.0361
  train [##############--------------------------] 160/444  loss=0.0358
  train [##############--------------------------] 164/444  loss=0.0358
  train [###############-------------------------] 168/444  loss=0.0358
  train [###############-------------------------] 172/444  loss=0.0353
  train [###############-------------------------] 176/444  loss=0.0349
  train [################------------------------] 180/444  loss=0.0348
  train [################------------------------] 184/444  loss=0.0346
  train [################------------------------] 188/444  loss=0.0342
  train [#################-----------------------] 192/444  loss=0.0340
  train [#################-----------------------] 196/444  loss=0.0339
  train [##################----------------------] 200/444  loss=0.0336
  train [##################----------------------] 204/444  loss=0.0332
  train [##################----------------------] 208/444  loss=0.0329
  train [###################---------------------] 212/444  loss=0.0326
  train [###################---------------------] 216/444  loss=0.0323
  train [###################---------------------] 220/444  loss=0.0321
  train [####################--------------------] 224/444  loss=0.0320
  train [####################--------------------] 228/444  loss=0.0319
  train [####################--------------------] 232/444  loss=0.0319
  train [#####################-------------------] 236/444  loss=0.0316
  train [#####################-------------------] 240/444  loss=0.0314
  train [#####################-------------------] 244/444  loss=0.0312
  train [######################------------------] 248/444  loss=0.0310
  train [######################------------------] 252/444  loss=0.0307
  train [#######################-----------------] 256/444  loss=0.0308
  train [#######################-----------------] 260/444  loss=0.0307
  train [#######################-----------------] 264/444  loss=0.0306
  train [########################----------------] 268/444  loss=0.0304
  train [########################----------------] 272/444  loss=0.0301
  train [########################----------------] 276/444  loss=0.0299
  train [#########################---------------] 280/444  loss=0.0298
  train [#########################---------------] 284/444  loss=0.0297
  train [#########################---------------] 288/444  loss=0.0297
  train [##########################--------------] 292/444  loss=0.0295
  train [##########################--------------] 296/444  loss=0.0294
  train [###########################-------------] 300/444  loss=0.0293
  train [###########################-------------] 304/444  loss=0.0292
  train [###########################-------------] 308/444  loss=0.0293
  train [############################------------] 312/444  loss=0.0292
  train [############################------------] 316/444  loss=0.0291
  train [############################------------] 320/444  loss=0.0289
  train [#############################-----------] 324/444  loss=0.0291
  train [#############################-----------] 328/444  loss=0.0289
  train [#############################-----------] 332/444  loss=0.0289
  train [##############################----------] 336/444  loss=0.0288
  train [##############################----------] 340/444  loss=0.0287
  train [##############################----------] 344/444  loss=0.0285
  train [###############################---------] 348/444  loss=0.0283
  train [###############################---------] 352/444  loss=0.0282
  train [################################--------] 356/444  loss=0.0280
  train [################################--------] 360/444  loss=0.0278
  train [################################--------] 364/444  loss=0.0279
  train [#################################-------] 368/444  loss=0.0278
  train [#################################-------] 372/444  loss=0.0277
  train [#################################-------] 376/444  loss=0.0277
  train [##################################------] 380/444  loss=0.0278
  train [##################################------] 384/444  loss=0.0276
  train [##################################------] 388/444  loss=0.0276
  train [###################################-----] 392/444  loss=0.0274
  train [###################################-----] 396/444  loss=0.0273
  train [####################################----] 400/444  loss=0.0273
  train [####################################----] 404/444  loss=0.0272
  train [####################################----] 408/444  loss=0.0271
  train [#####################################---] 412/444  loss=0.0269
  train [#####################################---] 416/444  loss=0.0268
  train [#####################################---] 420/444  loss=0.0266
  train [######################################--] 424/444  loss=0.0270
  train [######################################--] 428/444  loss=0.0270
  train [######################################--] 432/444  loss=0.0271
  train [#######################################-] 436/444  loss=0.0271
  train [#######################################-] 440/444  loss=0.0271
  train [########################################] 444/444  loss=0.0271
  val   [----------------------------------------] 1/93
  val   [----------------------------------------] 2/93
  val   [#---------------------------------------] 3/93
  val   [#---------------------------------------] 4/93
  val   [##--------------------------------------] 5/93
  val   [##--------------------------------------] 6/93
  val   [###-------------------------------------] 7/93
  val   [###-------------------------------------] 8/93
  val   [###-------------------------------------] 9/93
  val   [####------------------------------------] 10/93
  val   [####------------------------------------] 11/93
  val   [#####-----------------------------------] 12/93
  val   [#####-----------------------------------] 13/93
  val   [######----------------------------------] 14/93
  val   [######----------------------------------] 15/93
  val   [######----------------------------------] 16/93
  val   [#######---------------------------------] 17/93
  val   [#######---------------------------------] 18/93
  val   [########--------------------------------] 19/93
  val   [########--------------------------------] 20/93
  val   [#########-------------------------------] 21/93
  val   [#########-------------------------------] 22/93
  val   [#########-------------------------------] 23/93
  val   [##########------------------------------] 24/93
  val   [##########------------------------------] 25/93
  val   [###########-----------------------------] 26/93
  val   [###########-----------------------------] 27/93
  val   [############----------------------------] 28/93
  val   [############----------------------------] 29/93
  val   [############----------------------------] 30/93
  val   [#############---------------------------] 31/93
  val   [#############---------------------------] 32/93
  val   [##############--------------------------] 33/93
  val   [##############--------------------------] 34/93
  val   [###############-------------------------] 35/93
  val   [###############-------------------------] 36/93
  val   [###############-------------------------] 37/93
  val   [################------------------------] 38/93
  val   [################------------------------] 39/93
  val   [#################-----------------------] 40/93
  val   [#################-----------------------] 41/93
  val   [##################----------------------] 42/93
  val   [##################----------------------] 43/93
  val   [##################----------------------] 44/93
  val   [###################---------------------] 45/93
  val   [###################---------------------] 46/93
  val   [####################--------------------] 47/93
  val   [####################--------------------] 48/93
  val   [#####################-------------------] 49/93
  val   [#####################-------------------] 50/93
  val   [#####################-------------------] 51/93
  val   [######################------------------] 52/93
  val   [######################------------------] 53/93
  val   [#######################-----------------] 54/93
  val   [#######################-----------------] 55/93
  val   [########################----------------] 56/93
  val   [########################----------------] 57/93
  val   [########################----------------] 58/93
  val   [#########################---------------] 59/93
  val   [#########################---------------] 60/93
  val   [##########################--------------] 61/93
  val   [##########################--------------] 62/93
  val   [###########################-------------] 63/93
  val   [###########################-------------] 64/93
  val   [###########################-------------] 65/93
  val   [############################------------] 66/93
  val   [############################------------] 67/93
  val   [#############################-----------] 68/93
  val   [#############################-----------] 69/93
  val   [##############################----------] 70/93
  val   [##############################----------] 71/93
  val   [##############################----------] 72/93
  val   [###############################---------] 73/93
  val   [###############################---------] 74/93
  val   [################################--------] 75/93
  val   [################################--------] 76/93
  val   [#################################-------] 77/93
  val   [#################################-------] 78/93
  val   [#################################-------] 79/93
  val   [##################################------] 80/93
  val   [##################################------] 81/93
  val   [###################################-----] 82/93
  val   [###################################-----] 83/93
  val   [####################################----] 84/93
  val   [####################################----] 85/93
  val   [####################################----] 86/93
  val   [#####################################---] 87/93
  val   [#####################################---] 88/93
  val   [######################################--] 89/93
  val   [######################################--] 90/93
  val   [#######################################-] 91/93
  val   [#######################################-] 92/93
  val   [########################################] 93/93
Epoch   9 | train_loss=0.0271 | val_loss=0.2828 | val_acc=0.9410
  train [----------------------------------------] 4/444  loss=0.0162
  train [----------------------------------------] 8/444  loss=0.0225
  train [#---------------------------------------] 12/444  loss=0.0264
  train [#---------------------------------------] 16/444  loss=0.0304
  train [#---------------------------------------] 20/444  loss=0.0278
  train [##--------------------------------------] 24/444  loss=0.0298
  train [##--------------------------------------] 28/444  loss=0.0262
  train [##--------------------------------------] 32/444  loss=0.0254
  train [###-------------------------------------] 36/444  loss=0.0240
  train [###-------------------------------------] 40/444  loss=0.0242
  train [###-------------------------------------] 44/444  loss=0.0232
  train [####------------------------------------] 48/444  loss=0.0226
  train [####------------------------------------] 52/444  loss=0.0216
  train [#####-----------------------------------] 56/444  loss=0.0218
  train [#####-----------------------------------] 60/444  loss=0.0216
  train [#####-----------------------------------] 64/444  loss=0.0217
  train [######----------------------------------] 68/444  loss=0.0212
  train [######----------------------------------] 72/444  loss=0.0221
  train [######----------------------------------] 76/444  loss=0.0221
  train [#######---------------------------------] 80/444  loss=0.0214
  train [#######---------------------------------] 84/444  loss=0.0242
  train [#######---------------------------------] 88/444  loss=0.0240
  train [########--------------------------------] 92/444  loss=0.0239
  train [########--------------------------------] 96/444  loss=0.0237
  train [#########-------------------------------] 100/444  loss=0.0230
  train [#########-------------------------------] 104/444  loss=0.0233
  train [#########-------------------------------] 108/444  loss=0.0228
  train [##########------------------------------] 112/444  loss=0.0225
  train [##########------------------------------] 116/444  loss=0.0220
  train [##########------------------------------] 120/444  loss=0.0215
  train [###########-----------------------------] 124/444  loss=0.0211
  train [###########-----------------------------] 128/444  loss=0.0210
  train [###########-----------------------------] 132/444  loss=0.0208
  train [############----------------------------] 136/444  loss=0.0206
  train [############----------------------------] 140/444  loss=0.0205
  train [############----------------------------] 144/444  loss=0.0200
  train [#############---------------------------] 148/444  loss=0.0200
  train [#############---------------------------] 152/444  loss=0.0198
  train [##############--------------------------] 156/444  loss=0.0207
  train [##############--------------------------] 160/444  loss=0.0206
  train [##############--------------------------] 164/444  loss=0.0203
  train [###############-------------------------] 168/444  loss=0.0202
  train [###############-------------------------] 172/444  loss=0.0199
  train [###############-------------------------] 176/444  loss=0.0198
  train [################------------------------] 180/444  loss=0.0195
  train [################------------------------] 184/444  loss=0.0193
  train [################------------------------] 188/444  loss=0.0191
  train [#################-----------------------] 192/444  loss=0.0190
  train [#################-----------------------] 196/444  loss=0.0190
  train [##################----------------------] 200/444  loss=0.0192
  train [##################----------------------] 204/444  loss=0.0190
  train [##################----------------------] 208/444  loss=0.0189
  train [###################---------------------] 212/444  loss=0.0191
  train [###################---------------------] 216/444  loss=0.0194
  train [###################---------------------] 220/444  loss=0.0200
  train [####################--------------------] 224/444  loss=0.0201
  train [####################--------------------] 228/444  loss=0.0201
  train [####################--------------------] 232/444  loss=0.0202
  train [#####################-------------------] 236/444  loss=0.0200
  train [#####################-------------------] 240/444  loss=0.0201
  train [#####################-------------------] 244/444  loss=0.0200
  train [######################------------------] 248/444  loss=0.0199
  train [######################------------------] 252/444  loss=0.0199
  train [#######################-----------------] 256/444  loss=0.0199
  train [#######################-----------------] 260/444  loss=0.0199
  train [#######################-----------------] 264/444  loss=0.0197
  train [########################----------------] 268/444  loss=0.0196
  train [########################----------------] 272/444  loss=0.0194
  train [########################----------------] 276/444  loss=0.0194
  train [#########################---------------] 280/444  loss=0.0192
  train [#########################---------------] 284/444  loss=0.0190
  train [#########################---------------] 288/444  loss=0.0189
  train [##########################--------------] 292/444  loss=0.0187
  train [##########################--------------] 296/444  loss=0.0186
  train [###########################-------------] 300/444  loss=0.0185
  train [###########################-------------] 304/444  loss=0.0183
  train [###########################-------------] 308/444  loss=0.0181
  train [############################------------] 312/444  loss=0.0180
  train [############################------------] 316/444  loss=0.0179
  train [############################------------] 320/444  loss=0.0177
  train [#############################-----------] 324/444  loss=0.0177
  train [#############################-----------] 328/444  loss=0.0176
  train [#############################-----------] 332/444  loss=0.0174
  train [##############################----------] 336/444  loss=0.0175
  train [##############################----------] 340/444  loss=0.0174
  train [##############################----------] 344/444  loss=0.0173
  train [###############################---------] 348/444  loss=0.0172
  train [###############################---------] 352/444  loss=0.0171
  train [################################--------] 356/444  loss=0.0171
  train [################################--------] 360/444  loss=0.0171
  train [################################--------] 364/444  loss=0.0170
  train [#################################-------] 368/444  loss=0.0170
  train [#################################-------] 372/444  loss=0.0170
  train [#################################-------] 376/444  loss=0.0169
  train [##################################------] 380/444  loss=0.0169
  train [##################################------] 384/444  loss=0.0167
  train [##################################------] 388/444  loss=0.0166
  train [###################################-----] 392/444  loss=0.0165
  train [###################################-----] 396/444  loss=0.0164
  train [####################################----] 400/444  loss=0.0163
  train [####################################----] 404/444  loss=0.0163
  train [####################################----] 408/444  loss=0.0162
  train [#####################################---] 412/444  loss=0.0162
  train [#####################################---] 416/444  loss=0.0162
  train [#####################################---] 420/444  loss=0.0161
  train [######################################--] 424/444  loss=0.0160
  train [######################################--] 428/444  loss=0.0160
  train [######################################--] 432/444  loss=0.0159
  train [#######################################-] 436/444  loss=0.0159
  train [#######################################-] 440/444  loss=0.0161
  train [########################################] 444/444  loss=0.0160
  val   [----------------------------------------] 1/93
  val   [----------------------------------------] 2/93
  val   [#---------------------------------------] 3/93
  val   [#---------------------------------------] 4/93
  val   [##--------------------------------------] 5/93
  val   [##--------------------------------------] 6/93
  val   [###-------------------------------------] 7/93
  val   [###-------------------------------------] 8/93
  val   [###-------------------------------------] 9/93
  val   [####------------------------------------] 10/93
  val   [####------------------------------------] 11/93
  val   [#####-----------------------------------] 12/93
  val   [#####-----------------------------------] 13/93
  val   [######----------------------------------] 14/93
  val   [######----------------------------------] 15/93
  val   [######----------------------------------] 16/93
  val   [#######---------------------------------] 17/93
  val   [#######---------------------------------] 18/93
  val   [########--------------------------------] 19/93
  val   [########--------------------------------] 20/93
  val   [#########-------------------------------] 21/93
  val   [#########-------------------------------] 22/93
  val   [#########-------------------------------] 23/93
  val   [##########------------------------------] 24/93
  val   [##########------------------------------] 25/93
  val   [###########-----------------------------] 26/93
  val   [###########-----------------------------] 27/93
  val   [############----------------------------] 28/93
  val   [############----------------------------] 29/93
  val   [############----------------------------] 30/93
  val   [#############---------------------------] 31/93
  val   [#############---------------------------] 32/93
  val   [##############--------------------------] 33/93
  val   [##############--------------------------] 34/93
  val   [###############-------------------------] 35/93
  val   [###############-------------------------] 36/93
  val   [###############-------------------------] 37/93
  val   [################------------------------] 38/93
  val   [################------------------------] 39/93
  val   [#################-----------------------] 40/93
  val   [#################-----------------------] 41/93
  val   [##################----------------------] 42/93
  val   [##################----------------------] 43/93
  val   [##################----------------------] 44/93
  val   [###################---------------------] 45/93
  val   [###################---------------------] 46/93
  val   [####################--------------------] 47/93
  val   [####################--------------------] 48/93
  val   [#####################-------------------] 49/93
  val   [#####################-------------------] 50/93
  val   [#####################-------------------] 51/93
  val   [######################------------------] 52/93
  val   [######################------------------] 53/93
  val   [#######################-----------------] 54/93
  val   [#######################-----------------] 55/93
  val   [########################----------------] 56/93
  val   [########################----------------] 57/93
  val   [########################----------------] 58/93
  val   [#########################---------------] 59/93
  val   [#########################---------------] 60/93
  val   [##########################--------------] 61/93
  val   [##########################--------------] 62/93
  val   [###########################-------------] 63/93
  val   [###########################-------------] 64/93
  val   [###########################-------------] 65/93
  val   [############################------------] 66/93
  val   [############################------------] 67/93
  val   [#############################-----------] 68/93
  val   [#############################-----------] 69/93
  val   [##############################----------] 70/93
  val   [##############################----------] 71/93
  val   [##############################----------] 72/93
  val   [###############################---------] 73/93
  val   [###############################---------] 74/93
  val   [################################--------] 75/93
  val   [################################--------] 76/93
  val   [#################################-------] 77/93
  val   [#################################-------] 78/93
  val   [#################################-------] 79/93
  val   [##################################------] 80/93
  val   [##################################------] 81/93
  val   [###################################-----] 82/93
  val   [###################################-----] 83/93
  val   [####################################----] 84/93
  val   [####################################----] 85/93
  val   [####################################----] 86/93
  val   [#####################################---] 87/93
  val   [#####################################---] 88/93
  val   [######################################--] 89/93
  val   [######################################--] 90/93
  val   [#######################################-] 91/93
  val   [#######################################-] 92/93
  val   [########################################] 93/93
Epoch  10 | train_loss=0.0160 | val_loss=0.2588 | val_acc=0.9469
  -> best model saved (val_loss=0.2588)
  train [----------------------------------------] 4/444  loss=0.0141
  train [----------------------------------------] 8/444  loss=0.0143
  train [#---------------------------------------] 12/444  loss=0.0114
  train [#---------------------------------------] 16/444  loss=0.0097
  train [#---------------------------------------] 20/444  loss=0.0091
  train [##--------------------------------------] 24/444  loss=0.0087
  train [##--------------------------------------] 28/444  loss=0.0086
  train [##--------------------------------------] 32/444  loss=0.0086
  train [###-------------------------------------] 36/444  loss=0.0087
  train [###-------------------------------------] 40/444  loss=0.0092
  train [###-------------------------------------] 44/444  loss=0.0088
  train [####------------------------------------] 48/444  loss=0.0084
  train [####------------------------------------] 52/444  loss=0.0084
  train [#####-----------------------------------] 56/444  loss=0.0081
  train [#####-----------------------------------] 60/444  loss=0.0082
  train [#####-----------------------------------] 64/444  loss=0.0085
  train [######----------------------------------] 68/444  loss=0.0084
  train [######----------------------------------] 72/444  loss=0.0083
  train [######----------------------------------] 76/444  loss=0.0085
  train [#######---------------------------------] 80/444  loss=0.0083
  train [#######---------------------------------] 84/444  loss=0.0082
  train [#######---------------------------------] 88/444  loss=0.0080
  train [########--------------------------------] 92/444  loss=0.0079
  train [########--------------------------------] 96/444  loss=0.0079
  train [#########-------------------------------] 100/444  loss=0.0078
  train [#########-------------------------------] 104/444  loss=0.0078
  train [#########-------------------------------] 108/444  loss=0.0079
  train [##########------------------------------] 112/444  loss=0.0079
  train [##########------------------------------] 116/444  loss=0.0077
  train [##########------------------------------] 120/444  loss=0.0080
  train [###########-----------------------------] 124/444  loss=0.0080
  train [###########-----------------------------] 128/444  loss=0.0078
  train [###########-----------------------------] 132/444  loss=0.0082
  train [############----------------------------] 136/444  loss=0.0083
  train [############----------------------------] 140/444  loss=0.0083
  train [############----------------------------] 144/444  loss=0.0086
  train [#############---------------------------] 148/444  loss=0.0088
  train [#############---------------------------] 152/444  loss=0.0088
  train [##############--------------------------] 156/444  loss=0.0088
  train [##############--------------------------] 160/444  loss=0.0089
  train [##############--------------------------] 164/444  loss=0.0107
  train [###############-------------------------] 168/444  loss=0.0106
  train [###############-------------------------] 172/444  loss=0.0109
  train [###############-------------------------] 176/444  loss=0.0108
  train [################------------------------] 180/444  loss=0.0109
  train [################------------------------] 184/444  loss=0.0119
  train [################------------------------] 188/444  loss=0.0119
  train [#################-----------------------] 192/444  loss=0.0125
  train [#################-----------------------] 196/444  loss=0.0129
  train [##################----------------------] 200/444  loss=0.0131
  train [##################----------------------] 204/444  loss=0.0134
  train [##################----------------------] 208/444  loss=0.0145
  train [###################---------------------] 212/444  loss=0.0146
  train [###################---------------------] 216/444  loss=0.0156
  train [###################---------------------] 220/444  loss=0.0158
  train [####################--------------------] 224/444  loss=0.0158
  train [####################--------------------] 228/444  loss=0.0158
  train [####################--------------------] 232/444  loss=0.0162
  train [#####################-------------------] 236/444  loss=0.0164
  train [#####################-------------------] 240/444  loss=0.0166
  train [#####################-------------------] 244/444  loss=0.0167
  train [######################------------------] 248/444  loss=0.0169
  train [######################------------------] 252/444  loss=0.0171
  train [#######################-----------------] 256/444  loss=0.0171
  train [#######################-----------------] 260/444  loss=0.0171
  train [#######################-----------------] 264/444  loss=0.0171
  train [########################----------------] 268/444  loss=0.0172
  train [########################----------------] 272/444  loss=0.0174
  train [########################----------------] 276/444  loss=0.0174
  train [#########################---------------] 280/444  loss=0.0173
  train [#########################---------------] 284/444  loss=0.0173
  train [#########################---------------] 288/444  loss=0.0172
  train [##########################--------------] 292/444  loss=0.0172
  train [##########################--------------] 296/444  loss=0.0172
  train [###########################-------------] 300/444  loss=0.0172
  train [###########################-------------] 304/444  loss=0.0171
  train [###########################-------------] 308/444  loss=0.0170
  train [############################------------] 312/444  loss=0.0173
  train [############################------------] 316/444  loss=0.0172
  train [############################------------] 320/444  loss=0.0172
  train [#############################-----------] 324/444  loss=0.0174
  train [#############################-----------] 328/444  loss=0.0174
  train [#############################-----------] 332/444  loss=0.0174
  train [##############################----------] 336/444  loss=0.0179
  train [##############################----------] 340/444  loss=0.0184
  train [##############################----------] 344/444  loss=0.0184
  train [###############################---------] 348/444  loss=0.0186
  train [###############################---------] 352/444  loss=0.0187
  train [################################--------] 356/444  loss=0.0187
  train [################################--------] 360/444  loss=0.0190
  train [################################--------] 364/444  loss=0.0191
  train [#################################-------] 368/444  loss=0.0194
  train [#################################-------] 372/444  loss=0.0194
  train [#################################-------] 376/444  loss=0.0193
  train [##################################------] 380/444  loss=0.0192
  train [##################################------] 384/444  loss=0.0191
  train [##################################------] 388/444  loss=0.0191
  train [###################################-----] 392/444  loss=0.0190
  train [###################################-----] 396/444  loss=0.0193
  train [####################################----] 400/444  loss=0.0192
  train [####################################----] 404/444  loss=0.0191
  train [####################################----] 408/444  loss=0.0192
  train [#####################################---] 412/444  loss=0.0196
  train [#####################################---] 416/444  loss=0.0197
  train [#####################################---] 420/444  loss=0.0197
  train [######################################--] 424/444  loss=0.0198
  train [######################################--] 428/444  loss=0.0199
  train [######################################--] 432/444  loss=0.0201
  train [#######################################-] 436/444  loss=0.0200
  train [#######################################-] 440/444  loss=0.0202
  train [########################################] 444/444  loss=0.0202
  val   [----------------------------------------] 1/93
  val   [----------------------------------------] 2/93
  val   [#---------------------------------------] 3/93
  val   [#---------------------------------------] 4/93
  val   [##--------------------------------------] 5/93
  val   [##--------------------------------------] 6/93
  val   [###-------------------------------------] 7/93
  val   [###-------------------------------------] 8/93
  val   [###-------------------------------------] 9/93
  val   [####------------------------------------] 10/93
  val   [####------------------------------------] 11/93
  val   [#####-----------------------------------] 12/93
  val   [#####-----------------------------------] 13/93
  val   [######----------------------------------] 14/93
  val   [######----------------------------------] 15/93
  val   [######----------------------------------] 16/93
  val   [#######---------------------------------] 17/93
  val   [#######---------------------------------] 18/93
  val   [########--------------------------------] 19/93
  val   [########--------------------------------] 20/93
  val   [#########-------------------------------] 21/93
  val   [#########-------------------------------] 22/93
  val   [#########-------------------------------] 23/93
  val   [##########------------------------------] 24/93
  val   [##########------------------------------] 25/93
  val   [###########-----------------------------] 26/93
  val   [###########-----------------------------] 27/93
  val   [############----------------------------] 28/93
  val   [############----------------------------] 29/93
  val   [############----------------------------] 30/93
  val   [#############---------------------------] 31/93
  val   [#############---------------------------] 32/93
  val   [##############--------------------------] 33/93
  val   [##############--------------------------] 34/93
  val   [###############-------------------------] 35/93
  val   [###############-------------------------] 36/93
  val   [###############-------------------------] 37/93
  val   [################------------------------] 38/93
  val   [################------------------------] 39/93
  val   [#################-----------------------] 40/93
  val   [#################-----------------------] 41/93
  val   [##################----------------------] 42/93
  val   [##################----------------------] 43/93
  val   [##################----------------------] 44/93
  val   [###################---------------------] 45/93
  val   [###################---------------------] 46/93
  val   [####################--------------------] 47/93
  val   [####################--------------------] 48/93
  val   [#####################-------------------] 49/93
  val   [#####################-------------------] 50/93
  val   [#####################-------------------] 51/93
  val   [######################------------------] 52/93
  val   [######################------------------] 53/93
  val   [#######################-----------------] 54/93
  val   [#######################-----------------] 55/93
  val   [########################----------------] 56/93
  val   [########################----------------] 57/93
  val   [########################----------------] 58/93
  val   [#########################---------------] 59/93
  val   [#########################---------------] 60/93
  val   [##########################--------------] 61/93
  val   [##########################--------------] 62/93
  val   [###########################-------------] 63/93
  val   [###########################-------------] 64/93
  val   [###########################-------------] 65/93
  val   [############################------------] 66/93
  val   [############################------------] 67/93
  val   [#############################-----------] 68/93
  val   [#############################-----------] 69/93
  val   [##############################----------] 70/93
  val   [##############################----------] 71/93
  val   [##############################----------] 72/93
  val   [###############################---------] 73/93
  val   [###############################---------] 74/93
  val   [################################--------] 75/93
  val   [################################--------] 76/93
  val   [#################################-------] 77/93
  val   [#################################-------] 78/93
  val   [#################################-------] 79/93
  val   [##################################------] 80/93
  val   [##################################------] 81/93
  val   [###################################-----] 82/93
  val   [###################################-----] 83/93
  val   [####################################----] 84/93
  val   [####################################----] 85/93
  val   [####################################----] 86/93
  val   [#####################################---] 87/93
  val   [#####################################---] 88/93
  val   [######################################--] 89/93
  val   [######################################--] 90/93
  val   [#######################################-] 91/93
  val   [#######################################-] 92/93
  val   [########################################] 93/93
Epoch  11 | train_loss=0.0202 | val_loss=0.3361 | val_acc=0.9306
  train [----------------------------------------] 4/444  loss=0.0463
  train [----------------------------------------] 8/444  loss=0.0408
  train [#---------------------------------------] 12/444  loss=0.0390
  train [#---------------------------------------] 16/444  loss=0.0410
  train [#---------------------------------------] 20/444  loss=0.0368
  train [##--------------------------------------] 24/444  loss=0.0365
  train [##--------------------------------------] 28/444  loss=0.0349
  train [##--------------------------------------] 32/444  loss=0.0339
  train [###-------------------------------------] 36/444  loss=0.0341
  train [###-------------------------------------] 40/444  loss=0.0328
  train [###-------------------------------------] 44/444  loss=0.0322
  train [####------------------------------------] 48/444  loss=0.0319
  train [####------------------------------------] 52/444  loss=0.0330
  train [#####-----------------------------------] 56/444  loss=0.0319
  train [#####-----------------------------------] 60/444  loss=0.0302
  train [#####-----------------------------------] 64/444  loss=0.0294
  train [######----------------------------------] 68/444  loss=0.0293
  train [######----------------------------------] 72/444  loss=0.0290
  train [######----------------------------------] 76/444  loss=0.0308
  train [#######---------------------------------] 80/444  loss=0.0303
  train [#######---------------------------------] 84/444  loss=0.0298
  train [#######---------------------------------] 88/444  loss=0.0295
  train [########--------------------------------] 92/444  loss=0.0288
  train [########--------------------------------] 96/444  loss=0.0281
  train [#########-------------------------------] 100/444  loss=0.0280
  train [#########-------------------------------] 104/444  loss=0.0298
  train [#########-------------------------------] 108/444  loss=0.0293
  train [##########------------------------------] 112/444  loss=0.0302
  train [##########------------------------------] 116/444  loss=0.0298
  train [##########------------------------------] 120/444  loss=0.0295
  train [###########-----------------------------] 124/444  loss=0.0295
  train [###########-----------------------------] 128/444  loss=0.0294
  train [###########-----------------------------] 132/444  loss=0.0296
  train [############----------------------------] 136/444  loss=0.0306
  train [############----------------------------] 140/444  loss=0.0311
  train [############----------------------------] 144/444  loss=0.0308
  train [#############---------------------------] 148/444  loss=0.0308
  train [#############---------------------------] 152/444  loss=0.0317
  train [##############--------------------------] 156/444  loss=0.0314
  train [##############--------------------------] 160/444  loss=0.0310
  train [##############--------------------------] 164/444  loss=0.0314
  train [###############-------------------------] 168/444  loss=0.0308
  train [###############-------------------------] 172/444  loss=0.0304
  train [###############-------------------------] 176/444  loss=0.0301
  train [################------------------------] 180/444  loss=0.0297
  train [################------------------------] 184/444  loss=0.0299
  train [################------------------------] 188/444  loss=0.0296
  train [#################-----------------------] 192/444  loss=0.0298
  train [#################-----------------------] 196/444  loss=0.0295
  train [##################----------------------] 200/444  loss=0.0295
  train [##################----------------------] 204/444  loss=0.0292
  train [##################----------------------] 208/444  loss=0.0292
  train [###################---------------------] 212/444  loss=0.0289
  train [###################---------------------] 216/444  loss=0.0291
  train [###################---------------------] 220/444  loss=0.0289
  train [####################--------------------] 224/444  loss=0.0286
  train [####################--------------------] 228/444  loss=0.0286
  train [####################--------------------] 232/444  loss=0.0283
  train [#####################-------------------] 236/444  loss=0.0283
  train [#####################-------------------] 240/444  loss=0.0281
  train [#####################-------------------] 244/444  loss=0.0284
  train [######################------------------] 248/444  loss=0.0281
  train [######################------------------] 252/444  loss=0.0279
  train [#######################-----------------] 256/444  loss=0.0279
  train [#######################-----------------] 260/444  loss=0.0277
  train [#######################-----------------] 264/444  loss=0.0276
  train [########################----------------] 268/444  loss=0.0275
  train [########################----------------] 272/444  loss=0.0274
  train [########################----------------] 276/444  loss=0.0272
  train [#########################---------------] 280/444  loss=0.0274
  train [#########################---------------] 284/444  loss=0.0273
  train [#########################---------------] 288/444  loss=0.0274
  train [##########################--------------] 292/444  loss=0.0273
  train [##########################--------------] 296/444  loss=0.0274
  train [###########################-------------] 300/444  loss=0.0273
  train [###########################-------------] 304/444  loss=0.0272
  train [###########################-------------] 308/444  loss=0.0270
  train [############################------------] 312/444  loss=0.0275
  train [############################------------] 316/444  loss=0.0276
  train [############################------------] 320/444  loss=0.0279
  train [#############################-----------] 324/444  loss=0.0277
  train [#############################-----------] 328/444  loss=0.0276
  train [#############################-----------] 332/444  loss=0.0277
  train [##############################----------] 336/444  loss=0.0275
  train [##############################----------] 340/444  loss=0.0281
  train [##############################----------] 344/444  loss=0.0285
  train [###############################---------] 348/444  loss=0.0285
  train [###############################---------] 352/444  loss=0.0284
  train [################################--------] 356/444  loss=0.0283
  train [################################--------] 360/444  loss=0.0284
  train [################################--------] 364/444  loss=0.0290
  train [#################################-------] 368/444  loss=0.0290
  train [#################################-------] 372/444  loss=0.0289
  train [#################################-------] 376/444  loss=0.0291
  train [##################################------] 380/444  loss=0.0289
  train [##################################------] 384/444  loss=0.0287
  train [##################################------] 388/444  loss=0.0287
  train [###################################-----] 392/444  loss=0.0287
  train [###################################-----] 396/444  loss=0.0286
  train [####################################----] 400/444  loss=0.0285
  train [####################################----] 404/444  loss=0.0286
  train [####################################----] 408/444  loss=0.0284
  train [#####################################---] 412/444  loss=0.0284
  train [#####################################---] 416/444  loss=0.0282
  train [#####################################---] 420/444  loss=0.0282
  train [######################################--] 424/444  loss=0.0280
  train [######################################--] 428/444  loss=0.0278
  train [######################################--] 432/444  loss=0.0277
  train [#######################################-] 436/444  loss=0.0275
  train [#######################################-] 440/444  loss=0.0277
  train [########################################] 444/444  loss=0.0275
  val   [----------------------------------------] 1/93
  val   [----------------------------------------] 2/93
  val   [#---------------------------------------] 3/93
  val   [#---------------------------------------] 4/93
  val   [##--------------------------------------] 5/93
  val   [##--------------------------------------] 6/93
  val   [###-------------------------------------] 7/93
  val   [###-------------------------------------] 8/93
  val   [###-------------------------------------] 9/93
  val   [####------------------------------------] 10/93
  val   [####------------------------------------] 11/93
  val   [#####-----------------------------------] 12/93
  val   [#####-----------------------------------] 13/93
  val   [######----------------------------------] 14/93
  val   [######----------------------------------] 15/93
  val   [######----------------------------------] 16/93
  val   [#######---------------------------------] 17/93
  val   [#######---------------------------------] 18/93
  val   [########--------------------------------] 19/93
  val   [########--------------------------------] 20/93
  val   [#########-------------------------------] 21/93
  val   [#########-------------------------------] 22/93
  val   [#########-------------------------------] 23/93
  val   [##########------------------------------] 24/93
  val   [##########------------------------------] 25/93
  val   [###########-----------------------------] 26/93
  val   [###########-----------------------------] 27/93
  val   [############----------------------------] 28/93
  val   [############----------------------------] 29/93
  val   [############----------------------------] 30/93
  val   [#############---------------------------] 31/93
  val   [#############---------------------------] 32/93
  val   [##############--------------------------] 33/93
  val   [##############--------------------------] 34/93
  val   [###############-------------------------] 35/93
  val   [###############-------------------------] 36/93
  val   [###############-------------------------] 37/93
  val   [################------------------------] 38/93
  val   [################------------------------] 39/93
  val   [#################-----------------------] 40/93
  val   [#################-----------------------] 41/93
  val   [##################----------------------] 42/93
  val   [##################----------------------] 43/93
  val   [##################----------------------] 44/93
  val   [###################---------------------] 45/93
  val   [###################---------------------] 46/93
  val   [####################--------------------] 47/93
  val   [####################--------------------] 48/93
  val   [#####################-------------------] 49/93
  val   [#####################-------------------] 50/93
  val   [#####################-------------------] 51/93
  val   [######################------------------] 52/93
  val   [######################------------------] 53/93
  val   [#######################-----------------] 54/93
  val   [#######################-----------------] 55/93
  val   [########################----------------] 56/93
  val   [########################----------------] 57/93
  val   [########################----------------] 58/93
  val   [#########################---------------] 59/93
  val   [#########################---------------] 60/93
  val   [##########################--------------] 61/93
  val   [##########################--------------] 62/93
  val   [###########################-------------] 63/93
  val   [###########################-------------] 64/93
  val   [###########################-------------] 65/93
  val   [############################------------] 66/93
  val   [############################------------] 67/93
  val   [#############################-----------] 68/93
  val   [#############################-----------] 69/93
  val   [##############################----------] 70/93
  val   [##############################----------] 71/93
  val   [##############################----------] 72/93
  val   [###############################---------] 73/93
  val   [###############################---------] 74/93
  val   [################################--------] 75/93
  val   [################################--------] 76/93
  val   [#################################-------] 77/93
  val   [#################################-------] 78/93
  val   [#################################-------] 79/93
  val   [##################################------] 80/93
  val   [##################################------] 81/93
  val   [###################################-----] 82/93
  val   [###################################-----] 83/93
  val   [####################################----] 84/93
  val   [####################################----] 85/93
  val   [####################################----] 86/93
  val   [#####################################---] 87/93
  val   [#####################################---] 88/93
  val   [######################################--] 89/93
  val   [######################################--] 90/93
  val   [#######################################-] 91/93
  val   [#######################################-] 92/93
  val   [########################################] 93/93
Epoch  12 | train_loss=0.0276 | val_loss=0.2818 | val_acc=0.9410
  train [----------------------------------------] 4/444  loss=0.0185
  train [----------------------------------------] 8/444  loss=0.0158
  train [#---------------------------------------] 12/444  loss=0.0135
  train [#---------------------------------------] 16/444  loss=0.0113
  train [#---------------------------------------] 20/444  loss=0.0116
  train [##--------------------------------------] 24/444  loss=0.0108
  train [##--------------------------------------] 28/444  loss=0.0110
  train [##--------------------------------------] 32/444  loss=0.0104
  train [###-------------------------------------] 36/444  loss=0.0097
  train [###-------------------------------------] 40/444  loss=0.0103
  train [###-------------------------------------] 44/444  loss=0.0099
  train [####------------------------------------] 48/444  loss=0.0098
  train [####------------------------------------] 52/444  loss=0.0102
  train [#####-----------------------------------] 56/444  loss=0.0106
  train [#####-----------------------------------] 60/444  loss=0.0104
  train [#####-----------------------------------] 64/444  loss=0.0117
  train [######----------------------------------] 68/444  loss=0.0114
  train [######----------------------------------] 72/444  loss=0.0114
  train [######----------------------------------] 76/444  loss=0.0111
  train [#######---------------------------------] 80/444  loss=0.0107
  train [#######---------------------------------] 84/444  loss=0.0103
  train [#######---------------------------------] 88/444  loss=0.0103
  train [########--------------------------------] 92/444  loss=0.0101
  train [########--------------------------------] 96/444  loss=0.0099
  train [#########-------------------------------] 100/444  loss=0.0099
  train [#########-------------------------------] 104/444  loss=0.0099
  train [#########-------------------------------] 108/444  loss=0.0105
  train [##########------------------------------] 112/444  loss=0.0105
  train [##########------------------------------] 116/444  loss=0.0106
  train [##########------------------------------] 120/444  loss=0.0106
  train [###########-----------------------------] 124/444  loss=0.0105
  train [###########-----------------------------] 128/444  loss=0.0107
  train [###########-----------------------------] 132/444  loss=0.0108
  train [############----------------------------] 136/444  loss=0.0106
  train [############----------------------------] 140/444  loss=0.0110
  train [############----------------------------] 144/444  loss=0.0109
  train [#############---------------------------] 148/444  loss=0.0112
  train [#############---------------------------] 152/444  loss=0.0110
  train [##############--------------------------] 156/444  loss=0.0121
  train [##############--------------------------] 160/444  loss=0.0126
  train [##############--------------------------] 164/444  loss=0.0126
  train [###############-------------------------] 168/444  loss=0.0128
  train [###############-------------------------] 172/444  loss=0.0131
  train [###############-------------------------] 176/444  loss=0.0131
  train [################------------------------] 180/444  loss=0.0136
  train [################------------------------] 184/444  loss=0.0139
  train [################------------------------] 188/444  loss=0.0138
  train [#################-----------------------] 192/444  loss=0.0141
  train [#################-----------------------] 196/444  loss=0.0139
  train [##################----------------------] 200/444  loss=0.0137
  train [##################----------------------] 204/444  loss=0.0137
  train [##################----------------------] 208/444  loss=0.0136
  train [###################---------------------] 212/444  loss=0.0136
  train [###################---------------------] 216/444  loss=0.0134
  train [###################---------------------] 220/444  loss=0.0134
  train [####################--------------------] 224/444  loss=0.0133
  train [####################--------------------] 228/444  loss=0.0136
  train [####################--------------------] 232/444  loss=0.0135
  train [#####################-------------------] 236/444  loss=0.0136
  train [#####################-------------------] 240/444  loss=0.0139
  train [#####################-------------------] 244/444  loss=0.0139
  train [######################------------------] 248/444  loss=0.0142
  train [######################------------------] 252/444  loss=0.0142
  train [#######################-----------------] 256/444  loss=0.0143
  train [#######################-----------------] 260/444  loss=0.0143
  train [#######################-----------------] 264/444  loss=0.0142
  train [########################----------------] 268/444  loss=0.0142
  train [########################----------------] 272/444  loss=0.0141
  train [########################----------------] 276/444  loss=0.0140
  train [#########################---------------] 280/444  loss=0.0140
  train [#########################---------------] 284/444  loss=0.0139
  train [#########################---------------] 288/444  loss=0.0139
  train [##########################--------------] 292/444  loss=0.0139
  train [##########################--------------] 296/444  loss=0.0139
  train [###########################-------------] 300/444  loss=0.0138
  train [###########################-------------] 304/444  loss=0.0137
  train [###########################-------------] 308/444  loss=0.0138
  train [############################------------] 312/444  loss=0.0137
  train [############################------------] 316/444  loss=0.0137
  train [############################------------] 320/444  loss=0.0137
  train [#############################-----------] 324/444  loss=0.0136
  train [#############################-----------] 328/444  loss=0.0140
  train [#############################-----------] 332/444  loss=0.0140
  train [##############################----------] 336/444  loss=0.0139
  train [##############################----------] 340/444  loss=0.0140
  train [##############################----------] 344/444  loss=0.0141
  train [###############################---------] 348/444  loss=0.0140
  train [###############################---------] 352/444  loss=0.0151
  train [################################--------] 356/444  loss=0.0151
  train [################################--------] 360/444  loss=0.0152
  train [################################--------] 364/444  loss=0.0152
  train [#################################-------] 368/444  loss=0.0151
  train [#################################-------] 372/444  loss=0.0150
  train [#################################-------] 376/444  loss=0.0151
  train [##################################------] 380/444  loss=0.0150
  train [##################################------] 384/444  loss=0.0148
  train [##################################------] 388/444  loss=0.0148
  train [###################################-----] 392/444  loss=0.0147
  train [###################################-----] 396/444  loss=0.0147
  train [####################################----] 400/444  loss=0.0148
  train [####################################----] 404/444  loss=0.0150
  train [####################################----] 408/444  loss=0.0149
  train [#####################################---] 412/444  loss=0.0150
  train [#####################################---] 416/444  loss=0.0158
  train [#####################################---] 420/444  loss=0.0158
  train [######################################--] 424/444  loss=0.0158
  train [######################################--] 428/444  loss=0.0159
  train [######################################--] 432/444  loss=0.0160
  train [#######################################-] 436/444  loss=0.0163
  train [#######################################-] 440/444  loss=0.0165
  train [########################################] 444/444  loss=0.0167
  val   [----------------------------------------] 1/93
  val   [----------------------------------------] 2/93
  val   [#---------------------------------------] 3/93
  val   [#---------------------------------------] 4/93
  val   [##--------------------------------------] 5/93
  val   [##--------------------------------------] 6/93
  val   [###-------------------------------------] 7/93
  val   [###-------------------------------------] 8/93
  val   [###-------------------------------------] 9/93
  val   [####------------------------------------] 10/93
  val   [####------------------------------------] 11/93
  val   [#####-----------------------------------] 12/93
  val   [#####-----------------------------------] 13/93
  val   [######----------------------------------] 14/93
  val   [######----------------------------------] 15/93
  val   [######----------------------------------] 16/93
  val   [#######---------------------------------] 17/93
  val   [#######---------------------------------] 18/93
  val   [########--------------------------------] 19/93
  val   [########--------------------------------] 20/93
  val   [#########-------------------------------] 21/93
  val   [#########-------------------------------] 22/93
  val   [#########-------------------------------] 23/93
  val   [##########------------------------------] 24/93
  val   [##########------------------------------] 25/93
  val   [###########-----------------------------] 26/93
  val   [###########-----------------------------] 27/93
  val   [############----------------------------] 28/93
  val   [############----------------------------] 29/93
  val   [############----------------------------] 30/93
  val   [#############---------------------------] 31/93
  val   [#############---------------------------] 32/93
  val   [##############--------------------------] 33/93
  val   [##############--------------------------] 34/93
  val   [###############-------------------------] 35/93
  val   [###############-------------------------] 36/93
  val   [###############-------------------------] 37/93
  val   [################------------------------] 38/93
  val   [################------------------------] 39/93
  val   [#################-----------------------] 40/93
  val   [#################-----------------------] 41/93
  val   [##################----------------------] 42/93
  val   [##################----------------------] 43/93
  val   [##################----------------------] 44/93
  val   [###################---------------------] 45/93
  val   [###################---------------------] 46/93
  val   [####################--------------------] 47/93
  val   [####################--------------------] 48/93
  val   [#####################-------------------] 49/93
  val   [#####################-------------------] 50/93
  val   [#####################-------------------] 51/93
  val   [######################------------------] 52/93
  val   [######################------------------] 53/93
  val   [#######################-----------------] 54/93
  val   [#######################-----------------] 55/93
  val   [########################----------------] 56/93
  val   [########################----------------] 57/93
  val   [########################----------------] 58/93
  val   [#########################---------------] 59/93
  val   [#########################---------------] 60/93
  val   [##########################--------------] 61/93
  val   [##########################--------------] 62/93
  val   [###########################-------------] 63/93
  val   [###########################-------------] 64/93
  val   [###########################-------------] 65/93
  val   [############################------------] 66/93
  val   [############################------------] 67/93
  val   [#############################-----------] 68/93
  val   [#############################-----------] 69/93
  val   [##############################----------] 70/93
  val   [##############################----------] 71/93
  val   [##############################----------] 72/93
  val   [###############################---------] 73/93
  val   [###############################---------] 74/93
  val   [################################--------] 75/93
  val   [################################--------] 76/93
  val   [#################################-------] 77/93
  val   [#################################-------] 78/93
  val   [#################################-------] 79/93
  val   [##################################------] 80/93
  val   [##################################------] 81/93
  val   [###################################-----] 82/93
  val   [###################################-----] 83/93
  val   [####################################----] 84/93
  val   [####################################----] 85/93
  val   [####################################----] 86/93
  val   [#####################################---] 87/93
  val   [#####################################---] 88/93
  val   [######################################--] 89/93
  val   [######################################--] 90/93
  val   [#######################################-] 91/93
  val   [#######################################-] 92/93
  val   [########################################] 93/93
Epoch  13 | train_loss=0.0168 | val_loss=0.3344 | val_acc=0.9242
  train [----------------------------------------] 4/444  loss=0.0205
  train [----------------------------------------] 8/444  loss=0.0316
  train [#---------------------------------------] 12/444  loss=0.0249
  train [#---------------------------------------] 16/444  loss=0.0310
  train [#---------------------------------------] 20/444  loss=0.0331
  train [##--------------------------------------] 24/444  loss=0.0299
  train [##--------------------------------------] 28/444  loss=0.0276
  train [##--------------------------------------] 32/444  loss=0.0414
  train [###-------------------------------------] 36/444  loss=0.0387
  train [###-------------------------------------] 40/444  loss=0.0367
  train [###-------------------------------------] 44/444  loss=0.0345
  train [####------------------------------------] 48/444  loss=0.0345
  train [####------------------------------------] 52/444  loss=0.0348
  train [#####-----------------------------------] 56/444  loss=0.0328
  train [#####-----------------------------------] 60/444  loss=0.0313
  train [#####-----------------------------------] 64/444  loss=0.0299
  train [######----------------------------------] 68/444  loss=0.0305
  train [######----------------------------------] 72/444  loss=0.0291
  train [######----------------------------------] 76/444  loss=0.0285
  train [#######---------------------------------] 80/444  loss=0.0284
  train [#######---------------------------------] 84/444  loss=0.0274
  train [#######---------------------------------] 88/444  loss=0.0265
  train [########--------------------------------] 92/444  loss=0.0255
  train [########--------------------------------] 96/444  loss=0.0249
  train [#########-------------------------------] 100/444  loss=0.0250
  train [#########-------------------------------] 104/444  loss=0.0251
  train [#########-------------------------------] 108/444  loss=0.0249
  train [##########------------------------------] 112/444  loss=0.0243
  train [##########------------------------------] 116/444  loss=0.0241
  train [##########------------------------------] 120/444  loss=0.0237
  train [###########-----------------------------] 124/444  loss=0.0232
  train [###########-----------------------------] 128/444  loss=0.0228
  train [###########-----------------------------] 132/444  loss=0.0225
  train [############----------------------------] 136/444  loss=0.0233
  train [############----------------------------] 140/444  loss=0.0234
  train [############----------------------------] 144/444  loss=0.0232
  train [#############---------------------------] 148/444  loss=0.0230
  train [#############---------------------------] 152/444  loss=0.0231
  train [##############--------------------------] 156/444  loss=0.0229
  train [##############--------------------------] 160/444  loss=0.0231
  train [##############--------------------------] 164/444  loss=0.0232
  train [###############-------------------------] 168/444  loss=0.0230
  train [###############-------------------------] 172/444  loss=0.0226
  train [###############-------------------------] 176/444  loss=0.0231
  train [################------------------------] 180/444  loss=0.0235
  train [################------------------------] 184/444  loss=0.0243
  train [################------------------------] 188/444  loss=0.0243
  train [#################-----------------------] 192/444  loss=0.0240
  train [#################-----------------------] 196/444  loss=0.0238
  train [##################----------------------] 200/444  loss=0.0237
  train [##################----------------------] 204/444  loss=0.0236
  train [##################----------------------] 208/444  loss=0.0234
  train [###################---------------------] 212/444  loss=0.0238
  train [###################---------------------] 216/444  loss=0.0235
  train [###################---------------------] 220/444  loss=0.0232
  train [####################--------------------] 224/444  loss=0.0240
  train [####################--------------------] 228/444  loss=0.0238
  train [####################--------------------] 232/444  loss=0.0240
  train [#####################-------------------] 236/444  loss=0.0238
  train [#####################-------------------] 240/444  loss=0.0239
  train [#####################-------------------] 244/444  loss=0.0237
  train [######################------------------] 248/444  loss=0.0235
  train [######################------------------] 252/444  loss=0.0233
  train [#######################-----------------] 256/444  loss=0.0231
  train [#######################-----------------] 260/444  loss=0.0232
  train [#######################-----------------] 264/444  loss=0.0230
  train [########################----------------] 268/444  loss=0.0228
  train [########################----------------] 272/444  loss=0.0227
  train [########################----------------] 276/444  loss=0.0225
  train [#########################---------------] 280/444  loss=0.0223
  train [#########################---------------] 284/444  loss=0.0220
  train [#########################---------------] 288/444  loss=0.0220
  train [##########################--------------] 292/444  loss=0.0217
  train [##########################--------------] 296/444  loss=0.0216
  train [###########################-------------] 300/444  loss=0.0214
  train [###########################-------------] 304/444  loss=0.0212
  train [###########################-------------] 308/444  loss=0.0210
  train [############################------------] 312/444  loss=0.0209
  train [############################------------] 316/444  loss=0.0208
  train [############################------------] 320/444  loss=0.0206
  train [#############################-----------] 324/444  loss=0.0204
  train [#############################-----------] 328/444  loss=0.0203
  train [#############################-----------] 332/444  loss=0.0202
  train [##############################----------] 336/444  loss=0.0200
  train [##############################----------] 340/444  loss=0.0200
  train [##############################----------] 344/444  loss=0.0198
  train [###############################---------] 348/444  loss=0.0197
  train [###############################---------] 352/444  loss=0.0196
  train [################################--------] 356/444  loss=0.0195
  train [################################--------] 360/444  loss=0.0195
  train [################################--------] 364/444  loss=0.0194
  train [#################################-------] 368/444  loss=0.0194
  train [#################################-------] 372/444  loss=0.0194
  train [#################################-------] 376/444  loss=0.0193
  train [##################################------] 380/444  loss=0.0191
  train [##################################------] 384/444  loss=0.0190
  train [##################################------] 388/444  loss=0.0189
  train [###################################-----] 392/444  loss=0.0189
  train [###################################-----] 396/444  loss=0.0189
  train [####################################----] 400/444  loss=0.0188
  train [####################################----] 404/444  loss=0.0188
  train [####################################----] 408/444  loss=0.0189
  train [#####################################---] 412/444  loss=0.0188
  train [#####################################---] 416/444  loss=0.0188
  train [#####################################---] 420/444  loss=0.0188
  train [######################################--] 424/444  loss=0.0189
  train [######################################--] 428/444  loss=0.0191
  train [######################################--] 432/444  loss=0.0190
  train [#######################################-] 436/444  loss=0.0188
  train [#######################################-] 440/444  loss=0.0188
  train [########################################] 444/444  loss=0.0187
  val   [----------------------------------------] 1/93
  val   [----------------------------------------] 2/93
  val   [#---------------------------------------] 3/93
  val   [#---------------------------------------] 4/93
  val   [##--------------------------------------] 5/93
  val   [##--------------------------------------] 6/93
  val   [###-------------------------------------] 7/93
  val   [###-------------------------------------] 8/93
  val   [###-------------------------------------] 9/93
  val   [####------------------------------------] 10/93
  val   [####------------------------------------] 11/93
  val   [#####-----------------------------------] 12/93
  val   [#####-----------------------------------] 13/93
  val   [######----------------------------------] 14/93
  val   [######----------------------------------] 15/93
  val   [######----------------------------------] 16/93
  val   [#######---------------------------------] 17/93
  val   [#######---------------------------------] 18/93
  val   [########--------------------------------] 19/93
  val   [########--------------------------------] 20/93
  val   [#########-------------------------------] 21/93
  val   [#########-------------------------------] 22/93
  val   [#########-------------------------------] 23/93
  val   [##########------------------------------] 24/93
  val   [##########------------------------------] 25/93
  val   [###########-----------------------------] 26/93
  val   [###########-----------------------------] 27/93
  val   [############----------------------------] 28/93
  val   [############----------------------------] 29/93
  val   [############----------------------------] 30/93
  val   [#############---------------------------] 31/93
  val   [#############---------------------------] 32/93
  val   [##############--------------------------] 33/93
  val   [##############--------------------------] 34/93
  val   [###############-------------------------] 35/93
  val   [###############-------------------------] 36/93
  val   [###############-------------------------] 37/93
  val   [################------------------------] 38/93
  val   [################------------------------] 39/93
  val   [#################-----------------------] 40/93
  val   [#################-----------------------] 41/93
  val   [##################----------------------] 42/93
  val   [##################----------------------] 43/93
  val   [##################----------------------] 44/93
  val   [###################---------------------] 45/93
  val   [###################---------------------] 46/93
  val   [####################--------------------] 47/93
  val   [####################--------------------] 48/93
  val   [#####################-------------------] 49/93
  val   [#####################-------------------] 50/93
  val   [#####################-------------------] 51/93
  val   [######################------------------] 52/93
  val   [######################------------------] 53/93
  val   [#######################-----------------] 54/93
  val   [#######################-----------------] 55/93
  val   [########################----------------] 56/93
  val   [########################----------------] 57/93
  val   [########################----------------] 58/93
  val   [#########################---------------] 59/93
  val   [#########################---------------] 60/93
  val   [##########################--------------] 61/93
  val   [##########################--------------] 62/93
  val   [###########################-------------] 63/93
  val   [###########################-------------] 64/93
  val   [###########################-------------] 65/93
  val   [############################------------] 66/93
  val   [############################------------] 67/93
  val   [#############################-----------] 68/93
  val   [#############################-----------] 69/93
  val   [##############################----------] 70/93
  val   [##############################----------] 71/93
  val   [##############################----------] 72/93
  val   [###############################---------] 73/93
  val   [###############################---------] 74/93
  val   [################################--------] 75/93
  val   [################################--------] 76/93
  val   [#################################-------] 77/93
  val   [#################################-------] 78/93
  val   [#################################-------] 79/93
  val   [##################################------] 80/93
  val   [##################################------] 81/93
  val   [###################################-----] 82/93
  val   [###################################-----] 83/93
  val   [####################################----] 84/93
  val   [####################################----] 85/93
  val   [####################################----] 86/93
  val   [#####################################---] 87/93
  val   [#####################################---] 88/93
  val   [######################################--] 89/93
  val   [######################################--] 90/93
  val   [#######################################-] 91/93
  val   [#######################################-] 92/93
  val   [########################################] 93/93
Epoch  14 | train_loss=0.0187 | val_loss=0.3108 | val_acc=0.9371
  train [----------------------------------------] 4/444  loss=0.0282
  train [----------------------------------------] 8/444  loss=0.0200
  train [#---------------------------------------] 12/444  loss=0.0260
  train [#---------------------------------------] 16/444  loss=0.0256
  train [#---------------------------------------] 20/444  loss=0.0215
  train [##--------------------------------------] 24/444  loss=0.0203
  train [##--------------------------------------] 28/444  loss=0.0185
  train [##--------------------------------------] 32/444  loss=0.0168
  train [###-------------------------------------] 36/444  loss=0.0155
  train [###-------------------------------------] 40/444  loss=0.0153
  train [###-------------------------------------] 44/444  loss=0.0142
  train [####------------------------------------] 48/444  loss=0.0134
  train [####------------------------------------] 52/444  loss=0.0132
  train [#####-----------------------------------] 56/444  loss=0.0126
  train [#####-----------------------------------] 60/444  loss=0.0133
  train [#####-----------------------------------] 64/444  loss=0.0126
  train [######----------------------------------] 68/444  loss=0.0122
  train [######----------------------------------] 72/444  loss=0.0116
  train [######----------------------------------] 76/444  loss=0.0111
  train [#######---------------------------------] 80/444  loss=0.0116
  train [#######---------------------------------] 84/444  loss=0.0113
  train [#######---------------------------------] 88/444  loss=0.0118
  train [########--------------------------------] 92/444  loss=0.0115
  train [########--------------------------------] 96/444  loss=0.0113
  train [#########-------------------------------] 100/444  loss=0.0113
  train [#########-------------------------------] 104/444  loss=0.0114
  train [#########-------------------------------] 108/444  loss=0.0112
  train [##########------------------------------] 112/444  loss=0.0112
  train [##########------------------------------] 116/444  loss=0.0110
  train [##########------------------------------] 120/444  loss=0.0107
  train [###########-----------------------------] 124/444  loss=0.0110
  train [###########-----------------------------] 128/444  loss=0.0112
  train [###########-----------------------------] 132/444  loss=0.0111
  train [############----------------------------] 136/444  loss=0.0109
  train [############----------------------------] 140/444  loss=0.0107
  train [############----------------------------] 144/444  loss=0.0106
  train [#############---------------------------] 148/444  loss=0.0106
  train [#############---------------------------] 152/444  loss=0.0106
  train [##############--------------------------] 156/444  loss=0.0104
  train [##############--------------------------] 160/444  loss=0.0102
  train [##############--------------------------] 164/444  loss=0.0101
  train [###############-------------------------] 168/444  loss=0.0103
  train [###############-------------------------] 172/444  loss=0.0101
  train [###############-------------------------] 176/444  loss=0.0100
  train [################------------------------] 180/444  loss=0.0098
  train [################------------------------] 184/444  loss=0.0097
  train [################------------------------] 188/444  loss=0.0097
  train [#################-----------------------] 192/444  loss=0.0096
  train [#################-----------------------] 196/444  loss=0.0094
  train [##################----------------------] 200/444  loss=0.0093
  train [##################----------------------] 204/444  loss=0.0093
  train [##################----------------------] 208/444  loss=0.0093
  train [###################---------------------] 212/444  loss=0.0091
  train [###################---------------------] 216/444  loss=0.0091
  train [###################---------------------] 220/444  loss=0.0090
  train [####################--------------------] 224/444  loss=0.0090
  train [####################--------------------] 228/444  loss=0.0090
  train [####################--------------------] 232/444  loss=0.0089
  train [#####################-------------------] 236/444  loss=0.0089
  train [#####################-------------------] 240/444  loss=0.0088
  train [#####################-------------------] 244/444  loss=0.0087
  train [######################------------------] 248/444  loss=0.0087
  train [######################------------------] 252/444  loss=0.0086
  train [#######################-----------------] 256/444  loss=0.0086
  train [#######################-----------------] 260/444  loss=0.0085
  train [#######################-----------------] 264/444  loss=0.0084
  train [########################----------------] 268/444  loss=0.0083
  train [########################----------------] 272/444  loss=0.0083
  train [########################----------------] 276/444  loss=0.0082
  train [#########################---------------] 280/444  loss=0.0081
  train [#########################---------------] 284/444  loss=0.0080
  train [#########################---------------] 288/444  loss=0.0079
  train [##########################--------------] 292/444  loss=0.0079
  train [##########################--------------] 296/444  loss=0.0078
  train [###########################-------------] 300/444  loss=0.0077
  train [###########################-------------] 304/444  loss=0.0077
  train [###########################-------------] 308/444  loss=0.0076
  train [############################------------] 312/444  loss=0.0075
  train [############################------------] 316/444  loss=0.0075
  train [############################------------] 320/444  loss=0.0074
  train [#############################-----------] 324/444  loss=0.0074
  train [#############################-----------] 328/444  loss=0.0073
  train [#############################-----------] 332/444  loss=0.0073
  train [##############################----------] 336/444  loss=0.0072
  train [##############################----------] 340/444  loss=0.0072
  train [##############################----------] 344/444  loss=0.0071
  train [###############################---------] 348/444  loss=0.0071
  train [###############################---------] 352/444  loss=0.0070
  train [################################--------] 356/444  loss=0.0070
  train [################################--------] 360/444  loss=0.0070
  train [################################--------] 364/444  loss=0.0070
  train [#################################-------] 368/444  loss=0.0069
  train [#################################-------] 372/444  loss=0.0069
  train [#################################-------] 376/444  loss=0.0068
  train [##################################------] 380/444  loss=0.0068
  train [##################################------] 384/444  loss=0.0067
  train [##################################------] 388/444  loss=0.0067
  train [###################################-----] 392/444  loss=0.0067
  train [###################################-----] 396/444  loss=0.0066
  train [####################################----] 400/444  loss=0.0066
  train [####################################----] 404/444  loss=0.0065
  train [####################################----] 408/444  loss=0.0067
  train [#####################################---] 412/444  loss=0.0067
  train [#####################################---] 416/444  loss=0.0067
  train [#####################################---] 420/444  loss=0.0067
  train [######################################--] 424/444  loss=0.0067
  train [######################################--] 428/444  loss=0.0067
  train [######################################--] 432/444  loss=0.0067
  train [#######################################-] 436/444  loss=0.0067
  train [#######################################-] 440/444  loss=0.0067
  train [########################################] 444/444  loss=0.0066
  val   [----------------------------------------] 1/93
  val   [----------------------------------------] 2/93
  val   [#---------------------------------------] 3/93
  val   [#---------------------------------------] 4/93
  val   [##--------------------------------------] 5/93
  val   [##--------------------------------------] 6/93
  val   [###-------------------------------------] 7/93
  val   [###-------------------------------------] 8/93
  val   [###-------------------------------------] 9/93
  val   [####------------------------------------] 10/93
  val   [####------------------------------------] 11/93
  val   [#####-----------------------------------] 12/93
  val   [#####-----------------------------------] 13/93
  val   [######----------------------------------] 14/93
  val   [######----------------------------------] 15/93
  val   [######----------------------------------] 16/93
  val   [#######---------------------------------] 17/93
  val   [#######---------------------------------] 18/93
  val   [########--------------------------------] 19/93
  val   [########--------------------------------] 20/93
  val   [#########-------------------------------] 21/93
  val   [#########-------------------------------] 22/93
  val   [#########-------------------------------] 23/93
  val   [##########------------------------------] 24/93
  val   [##########------------------------------] 25/93
  val   [###########-----------------------------] 26/93
  val   [###########-----------------------------] 27/93
  val   [############----------------------------] 28/93
  val   [############----------------------------] 29/93
  val   [############----------------------------] 30/93
  val   [#############---------------------------] 31/93
  val   [#############---------------------------] 32/93
  val   [##############--------------------------] 33/93
  val   [##############--------------------------] 34/93
  val   [###############-------------------------] 35/93
  val   [###############-------------------------] 36/93
  val   [###############-------------------------] 37/93
  val   [################------------------------] 38/93
  val   [################------------------------] 39/93
  val   [#################-----------------------] 40/93
  val   [#################-----------------------] 41/93
  val   [##################----------------------] 42/93
  val   [##################----------------------] 43/93
  val   [##################----------------------] 44/93
  val   [###################---------------------] 45/93
  val   [###################---------------------] 46/93
  val   [####################--------------------] 47/93
  val   [####################--------------------] 48/93
  val   [#####################-------------------] 49/93
  val   [#####################-------------------] 50/93
  val   [#####################-------------------] 51/93
  val   [######################------------------] 52/93
  val   [######################------------------] 53/93
  val   [#######################-----------------] 54/93
  val   [#######################-----------------] 55/93
  val   [########################----------------] 56/93
  val   [########################----------------] 57/93
  val   [########################----------------] 58/93
  val   [#########################---------------] 59/93
  val   [#########################---------------] 60/93
  val   [##########################--------------] 61/93
  val   [##########################--------------] 62/93
  val   [###########################-------------] 63/93
  val   [###########################-------------] 64/93
  val   [###########################-------------] 65/93
  val   [############################------------] 66/93
  val   [############################------------] 67/93
  val   [#############################-----------] 68/93
  val   [#############################-----------] 69/93
  val   [##############################----------] 70/93
  val   [##############################----------] 71/93
  val   [##############################----------] 72/93
  val   [###############################---------] 73/93
  val   [###############################---------] 74/93
  val   [################################--------] 75/93
  val   [################################--------] 76/93
  val   [#################################-------] 77/93
  val   [#################################-------] 78/93
  val   [#################################-------] 79/93
  val   [##################################------] 80/93
  val   [##################################------] 81/93
  val   [###################################-----] 82/93
  val   [###################################-----] 83/93
  val   [####################################----] 84/93
  val   [####################################----] 85/93
  val   [####################################----] 86/93
  val   [#####################################---] 87/93
  val   [#####################################---] 88/93
  val   [######################################--] 89/93
  val   [######################################--] 90/93
  val   [#######################################-] 91/93
  val   [#######################################-] 92/93
  val   [########################################] 93/93
Epoch  15 | train_loss=0.0067 | val_loss=0.2736 | val_acc=0.9461
Early stopping at epoch 15 (no improvement for 5 epochs)

Done. Results in /zfsstore/courses/2025-2026/4343MMEBX/Group6/results/early_fusion_bioclip/
Loading datasets...
Classes: 317, total samples: 40902
Discarded 247 species (1087 records) below MIN_GBIFIDS=10
Building model and loading best.pt...
Running inference on test set...
  inference [----------------------------------------] 1/104
  inference [----------------------------------------] 2/104
  inference [#---------------------------------------] 3/104
  inference [#---------------------------------------] 4/104
  inference [#---------------------------------------] 5/104
  inference [##--------------------------------------] 6/104
  inference [##--------------------------------------] 7/104
  inference [###-------------------------------------] 8/104
  inference [###-------------------------------------] 9/104
  inference [###-------------------------------------] 10/104
  inference [####------------------------------------] 11/104
  inference [####------------------------------------] 12/104
  inference [#####-----------------------------------] 13/104
  inference [#####-----------------------------------] 14/104
  inference [#####-----------------------------------] 15/104
  inference [######----------------------------------] 16/104
  inference [######----------------------------------] 17/104
  inference [######----------------------------------] 18/104
  inference [#######---------------------------------] 19/104
  inference [#######---------------------------------] 20/104
  inference [########--------------------------------] 21/104
  inference [########--------------------------------] 22/104
  inference [########--------------------------------] 23/104
  inference [#########-------------------------------] 24/104
  inference [#########-------------------------------] 25/104
  inference [##########------------------------------] 26/104
  inference [##########------------------------------] 27/104
  inference [##########------------------------------] 28/104
  inference [###########-----------------------------] 29/104
  inference [###########-----------------------------] 30/104
  inference [###########-----------------------------] 31/104
  inference [############----------------------------] 32/104
  inference [############----------------------------] 33/104
  inference [#############---------------------------] 34/104
  inference [#############---------------------------] 35/104
  inference [#############---------------------------] 36/104
  inference [##############--------------------------] 37/104
  inference [##############--------------------------] 38/104
  inference [###############-------------------------] 39/104
  inference [###############-------------------------] 40/104
  inference [###############-------------------------] 41/104
  inference [################------------------------] 42/104
  inference [################------------------------] 43/104
  inference [################------------------------] 44/104
  inference [#################-----------------------] 45/104
  inference [#################-----------------------] 46/104
  inference [##################----------------------] 47/104
  inference [##################----------------------] 48/104
  inference [##################----------------------] 49/104
  inference [###################---------------------] 50/104
  inference [###################---------------------] 51/104
  inference [####################--------------------] 52/104
  inference [####################--------------------] 53/104
  inference [####################--------------------] 54/104
  inference [#####################-------------------] 55/104
  inference [#####################-------------------] 56/104
  inference [#####################-------------------] 57/104
  inference [######################------------------] 58/104
  inference [######################------------------] 59/104
  inference [#######################-----------------] 60/104
  inference [#######################-----------------] 61/104
  inference [#######################-----------------] 62/104
  inference [########################----------------] 63/104
  inference [########################----------------] 64/104
  inference [#########################---------------] 65/104
  inference [#########################---------------] 66/104
  inference [#########################---------------] 67/104
  inference [##########################--------------] 68/104
  inference [##########################--------------] 69/104
  inference [##########################--------------] 70/104
  inference [###########################-------------] 71/104
  inference [###########################-------------] 72/104
  inference [############################------------] 73/104
  inference [############################------------] 74/104
  inference [############################------------] 75/104
  inference [#############################-----------] 76/104
  inference [#############################-----------] 77/104
  inference [##############################----------] 78/104
  inference [##############################----------] 79/104
  inference [##############################----------] 80/104
  inference [###############################---------] 81/104
  inference [###############################---------] 82/104
  inference [###############################---------] 83/104
  inference [################################--------] 84/104
  inference [################################--------] 85/104
  inference [#################################-------] 86/104
  inference [#################################-------] 87/104
  inference [#################################-------] 88/104
  inference [##################################------] 89/104
  inference [##################################------] 90/104
  inference [###################################-----] 91/104
  inference [###################################-----] 92/104
  inference [###################################-----] 93/104
  inference [####################################----] 94/104
  inference [####################################----] 95/104
  inference [####################################----] 96/104
  inference [#####################################---] 97/104
  inference [#####################################---] 98/104
  inference [######################################--] 99/104
  inference [######################################--] 100/104
  inference [######################################--] 101/104
  inference [#######################################-] 102/104
  inference [#######################################-] 103/104
  inference [########################################] 104/104
Macro-F1 (overall): 0.9064
  rare  : 0.9142
  medium: 0.9475
  common: 0.9664
Metrics saved to /zfsstore/courses/2025-2026/4343MMEBX/Group6/results/early_fusion_bioclip/metrics.json
