  failed 3449987949_Preview001.jpg: <urlopen error timed out>
  failed 3449979074_Preview001.jpg: <urlopen error timed out>
  failed 3449953358_Preview001.jpg: <urlopen error timed out>
  failed 3449943128_Preview001.jpg: <urlopen error timed out>
  failed 3449934212_Preview001.jpg: <urlopen error timed out>
Loaded 32095 occurrence records
Total multimedia rows: 42152

Done. total=42006, downloaded=0, skipped=42001, errors=5
Downloading: "https://download.pytorch.org/models/resnet50-0676ba61.pth" to /home/s3569829/.cache/torch/hub/checkpoints/resnet50-0676ba61.pth
Device: cuda
Loading datasets...
Classes: 317, total samples: 40902
Discarded 247 species (1087 records) below MIN_GBIFIDS=10
Classes: 317 | train: 28370 | val: 5933
Building model...
  0%|          | 0.00/97.8M [00:00<?, ?B/s]  8%|▊         | 7.75M/97.8M [00:00<00:01, 80.3MB/s] 16%|█▌        | 15.5M/97.8M [00:00<00:01, 78.7MB/s] 24%|██▍       | 23.6M/97.8M [00:00<00:00, 81.5MB/s] 35%|███▍      | 34.0M/97.8M [00:00<00:00, 92.0MB/s] 45%|████▍     | 44.0M/97.8M [00:00<00:00, 96.3MB/s] 55%|█████▍    | 53.4M/97.8M [00:00<00:00, 95.6MB/s] 65%|██████▍   | 63.1M/97.8M [00:00<00:00, 97.5MB/s] 79%|███████▉  | 77.1M/97.8M [00:00<00:00, 113MB/s]  95%|█████████▌| 93.0M/97.8M [00:00<00:00, 129MB/s]100%|██████████| 97.8M/97.8M [00:00<00:00, 108MB/s]
Mixed precision (autocast + GradScaler) enabled
--resume set but no last.pt found; starting from scratch
  train [----------------------------------------] 4/444  loss=6.1975
  train [----------------------------------------] 8/444  loss=6.2904
  train [#---------------------------------------] 12/444  loss=6.3806
  train [#---------------------------------------] 16/444  loss=6.4331
  train [#---------------------------------------] 20/444  loss=6.4488
  train [##--------------------------------------] 24/444  loss=6.4690
  train [##--------------------------------------] 28/444  loss=6.4782
  train [##--------------------------------------] 32/444  loss=6.4090
  train [###-------------------------------------] 36/444  loss=6.3179
  train [###-------------------------------------] 40/444  loss=6.2447
  train [###-------------------------------------] 44/444  loss=6.2015
  train [####------------------------------------] 48/444  loss=6.1418
  train [####------------------------------------] 52/444  loss=6.0726
  train [#####-----------------------------------] 56/444  loss=5.9874
  train [#####-----------------------------------] 60/444  loss=5.9370
  train [#####-----------------------------------] 64/444  loss=5.8812
  train [######----------------------------------] 68/444  loss=5.8100
  train [######----------------------------------] 72/444  loss=5.7443
  train [######----------------------------------] 76/444  loss=5.6949
  train [#######---------------------------------] 80/444  loss=5.6321
  train [#######---------------------------------] 84/444  loss=5.5860
  train [#######---------------------------------] 88/444  loss=5.5438
  train [########--------------------------------] 92/444  loss=5.4755
  train [########--------------------------------] 96/444  loss=5.4361
  train [#########-------------------------------] 100/444  loss=5.3820
  train [#########-------------------------------] 104/444  loss=5.3352
  train [#########-------------------------------] 108/444  loss=5.2887
  train [##########------------------------------] 112/444  loss=5.2434
  train [##########------------------------------] 116/444  loss=5.1959
  train [##########------------------------------] 120/444  loss=5.1535
  train [###########-----------------------------] 124/444  loss=5.1111
  train [###########-----------------------------] 128/444  loss=5.0586
  train [###########-----------------------------] 132/444  loss=5.0256
  train [############----------------------------] 136/444  loss=4.9896
  train [############----------------------------] 140/444  loss=4.9492
  train [############----------------------------] 144/444  loss=4.9065
  train [#############---------------------------] 148/444  loss=4.8648
  train [#############---------------------------] 152/444  loss=4.8277
  train [##############--------------------------] 156/444  loss=4.7889
  train [##############--------------------------] 160/444  loss=4.7570
  train [##############--------------------------] 164/444  loss=4.7261
  train [###############-------------------------] 168/444  loss=4.6950
  train [###############-------------------------] 172/444  loss=4.6604
  train [###############-------------------------] 176/444  loss=4.6225
  train [################------------------------] 180/444  loss=4.5899
  train [################------------------------] 184/444  loss=4.5519
  train [################------------------------] 188/444  loss=4.5152
  train [#################-----------------------] 192/444  loss=4.4761
  train [#################-----------------------] 196/444  loss=4.4405
  train [##################----------------------] 200/444  loss=4.4049
  train [##################----------------------] 204/444  loss=4.3701
  train [##################----------------------] 208/444  loss=4.3347
  train [###################---------------------] 212/444  loss=4.3044
  train [###################---------------------] 216/444  loss=4.2667
  train [###################---------------------] 220/444  loss=4.2349
  train [####################--------------------] 224/444  loss=4.2071
  train [####################--------------------] 228/444  loss=4.1788
  train [####################--------------------] 232/444  loss=4.1450
  train [#####################-------------------] 236/444  loss=4.1143
  train [#####################-------------------] 240/444  loss=4.0887
  train [#####################-------------------] 244/444  loss=4.0619
  train [######################------------------] 248/444  loss=4.0360
  train [######################------------------] 252/444  loss=4.0081
  train [#######################-----------------] 256/444  loss=3.9841
  train [#######################-----------------] 260/444  loss=3.9611
  train [#######################-----------------] 264/444  loss=3.9372
  train [########################----------------] 268/444  loss=3.9172
  train [########################----------------] 272/444  loss=3.8895
  train [########################----------------] 276/444  loss=3.8622
  train [#########################---------------] 280/444  loss=3.8363
  train [#########################---------------] 284/444  loss=3.8108
  train [#########################---------------] 288/444  loss=3.7860
  train [##########################--------------] 292/444  loss=3.7597
  train [##########################--------------] 296/444  loss=3.7370
  train [###########################-------------] 300/444  loss=3.7128
  train [###########################-------------] 304/444  loss=3.6898
  train [###########################-------------] 308/444  loss=3.6699
  train [############################------------] 312/444  loss=3.6492
  train [############################------------] 316/444  loss=3.6289
  train [############################------------] 320/444  loss=3.6066
  train [#############################-----------] 324/444  loss=3.5855
  train [#############################-----------] 328/444  loss=3.5617
  train [#############################-----------] 332/444  loss=3.5416
  train [##############################----------] 336/444  loss=3.5237
  train [##############################----------] 340/444  loss=3.5066
  train [##############################----------] 344/444  loss=3.4886
  train [###############################---------] 348/444  loss=3.4736
  train [###############################---------] 352/444  loss=3.4556
  train [################################--------] 356/444  loss=3.4353
  train [################################--------] 360/444  loss=3.4164
  train [################################--------] 364/444  loss=3.3971
  train [#################################-------] 368/444  loss=3.3787
  train [#################################-------] 372/444  loss=3.3607
  train [#################################-------] 376/444  loss=3.3412
  train [##################################------] 380/444  loss=3.3259
  train [##################################------] 384/444  loss=3.3085
  train [##################################------] 388/444  loss=3.2943
  train [###################################-----] 392/444  loss=3.2783
  train [###################################-----] 396/444  loss=3.2614
  train [####################################----] 400/444  loss=3.2457
  train [####################################----] 404/444  loss=3.2303
  train [####################################----] 408/444  loss=3.2155
  train [#####################################---] 412/444  loss=3.2004
  train [#####################################---] 416/444  loss=3.1852
  train [#####################################---] 420/444  loss=3.1703
  train [######################################--] 424/444  loss=3.1561
  train [######################################--] 428/444  loss=3.1406
  train [######################################--] 432/444  loss=3.1276
  train [#######################################-] 436/444  loss=3.1138
  train [#######################################-] 440/444  loss=3.0989
  train [########################################] 444/444  loss=3.0835
  val   [----------------------------------------] 1/93
  val   [----------------------------------------] 2/93
  val   [#---------------------------------------] 3/93
  val   [#---------------------------------------] 4/93
  val   [##--------------------------------------] 5/93
  val   [##--------------------------------------] 6/93
  val   [###-------------------------------------] 7/93
  val   [###-------------------------------------] 8/93
  val   [###-------------------------------------] 9/93
  val   [####------------------------------------] 10/93
  val   [####------------------------------------] 11/93
  val   [#####-----------------------------------] 12/93
  val   [#####-----------------------------------] 13/93
  val   [######----------------------------------] 14/93
  val   [######----------------------------------] 15/93
  val   [######----------------------------------] 16/93
  val   [#######---------------------------------] 17/93
  val   [#######---------------------------------] 18/93
  val   [########--------------------------------] 19/93
  val   [########--------------------------------] 20/93
  val   [#########-------------------------------] 21/93
  val   [#########-------------------------------] 22/93
  val   [#########-------------------------------] 23/93
  val   [##########------------------------------] 24/93
  val   [##########------------------------------] 25/93
  val   [###########-----------------------------] 26/93
  val   [###########-----------------------------] 27/93
  val   [############----------------------------] 28/93
  val   [############----------------------------] 29/93
  val   [############----------------------------] 30/93
  val   [#############---------------------------] 31/93
  val   [#############---------------------------] 32/93
  val   [##############--------------------------] 33/93
  val   [##############--------------------------] 34/93
  val   [###############-------------------------] 35/93
  val   [###############-------------------------] 36/93
  val   [###############-------------------------] 37/93
  val   [################------------------------] 38/93
  val   [################------------------------] 39/93
  val   [#################-----------------------] 40/93
  val   [#################-----------------------] 41/93
  val   [##################----------------------] 42/93
  val   [##################----------------------] 43/93
  val   [##################----------------------] 44/93
  val   [###################---------------------] 45/93
  val   [###################---------------------] 46/93
  val   [####################--------------------] 47/93
  val   [####################--------------------] 48/93
  val   [#####################-------------------] 49/93
  val   [#####################-------------------] 50/93
  val   [#####################-------------------] 51/93
  val   [######################------------------] 52/93
  val   [######################------------------] 53/93
  val   [#######################-----------------] 54/93
  val   [#######################-----------------] 55/93
  val   [########################----------------] 56/93
  val   [########################----------------] 57/93
  val   [########################----------------] 58/93
  val   [#########################---------------] 59/93
  val   [#########################---------------] 60/93
  val   [##########################--------------] 61/93
  val   [##########################--------------] 62/93
  val   [###########################-------------] 63/93
  val   [###########################-------------] 64/93
  val   [###########################-------------] 65/93
  val   [############################------------] 66/93
  val   [############################------------] 67/93
  val   [#############################-----------] 68/93
  val   [#############################-----------] 69/93
  val   [##############################----------] 70/93
  val   [##############################----------] 71/93
  val   [##############################----------] 72/93
  val   [###############################---------] 73/93
  val   [###############################---------] 74/93
  val   [################################--------] 75/93
  val   [################################--------] 76/93
  val   [#################################-------] 77/93
  val   [#################################-------] 78/93
  val   [#################################-------] 79/93
  val   [##################################------] 80/93
  val   [##################################------] 81/93
  val   [###################################-----] 82/93
  val   [###################################-----] 83/93
  val   [####################################----] 84/93
  val   [####################################----] 85/93
  val   [####################################----] 86/93
  val   [#####################################---] 87/93
  val   [#####################################---] 88/93
  val   [######################################--] 89/93
  val   [######################################--] 90/93
  val   [#######################################-] 91/93
  val   [#######################################-] 92/93
  val   [########################################] 93/93
Epoch   0 | train_loss=3.0885 | val_loss=1.3587 | val_acc=0.6840
  -> best model saved (val_loss=1.3587)
  train [----------------------------------------] 4/444  loss=1.3849
  train [----------------------------------------] 8/444  loss=1.3157
  train [#---------------------------------------] 12/444  loss=1.3447
  train [#---------------------------------------] 16/444  loss=1.2744
  train [#---------------------------------------] 20/444  loss=1.2578
  train [##--------------------------------------] 24/444  loss=1.2215
  train [##--------------------------------------] 28/444  loss=1.1843
  train [##--------------------------------------] 32/444  loss=1.1744
  train [###-------------------------------------] 36/444  loss=1.1929
  train [###-------------------------------------] 40/444  loss=1.1865
  train [###-------------------------------------] 44/444  loss=1.1729
  train [####------------------------------------] 48/444  loss=1.1545
  train [####------------------------------------] 52/444  loss=1.1535
  train [#####-----------------------------------] 56/444  loss=1.1453
  train [#####-----------------------------------] 60/444  loss=1.1382
  train [#####-----------------------------------] 64/444  loss=1.1387
  train [######----------------------------------] 68/444  loss=1.1388
  train [######----------------------------------] 72/444  loss=1.1355
  train [######----------------------------------] 76/444  loss=1.1391
  train [#######---------------------------------] 80/444  loss=1.1408
  train [#######---------------------------------] 84/444  loss=1.1439
  train [#######---------------------------------] 88/444  loss=1.1437
  train [########--------------------------------] 92/444  loss=1.1417
  train [########--------------------------------] 96/444  loss=1.1363
  train [#########-------------------------------] 100/444  loss=1.1300
  train [#########-------------------------------] 104/444  loss=1.1275
  train [#########-------------------------------] 108/444  loss=1.1249
  train [##########------------------------------] 112/444  loss=1.1238
  train [##########------------------------------] 116/444  loss=1.1166
  train [##########------------------------------] 120/444  loss=1.1195
  train [###########-----------------------------] 124/444  loss=1.1239
  train [###########-----------------------------] 128/444  loss=1.1206
  train [###########-----------------------------] 132/444  loss=1.1185
  train [############----------------------------] 136/444  loss=1.1149
  train [############----------------------------] 140/444  loss=1.1142
  train [############----------------------------] 144/444  loss=1.1035
  train [#############---------------------------] 148/444  loss=1.1102
  train [#############---------------------------] 152/444  loss=1.1079
  train [##############--------------------------] 156/444  loss=1.1069
  train [##############--------------------------] 160/444  loss=1.1058
  train [##############--------------------------] 164/444  loss=1.1032
  train [###############-------------------------] 168/444  loss=1.0982
  train [###############-------------------------] 172/444  loss=1.0966
  train [###############-------------------------] 176/444  loss=1.0957
  train [################------------------------] 180/444  loss=1.0933
  train [################------------------------] 184/444  loss=1.0935
  train [################------------------------] 188/444  loss=1.0900
  train [#################-----------------------] 192/444  loss=1.0917
  train [#################-----------------------] 196/444  loss=1.0905
  train [##################----------------------] 200/444  loss=1.0885
  train [##################----------------------] 204/444  loss=1.0850
  train [##################----------------------] 208/444  loss=1.0817
  train [###################---------------------] 212/444  loss=1.0815
  train [###################---------------------] 216/444  loss=1.0803
  train [###################---------------------] 220/444  loss=1.0814
  train [####################--------------------] 224/444  loss=1.0796
  train [####################--------------------] 228/444  loss=1.0757
  train [####################--------------------] 232/444  loss=1.0716
  train [#####################-------------------] 236/444  loss=1.0712
  train [#####################-------------------] 240/444  loss=1.0671
  train [#####################-------------------] 244/444  loss=1.0657
  train [######################------------------] 248/444  loss=1.0633
  train [######################------------------] 252/444  loss=1.0650
  train [#######################-----------------] 256/444  loss=1.0645
  train [#######################-----------------] 260/444  loss=1.0617
  train [#######################-----------------] 264/444  loss=1.0600
  train [########################----------------] 268/444  loss=1.0582
  train [########################----------------] 272/444  loss=1.0565
  train [########################----------------] 276/444  loss=1.0550
  train [#########################---------------] 280/444  loss=1.0513
  train [#########################---------------] 284/444  loss=1.0505
  train [#########################---------------] 288/444  loss=1.0481
  train [##########################--------------] 292/444  loss=1.0439
  train [##########################--------------] 296/444  loss=1.0445
  train [###########################-------------] 300/444  loss=1.0404
  train [###########################-------------] 304/444  loss=1.0400
  train [###########################-------------] 308/444  loss=1.0411
  train [############################------------] 312/444  loss=1.0386
  train [############################------------] 316/444  loss=1.0391
  train [############################------------] 320/444  loss=1.0365
  train [#############################-----------] 324/444  loss=1.0328
  train [#############################-----------] 328/444  loss=1.0323
  train [#############################-----------] 332/444  loss=1.0310
  train [##############################----------] 336/444  loss=1.0293
  train [##############################----------] 340/444  loss=1.0279
  train [##############################----------] 344/444  loss=1.0278
  train [###############################---------] 348/444  loss=1.0250
  train [###############################---------] 352/444  loss=1.0237
  train [################################--------] 356/444  loss=1.0221
  train [################################--------] 360/444  loss=1.0229
  train [################################--------] 364/444  loss=1.0209
  train [#################################-------] 368/444  loss=1.0224
  train [#################################-------] 372/444  loss=1.0206
  train [#################################-------] 376/444  loss=1.0190
  train [##################################------] 380/444  loss=1.0177
  train [##################################------] 384/444  loss=1.0155
  train [##################################------] 388/444  loss=1.0152
  train [###################################-----] 392/444  loss=1.0140
  train [###################################-----] 396/444  loss=1.0113
  train [####################################----] 400/444  loss=1.0105
  train [####################################----] 404/444  loss=1.0105
  train [####################################----] 408/444  loss=1.0088
  train [#####################################---] 412/444  loss=1.0073
  train [#####################################---] 416/444  loss=1.0077
  train [#####################################---] 420/444  loss=1.0072
  train [######################################--] 424/444  loss=1.0061
  train [######################################--] 428/444  loss=1.0048
  train [######################################--] 432/444  loss=1.0023
  train [#######################################-] 436/444  loss=1.0018
  train [#######################################-] 440/444  loss=1.0009
  train [########################################] 444/444  loss=0.9980
  val   [----------------------------------------] 1/93
  val   [----------------------------------------] 2/93
  val   [#---------------------------------------] 3/93
  val   [#---------------------------------------] 4/93
  val   [##--------------------------------------] 5/93
  val   [##--------------------------------------] 6/93
  val   [###-------------------------------------] 7/93
  val   [###-------------------------------------] 8/93
  val   [###-------------------------------------] 9/93
  val   [####------------------------------------] 10/93
  val   [####------------------------------------] 11/93
  val   [#####-----------------------------------] 12/93
  val   [#####-----------------------------------] 13/93
  val   [######----------------------------------] 14/93
  val   [######----------------------------------] 15/93
  val   [######----------------------------------] 16/93
  val   [#######---------------------------------] 17/93
  val   [#######---------------------------------] 18/93
  val   [########--------------------------------] 19/93
  val   [########--------------------------------] 20/93
  val   [#########-------------------------------] 21/93
  val   [#########-------------------------------] 22/93
  val   [#########-------------------------------] 23/93
  val   [##########------------------------------] 24/93
  val   [##########------------------------------] 25/93
  val   [###########-----------------------------] 26/93
  val   [###########-----------------------------] 27/93
  val   [############----------------------------] 28/93
  val   [############----------------------------] 29/93
  val   [############----------------------------] 30/93
  val   [#############---------------------------] 31/93
  val   [#############---------------------------] 32/93
  val   [##############--------------------------] 33/93
  val   [##############--------------------------] 34/93
  val   [###############-------------------------] 35/93
  val   [###############-------------------------] 36/93
  val   [###############-------------------------] 37/93
  val   [################------------------------] 38/93
  val   [################------------------------] 39/93
  val   [#################-----------------------] 40/93
  val   [#################-----------------------] 41/93
  val   [##################----------------------] 42/93
  val   [##################----------------------] 43/93
  val   [##################----------------------] 44/93
  val   [###################---------------------] 45/93
  val   [###################---------------------] 46/93
  val   [####################--------------------] 47/93
  val   [####################--------------------] 48/93
  val   [#####################-------------------] 49/93
  val   [#####################-------------------] 50/93
  val   [#####################-------------------] 51/93
  val   [######################------------------] 52/93
  val   [######################------------------] 53/93
  val   [#######################-----------------] 54/93
  val   [#######################-----------------] 55/93
  val   [########################----------------] 56/93
  val   [########################----------------] 57/93
  val   [########################----------------] 58/93
  val   [#########################---------------] 59/93
  val   [#########################---------------] 60/93
  val   [##########################--------------] 61/93
  val   [##########################--------------] 62/93
  val   [###########################-------------] 63/93
  val   [###########################-------------] 64/93
  val   [###########################-------------] 65/93
  val   [############################------------] 66/93
  val   [############################------------] 67/93
  val   [#############################-----------] 68/93
  val   [#############################-----------] 69/93
  val   [##############################----------] 70/93
  val   [##############################----------] 71/93
  val   [##############################----------] 72/93
  val   [###############################---------] 73/93
  val   [###############################---------] 74/93
  val   [################################--------] 75/93
  val   [################################--------] 76/93
  val   [#################################-------] 77/93
  val   [#################################-------] 78/93
  val   [#################################-------] 79/93
  val   [##################################------] 80/93
  val   [##################################------] 81/93
  val   [###################################-----] 82/93
  val   [###################################-----] 83/93
  val   [####################################----] 84/93
  val   [####################################----] 85/93
  val   [####################################----] 86/93
  val   [#####################################---] 87/93
  val   [#####################################---] 88/93
  val   [######################################--] 89/93
  val   [######################################--] 90/93
  val   [#######################################-] 91/93
  val   [#######################################-] 92/93
  val   [########################################] 93/93
Epoch   1 | train_loss=0.9996 | val_loss=0.9471 | val_acc=0.7657
  -> best model saved (val_loss=0.9471)
  train [----------------------------------------] 4/444  loss=0.5188
  train [----------------------------------------] 8/444  loss=0.5496
  train [#---------------------------------------] 12/444  loss=0.5791
  train [#---------------------------------------] 16/444  loss=0.6442
  train [#---------------------------------------] 20/444  loss=0.6537
  train [##--------------------------------------] 24/444  loss=0.6364
  train [##--------------------------------------] 28/444  loss=0.6289
  train [##--------------------------------------] 32/444  loss=0.6198
  train [###-------------------------------------] 36/444  loss=0.6232
  train [###-------------------------------------] 40/444  loss=0.6259
  train [###-------------------------------------] 44/444  loss=0.6361
  train [####------------------------------------] 48/444  loss=0.6322
  train [####------------------------------------] 52/444  loss=0.6243
  train [#####-----------------------------------] 56/444  loss=0.6239
  train [#####-----------------------------------] 60/444  loss=0.6291
  train [#####-----------------------------------] 64/444  loss=0.6236
  train [######----------------------------------] 68/444  loss=0.6236
  train [######----------------------------------] 72/444  loss=0.6238
  train [######----------------------------------] 76/444  loss=0.6272
  train [#######---------------------------------] 80/444  loss=0.6296
  train [#######---------------------------------] 84/444  loss=0.6188
  train [#######---------------------------------] 88/444  loss=0.6220
  train [########--------------------------------] 92/444  loss=0.6291
  train [########--------------------------------] 96/444  loss=0.6253
  train [#########-------------------------------] 100/444  loss=0.6286
  train [#########-------------------------------] 104/444  loss=0.6253
  train [#########-------------------------------] 108/444  loss=0.6274
  train [##########------------------------------] 112/444  loss=0.6259
  train [##########------------------------------] 116/444  loss=0.6210
  train [##########------------------------------] 120/444  loss=0.6189
  train [###########-----------------------------] 124/444  loss=0.6194
  train [###########-----------------------------] 128/444  loss=0.6171
  train [###########-----------------------------] 132/444  loss=0.6149
  train [############----------------------------] 136/444  loss=0.6125
  train [############----------------------------] 140/444  loss=0.6117
  train [############----------------------------] 144/444  loss=0.6096
  train [#############---------------------------] 148/444  loss=0.6062
  train [#############---------------------------] 152/444  loss=0.6059
  train [##############--------------------------] 156/444  loss=0.6048
  train [##############--------------------------] 160/444  loss=0.6078
  train [##############--------------------------] 164/444  loss=0.6101
  train [###############-------------------------] 168/444  loss=0.6112
  train [###############-------------------------] 172/444  loss=0.6080
  train [###############-------------------------] 176/444  loss=0.6097
  train [################------------------------] 180/444  loss=0.6095
  train [################------------------------] 184/444  loss=0.6111
  train [################------------------------] 188/444  loss=0.6124
  train [#################-----------------------] 192/444  loss=0.6127
  train [#################-----------------------] 196/444  loss=0.6137
  train [##################----------------------] 200/444  loss=0.6124
  train [##################----------------------] 204/444  loss=0.6127
  train [##################----------------------] 208/444  loss=0.6128
  train [###################---------------------] 212/444  loss=0.6109
  train [###################---------------------] 216/444  loss=0.6118
  train [###################---------------------] 220/444  loss=0.6116
  train [####################--------------------] 224/444  loss=0.6119
  train [####################--------------------] 228/444  loss=0.6127
  train [####################--------------------] 232/444  loss=0.6107
  train [#####################-------------------] 236/444  loss=0.6112
  train [#####################-------------------] 240/444  loss=0.6101
  train [#####################-------------------] 244/444  loss=0.6090
  train [######################------------------] 248/444  loss=0.6104
  train [######################------------------] 252/444  loss=0.6100
  train [#######################-----------------] 256/444  loss=0.6130
  train [#######################-----------------] 260/444  loss=0.6128
  train [#######################-----------------] 264/444  loss=0.6114
  train [########################----------------] 268/444  loss=0.6106
  train [########################----------------] 272/444  loss=0.6105
  train [########################----------------] 276/444  loss=0.6114
  train [#########################---------------] 280/444  loss=0.6105
  train [#########################---------------] 284/444  loss=0.6097
  train [#########################---------------] 288/444  loss=0.6103
  train [##########################--------------] 292/444  loss=0.6080
  train [##########################--------------] 296/444  loss=0.6086
  train [###########################-------------] 300/444  loss=0.6076
  train [###########################-------------] 304/444  loss=0.6076
  train [###########################-------------] 308/444  loss=0.6087
  train [############################------------] 312/444  loss=0.6067
  train [############################------------] 316/444  loss=0.6074
  train [############################------------] 320/444  loss=0.6075
  train [#############################-----------] 324/444  loss=0.6072
  train [#############################-----------] 328/444  loss=0.6083
  train [#############################-----------] 332/444  loss=0.6065
  train [##############################----------] 336/444  loss=0.6048
  train [##############################----------] 340/444  loss=0.6051
  train [##############################----------] 344/444  loss=0.6060
  train [###############################---------] 348/444  loss=0.6045
  train [###############################---------] 352/444  loss=0.6036
  train [################################--------] 356/444  loss=0.6037
  train [################################--------] 360/444  loss=0.6040
  train [################################--------] 364/444  loss=0.6031
  train [#################################-------] 368/444  loss=0.6032
  train [#################################-------] 372/444  loss=0.6038
  train [#################################-------] 376/444  loss=0.6035
  train [##################################------] 380/444  loss=0.6048
  train [##################################------] 384/444  loss=0.6027
  train [##################################------] 388/444  loss=0.6037
  train [###################################-----] 392/444  loss=0.6041
  train [###################################-----] 396/444  loss=0.6029
  train [####################################----] 400/444  loss=0.6043
  train [####################################----] 404/444  loss=0.6040
  train [####################################----] 408/444  loss=0.6041
  train [#####################################---] 412/444  loss=0.6029
  train [#####################################---] 416/444  loss=0.6025
  train [#####################################---] 420/444  loss=0.6025
  train [######################################--] 424/444  loss=0.6026
  train [######################################--] 428/444  loss=0.6029
  train [######################################--] 432/444  loss=0.6017
  train [#######################################-] 436/444  loss=0.6015
  train [#######################################-] 440/444  loss=0.6009
  train [########################################] 444/444  loss=0.6003
  val   [----------------------------------------] 1/93
  val   [----------------------------------------] 2/93
  val   [#---------------------------------------] 3/93
  val   [#---------------------------------------] 4/93
  val   [##--------------------------------------] 5/93
  val   [##--------------------------------------] 6/93
  val   [###-------------------------------------] 7/93
  val   [###-------------------------------------] 8/93
  val   [###-------------------------------------] 9/93
  val   [####------------------------------------] 10/93
  val   [####------------------------------------] 11/93
  val   [#####-----------------------------------] 12/93
  val   [#####-----------------------------------] 13/93
  val   [######----------------------------------] 14/93
  val   [######----------------------------------] 15/93
  val   [######----------------------------------] 16/93
  val   [#######---------------------------------] 17/93
  val   [#######---------------------------------] 18/93
  val   [########--------------------------------] 19/93
  val   [########--------------------------------] 20/93
  val   [#########-------------------------------] 21/93
  val   [#########-------------------------------] 22/93
  val   [#########-------------------------------] 23/93
  val   [##########------------------------------] 24/93
  val   [##########------------------------------] 25/93
  val   [###########-----------------------------] 26/93
  val   [###########-----------------------------] 27/93
  val   [############----------------------------] 28/93
  val   [############----------------------------] 29/93
  val   [############----------------------------] 30/93
  val   [#############---------------------------] 31/93
  val   [#############---------------------------] 32/93
  val   [##############--------------------------] 33/93
  val   [##############--------------------------] 34/93
  val   [###############-------------------------] 35/93
  val   [###############-------------------------] 36/93
  val   [###############-------------------------] 37/93
  val   [################------------------------] 38/93
  val   [################------------------------] 39/93
  val   [#################-----------------------] 40/93
  val   [#################-----------------------] 41/93
  val   [##################----------------------] 42/93
  val   [##################----------------------] 43/93
  val   [##################----------------------] 44/93
  val   [###################---------------------] 45/93
  val   [###################---------------------] 46/93
  val   [####################--------------------] 47/93
  val   [####################--------------------] 48/93
  val   [#####################-------------------] 49/93
  val   [#####################-------------------] 50/93
  val   [#####################-------------------] 51/93
  val   [######################------------------] 52/93
  val   [######################------------------] 53/93
  val   [#######################-----------------] 54/93
  val   [#######################-----------------] 55/93
  val   [########################----------------] 56/93
  val   [########################----------------] 57/93
  val   [########################----------------] 58/93
  val   [#########################---------------] 59/93
  val   [#########################---------------] 60/93
  val   [##########################--------------] 61/93
  val   [##########################--------------] 62/93
  val   [###########################-------------] 63/93
  val   [###########################-------------] 64/93
  val   [###########################-------------] 65/93
  val   [############################------------] 66/93
  val   [############################------------] 67/93
  val   [#############################-----------] 68/93
  val   [#############################-----------] 69/93
  val   [##############################----------] 70/93
  val   [##############################----------] 71/93
  val   [##############################----------] 72/93
  val   [###############################---------] 73/93
  val   [###############################---------] 74/93
  val   [################################--------] 75/93
  val   [################################--------] 76/93
  val   [#################################-------] 77/93
  val   [#################################-------] 78/93
  val   [#################################-------] 79/93
  val   [##################################------] 80/93
  val   [##################################------] 81/93
  val   [###################################-----] 82/93
  val   [###################################-----] 83/93
  val   [####################################----] 84/93
  val   [####################################----] 85/93
  val   [####################################----] 86/93
  val   [#####################################---] 87/93
  val   [#####################################---] 88/93
  val   [######################################--] 89/93
  val   [######################################--] 90/93
  val   [#######################################-] 91/93
  val   [#######################################-] 92/93
  val   [########################################] 93/93
Epoch   2 | train_loss=0.6013 | val_loss=0.8241 | val_acc=0.7998
  -> best model saved (val_loss=0.8241)
  train [----------------------------------------] 4/444  loss=0.4746
  train [----------------------------------------] 8/444  loss=0.4997
  train [#---------------------------------------] 12/444  loss=0.4769
  train [#---------------------------------------] 16/444  loss=0.4636
  train [#---------------------------------------] 20/444  loss=0.4598
  train [##--------------------------------------] 24/444  loss=0.4620
  train [##--------------------------------------] 28/444  loss=0.4636
  train [##--------------------------------------] 32/444  loss=0.4628
  train [###-------------------------------------] 36/444  loss=0.4473
  train [###-------------------------------------] 40/444  loss=0.4501
  train [###-------------------------------------] 44/444  loss=0.4429
  train [####------------------------------------] 48/444  loss=0.4476
  train [####------------------------------------] 52/444  loss=0.4431
  train [#####-----------------------------------] 56/444  loss=0.4405
  train [#####-----------------------------------] 60/444  loss=0.4376
  train [#####-----------------------------------] 64/444  loss=0.4341
  train [######----------------------------------] 68/444  loss=0.4282
  train [######----------------------------------] 72/444  loss=0.4238
  train [######----------------------------------] 76/444  loss=0.4265
  train [#######---------------------------------] 80/444  loss=0.4231
  train [#######---------------------------------] 84/444  loss=0.4194
  train [#######---------------------------------] 88/444  loss=0.4245
  train [########--------------------------------] 92/444  loss=0.4245
  train [########--------------------------------] 96/444  loss=0.4244
  train [#########-------------------------------] 100/444  loss=0.4227
  train [#########-------------------------------] 104/444  loss=0.4212
  train [#########-------------------------------] 108/444  loss=0.4241
  train [##########------------------------------] 112/444  loss=0.4239
  train [##########------------------------------] 116/444  loss=0.4209
  train [##########------------------------------] 120/444  loss=0.4190
  train [###########-----------------------------] 124/444  loss=0.4184
  train [###########-----------------------------] 128/444  loss=0.4167
  train [###########-----------------------------] 132/444  loss=0.4145
  train [############----------------------------] 136/444  loss=0.4150
  train [############----------------------------] 140/444  loss=0.4154
  train [############----------------------------] 144/444  loss=0.4144
  train [#############---------------------------] 148/444  loss=0.4166
  train [#############---------------------------] 152/444  loss=0.4191
  train [##############--------------------------] 156/444  loss=0.4203
  train [##############--------------------------] 160/444  loss=0.4189
  train [##############--------------------------] 164/444  loss=0.4159
  train [###############-------------------------] 168/444  loss=0.4161
  train [###############-------------------------] 172/444  loss=0.4132
  train [###############-------------------------] 176/444  loss=0.4134
  train [################------------------------] 180/444  loss=0.4128
  train [################------------------------] 184/444  loss=0.4150
  train [################------------------------] 188/444  loss=0.4194
  train [#################-----------------------] 192/444  loss=0.4198
  train [#################-----------------------] 196/444  loss=0.4196
  train [##################----------------------] 200/444  loss=0.4194
  train [##################----------------------] 204/444  loss=0.4188
  train [##################----------------------] 208/444  loss=0.4189
  train [###################---------------------] 212/444  loss=0.4205
  train [###################---------------------] 216/444  loss=0.4212
  train [###################---------------------] 220/444  loss=0.4237
  train [####################--------------------] 224/444  loss=0.4220
  train [####################--------------------] 228/444  loss=0.4236
  train [####################--------------------] 232/444  loss=0.4228
  train [#####################-------------------] 236/444  loss=0.4229
  train [#####################-------------------] 240/444  loss=0.4212
  train [#####################-------------------] 244/444  loss=0.4201
  train [######################------------------] 248/444  loss=0.4189
  train [######################------------------] 252/444  loss=0.4179
  train [#######################-----------------] 256/444  loss=0.4177
  train [#######################-----------------] 260/444  loss=0.4181
  train [#######################-----------------] 264/444  loss=0.4191
  train [########################----------------] 268/444  loss=0.4204
  train [########################----------------] 272/444  loss=0.4216
  train [########################----------------] 276/444  loss=0.4211
  train [#########################---------------] 280/444  loss=0.4223
  train [#########################---------------] 284/444  loss=0.4231
  train [#########################---------------] 288/444  loss=0.4229
  train [##########################--------------] 292/444  loss=0.4220
  train [##########################--------------] 296/444  loss=0.4218
  train [###########################-------------] 300/444  loss=0.4209
  train [###########################-------------] 304/444  loss=0.4199
  train [###########################-------------] 308/444  loss=0.4216
  train [############################------------] 312/444  loss=0.4207
  train [############################------------] 316/444  loss=0.4202
  train [############################------------] 320/444  loss=0.4205
  train [#############################-----------] 324/444  loss=0.4209
  train [#############################-----------] 328/444  loss=0.4219
  train [#############################-----------] 332/444  loss=0.4219
  train [##############################----------] 336/444  loss=0.4213
  train [##############################----------] 340/444  loss=0.4211
  train [##############################----------] 344/444  loss=0.4215
  train [###############################---------] 348/444  loss=0.4208
  train [###############################---------] 352/444  loss=0.4199
  train [################################--------] 356/444  loss=0.4204
  train [################################--------] 360/444  loss=0.4200
  train [################################--------] 364/444  loss=0.4200
  train [#################################-------] 368/444  loss=0.4199
  train [#################################-------] 372/444  loss=0.4207
  train [#################################-------] 376/444  loss=0.4201
  train [##################################------] 380/444  loss=0.4192
  train [##################################------] 384/444  loss=0.4188
  train [##################################------] 388/444  loss=0.4195
  train [###################################-----] 392/444  loss=0.4195
  train [###################################-----] 396/444  loss=0.4201
  train [####################################----] 400/444  loss=0.4197
  train [####################################----] 404/444  loss=0.4206
  train [####################################----] 408/444  loss=0.4198
  train [#####################################---] 412/444  loss=0.4196
  train [#####################################---] 416/444  loss=0.4193
  train [#####################################---] 420/444  loss=0.4186
  train [######################################--] 424/444  loss=0.4184
  train [######################################--] 428/444  loss=0.4188
  train [######################################--] 432/444  loss=0.4181
  train [#######################################-] 436/444  loss=0.4174
  train [#######################################-] 440/444  loss=0.4170
  train [########################################] 444/444  loss=0.4167
  val   [----------------------------------------] 1/93
  val   [----------------------------------------] 2/93
  val   [#---------------------------------------] 3/93
  val   [#---------------------------------------] 4/93
  val   [##--------------------------------------] 5/93
  val   [##--------------------------------------] 6/93
  val   [###-------------------------------------] 7/93
  val   [###-------------------------------------] 8/93
  val   [###-------------------------------------] 9/93
  val   [####------------------------------------] 10/93
  val   [####------------------------------------] 11/93
  val   [#####-----------------------------------] 12/93
  val   [#####-----------------------------------] 13/93
  val   [######----------------------------------] 14/93
  val   [######----------------------------------] 15/93
  val   [######----------------------------------] 16/93
  val   [#######---------------------------------] 17/93
  val   [#######---------------------------------] 18/93
  val   [########--------------------------------] 19/93
  val   [########--------------------------------] 20/93
  val   [#########-------------------------------] 21/93
  val   [#########-------------------------------] 22/93
  val   [#########-------------------------------] 23/93
  val   [##########------------------------------] 24/93
  val   [##########------------------------------] 25/93
  val   [###########-----------------------------] 26/93
  val   [###########-----------------------------] 27/93
  val   [############----------------------------] 28/93
  val   [############----------------------------] 29/93
  val   [############----------------------------] 30/93
  val   [#############---------------------------] 31/93
  val   [#############---------------------------] 32/93
  val   [##############--------------------------] 33/93
  val   [##############--------------------------] 34/93
  val   [###############-------------------------] 35/93
  val   [###############-------------------------] 36/93
  val   [###############-------------------------] 37/93
  val   [################------------------------] 38/93
  val   [################------------------------] 39/93
  val   [#################-----------------------] 40/93
  val   [#################-----------------------] 41/93
  val   [##################----------------------] 42/93
  val   [##################----------------------] 43/93
  val   [##################----------------------] 44/93
  val   [###################---------------------] 45/93
  val   [###################---------------------] 46/93
  val   [####################--------------------] 47/93
  val   [####################--------------------] 48/93
  val   [#####################-------------------] 49/93
  val   [#####################-------------------] 50/93
  val   [#####################-------------------] 51/93
  val   [######################------------------] 52/93
  val   [######################------------------] 53/93
  val   [#######################-----------------] 54/93
  val   [#######################-----------------] 55/93
  val   [########################----------------] 56/93
  val   [########################----------------] 57/93
  val   [########################----------------] 58/93
  val   [#########################---------------] 59/93
  val   [#########################---------------] 60/93
  val   [##########################--------------] 61/93
  val   [##########################--------------] 62/93
  val   [###########################-------------] 63/93
  val   [###########################-------------] 64/93
  val   [###########################-------------] 65/93
  val   [############################------------] 66/93
  val   [############################------------] 67/93
  val   [#############################-----------] 68/93
  val   [#############################-----------] 69/93
  val   [##############################----------] 70/93
  val   [##############################----------] 71/93
  val   [##############################----------] 72/93
  val   [###############################---------] 73/93
  val   [###############################---------] 74/93
  val   [################################--------] 75/93
  val   [################################--------] 76/93
  val   [#################################-------] 77/93
  val   [#################################-------] 78/93
  val   [#################################-------] 79/93
  val   [##################################------] 80/93
  val   [##################################------] 81/93
  val   [###################################-----] 82/93
  val   [###################################-----] 83/93
  val   [####################################----] 84/93
  val   [####################################----] 85/93
  val   [####################################----] 86/93
  val   [#####################################---] 87/93
  val   [#####################################---] 88/93
  val   [######################################--] 89/93
  val   [######################################--] 90/93
  val   [#######################################-] 91/93
  val   [#######################################-] 92/93
  val   [########################################] 93/93
Epoch   3 | train_loss=0.4173 | val_loss=0.7771 | val_acc=0.8122
  -> best model saved (val_loss=0.7771)
  train [----------------------------------------] 4/444  loss=0.3430
  train [----------------------------------------] 8/444  loss=0.3230
  train [#---------------------------------------] 12/444  loss=0.3060
  train [#---------------------------------------] 16/444  loss=0.3477
  train [#---------------------------------------] 20/444  loss=0.3389
  train [##--------------------------------------] 24/444  loss=0.3184
  train [##--------------------------------------] 28/444  loss=0.3089
  train [##--------------------------------------] 32/444  loss=0.3157
  train [###-------------------------------------] 36/444  loss=0.3092
  train [###-------------------------------------] 40/444  loss=0.3087
  train [###-------------------------------------] 44/444  loss=0.3139
  train [####------------------------------------] 48/444  loss=0.3160
  train [####------------------------------------] 52/444  loss=0.3170
  train [#####-----------------------------------] 56/444  loss=0.3159
  train [#####-----------------------------------] 60/444  loss=0.3170
  train [#####-----------------------------------] 64/444  loss=0.3191
  train [######----------------------------------] 68/444  loss=0.3209
  train [######----------------------------------] 72/444  loss=0.3186
  train [######----------------------------------] 76/444  loss=0.3169
  train [#######---------------------------------] 80/444  loss=0.3155
  train [#######---------------------------------] 84/444  loss=0.3166
  train [#######---------------------------------] 88/444  loss=0.3143
  train [########--------------------------------] 92/444  loss=0.3166
  train [########--------------------------------] 96/444  loss=0.3162
  train [#########-------------------------------] 100/444  loss=0.3130
  train [#########-------------------------------] 104/444  loss=0.3123
  train [#########-------------------------------] 108/444  loss=0.3107
  train [##########------------------------------] 112/444  loss=0.3111
  train [##########------------------------------] 116/444  loss=0.3121
  train [##########------------------------------] 120/444  loss=0.3109
  train [###########-----------------------------] 124/444  loss=0.3093
  train [###########-----------------------------] 128/444  loss=0.3100
  train [###########-----------------------------] 132/444  loss=0.3084
  train [############----------------------------] 136/444  loss=0.3078
  train [############----------------------------] 140/444  loss=0.3071
  train [############----------------------------] 144/444  loss=0.3073
  train [#############---------------------------] 148/444  loss=0.3075
  train [#############---------------------------] 152/444  loss=0.3064
  train [##############--------------------------] 156/444  loss=0.3051
  train [##############--------------------------] 160/444  loss=0.3044
  train [##############--------------------------] 164/444  loss=0.3043
  train [###############-------------------------] 168/444  loss=0.3037
  train [###############-------------------------] 172/444  loss=0.3032
  train [###############-------------------------] 176/444  loss=0.3027
  train [################------------------------] 180/444  loss=0.3029
  train [################------------------------] 184/444  loss=0.3026
  train [################------------------------] 188/444  loss=0.3017
  train [#################-----------------------] 192/444  loss=0.3012
  train [#################-----------------------] 196/444  loss=0.3004
  train [##################----------------------] 200/444  loss=0.2988
  train [##################----------------------] 204/444  loss=0.2987
  train [##################----------------------] 208/444  loss=0.2972
  train [###################---------------------] 212/444  loss=0.2967
  train [###################---------------------] 216/444  loss=0.2956
  train [###################---------------------] 220/444  loss=0.2960
  train [####################--------------------] 224/444  loss=0.2952
  train [####################--------------------] 228/444  loss=0.2943
  train [####################--------------------] 232/444  loss=0.2945
  train [#####################-------------------] 236/444  loss=0.2935
  train [#####################-------------------] 240/444  loss=0.2935
  train [#####################-------------------] 244/444  loss=0.2932
  train [######################------------------] 248/444  loss=0.2939
  train [######################------------------] 252/444  loss=0.2942
  train [#######################-----------------] 256/444  loss=0.2932
  train [#######################-----------------] 260/444  loss=0.2921
  train [#######################-----------------] 264/444  loss=0.2912
  train [########################----------------] 268/444  loss=0.2903
  train [########################----------------] 272/444  loss=0.2892
  train [########################----------------] 276/444  loss=0.2881
  train [#########################---------------] 280/444  loss=0.2880
  train [#########################---------------] 284/444  loss=0.2870
  train [#########################---------------] 288/444  loss=0.2887
  train [##########################--------------] 292/444  loss=0.2894
  train [##########################--------------] 296/444  loss=0.2891
  train [###########################-------------] 300/444  loss=0.2900
  train [###########################-------------] 304/444  loss=0.2900
  train [###########################-------------] 308/444  loss=0.2900
  train [############################------------] 312/444  loss=0.2896
  train [############################------------] 316/444  loss=0.2896
  train [############################------------] 320/444  loss=0.2909
  train [#############################-----------] 324/444  loss=0.2908
  train [#############################-----------] 328/444  loss=0.2913
  train [#############################-----------] 332/444  loss=0.2918
  train [##############################----------] 336/444  loss=0.2916
  train [##############################----------] 340/444  loss=0.2914
  train [##############################----------] 344/444  loss=0.2919
  train [###############################---------] 348/444  loss=0.2921
  train [###############################---------] 352/444  loss=0.2920
  train [################################--------] 356/444  loss=0.2920
  train [################################--------] 360/444  loss=0.2917
  train [################################--------] 364/444  loss=0.2914
  train [#################################-------] 368/444  loss=0.2907
  train [#################################-------] 372/444  loss=0.2904
  train [#################################-------] 376/444  loss=0.2903
  train [##################################------] 380/444  loss=0.2898
  train [##################################------] 384/444  loss=0.2899
  train [##################################------] 388/444  loss=0.2897
  train [###################################-----] 392/444  loss=0.2894
  train [###################################-----] 396/444  loss=0.2893
  train [####################################----] 400/444  loss=0.2894
  train [####################################----] 404/444  loss=0.2892
  train [####################################----] 408/444  loss=0.2892
  train [#####################################---] 412/444  loss=0.2893
  train [#####################################---] 416/444  loss=0.2896
  train [#####################################---] 420/444  loss=0.2900
  train [######################################--] 424/444  loss=0.2907
  train [######################################--] 428/444  loss=0.2907
  train [######################################--] 432/444  loss=0.2908
  train [#######################################-] 436/444  loss=0.2907
  train [#######################################-] 440/444  loss=0.2919
  train [########################################] 444/444  loss=0.2912
  val   [----------------------------------------] 1/93
  val   [----------------------------------------] 2/93
  val   [#---------------------------------------] 3/93
  val   [#---------------------------------------] 4/93
  val   [##--------------------------------------] 5/93
  val   [##--------------------------------------] 6/93
  val   [###-------------------------------------] 7/93
  val   [###-------------------------------------] 8/93
  val   [###-------------------------------------] 9/93
  val   [####------------------------------------] 10/93
  val   [####------------------------------------] 11/93
  val   [#####-----------------------------------] 12/93
  val   [#####-----------------------------------] 13/93
  val   [######----------------------------------] 14/93
  val   [######----------------------------------] 15/93
  val   [######----------------------------------] 16/93
  val   [#######---------------------------------] 17/93
  val   [#######---------------------------------] 18/93
  val   [########--------------------------------] 19/93
  val   [########--------------------------------] 20/93
  val   [#########-------------------------------] 21/93
  val   [#########-------------------------------] 22/93
  val   [#########-------------------------------] 23/93
  val   [##########------------------------------] 24/93
  val   [##########------------------------------] 25/93
  val   [###########-----------------------------] 26/93
  val   [###########-----------------------------] 27/93
  val   [############----------------------------] 28/93
  val   [############----------------------------] 29/93
  val   [############----------------------------] 30/93
  val   [#############---------------------------] 31/93
  val   [#############---------------------------] 32/93
  val   [##############--------------------------] 33/93
  val   [##############--------------------------] 34/93
  val   [###############-------------------------] 35/93
  val   [###############-------------------------] 36/93
  val   [###############-------------------------] 37/93
  val   [################------------------------] 38/93
  val   [################------------------------] 39/93
  val   [#################-----------------------] 40/93
  val   [#################-----------------------] 41/93
  val   [##################----------------------] 42/93
  val   [##################----------------------] 43/93
  val   [##################----------------------] 44/93
  val   [###################---------------------] 45/93
  val   [###################---------------------] 46/93
  val   [####################--------------------] 47/93
  val   [####################--------------------] 48/93
  val   [#####################-------------------] 49/93
  val   [#####################-------------------] 50/93
  val   [#####################-------------------] 51/93
  val   [######################------------------] 52/93
  val   [######################------------------] 53/93
  val   [#######################-----------------] 54/93
  val   [#######################-----------------] 55/93
  val   [########################----------------] 56/93
  val   [########################----------------] 57/93
  val   [########################----------------] 58/93
  val   [#########################---------------] 59/93
  val   [#########################---------------] 60/93
  val   [##########################--------------] 61/93
  val   [##########################--------------] 62/93
  val   [###########################-------------] 63/93
  val   [###########################-------------] 64/93
  val   [###########################-------------] 65/93
  val   [############################------------] 66/93
  val   [############################------------] 67/93
  val   [#############################-----------] 68/93
  val   [#############################-----------] 69/93
  val   [##############################----------] 70/93
  val   [##############################----------] 71/93
  val   [##############################----------] 72/93
  val   [###############################---------] 73/93
  val   [###############################---------] 74/93
  val   [################################--------] 75/93
  val   [################################--------] 76/93
  val   [#################################-------] 77/93
  val   [#################################-------] 78/93
  val   [#################################-------] 79/93
  val   [##################################------] 80/93
  val   [##################################------] 81/93
  val   [###################################-----] 82/93
  val   [###################################-----] 83/93
  val   [####################################----] 84/93
  val   [####################################----] 85/93
  val   [####################################----] 86/93
  val   [#####################################---] 87/93
  val   [#####################################---] 88/93
  val   [######################################--] 89/93
  val   [######################################--] 90/93
  val   [#######################################-] 91/93
  val   [#######################################-] 92/93
  val   [########################################] 93/93
Epoch   4 | train_loss=0.2917 | val_loss=0.7261 | val_acc=0.8315
  -> best model saved (val_loss=0.7261)
  train [----------------------------------------] 4/444  loss=0.1553
  train [----------------------------------------] 8/444  loss=0.1890
  train [#---------------------------------------] 12/444  loss=0.2170
  train [#---------------------------------------] 16/444  loss=0.2183
  train [#---------------------------------------] 20/444  loss=0.2219
  train [##--------------------------------------] 24/444  loss=0.2219
  train [##--------------------------------------] 28/444  loss=0.2142
  train [##--------------------------------------] 32/444  loss=0.2115
  train [###-------------------------------------] 36/444  loss=0.2135
  train [###-------------------------------------] 40/444  loss=0.2132
  train [###-------------------------------------] 44/444  loss=0.2107
  train [####------------------------------------] 48/444  loss=0.2065
  train [####------------------------------------] 52/444  loss=0.2051
  train [#####-----------------------------------] 56/444  loss=0.2039
  train [#####-----------------------------------] 60/444  loss=0.2068
  train [#####-----------------------------------] 64/444  loss=0.2075
  train [######----------------------------------] 68/444  loss=0.2086
  train [######----------------------------------] 72/444  loss=0.2082
  train [######----------------------------------] 76/444  loss=0.2069
  train [#######---------------------------------] 80/444  loss=0.2061
  train [#######---------------------------------] 84/444  loss=0.2062
  train [#######---------------------------------] 88/444  loss=0.2067
  train [########--------------------------------] 92/444  loss=0.2077
  train [########--------------------------------] 96/444  loss=0.2073
  train [#########-------------------------------] 100/444  loss=0.2067
  train [#########-------------------------------] 104/444  loss=0.2043
  train [#########-------------------------------] 108/444  loss=0.2055
  train [##########------------------------------] 112/444  loss=0.2049
  train [##########------------------------------] 116/444  loss=0.2036
  train [##########------------------------------] 120/444  loss=0.2059
  train [###########-----------------------------] 124/444  loss=0.2051
  train [###########-----------------------------] 128/444  loss=0.2039
  train [###########-----------------------------] 132/444  loss=0.2046
  train [############----------------------------] 136/444  loss=0.2050
  train [############----------------------------] 140/444  loss=0.2050
  train [############----------------------------] 144/444  loss=0.2047
  train [#############---------------------------] 148/444  loss=0.2044
  train [#############---------------------------] 152/444  loss=0.2055
  train [##############--------------------------] 156/444  loss=0.2064
  train [##############--------------------------] 160/444  loss=0.2053
  train [##############--------------------------] 164/444  loss=0.2049
  train [###############-------------------------] 168/444  loss=0.2061
  train [###############-------------------------] 172/444  loss=0.2057
  train [###############-------------------------] 176/444  loss=0.2054
  train [################------------------------] 180/444  loss=0.2053
  train [################------------------------] 184/444  loss=0.2064
  train [################------------------------] 188/444  loss=0.2070
  train [#################-----------------------] 192/444  loss=0.2066
  train [#################-----------------------] 196/444  loss=0.2075
  train [##################----------------------] 200/444  loss=0.2073
  train [##################----------------------] 204/444  loss=0.2079
  train [##################----------------------] 208/444  loss=0.2076
  train [###################---------------------] 212/444  loss=0.2064
  train [###################---------------------] 216/444  loss=0.2079
  train [###################---------------------] 220/444  loss=0.2085
  train [####################--------------------] 224/444  loss=0.2085
  train [####################--------------------] 228/444  loss=0.2085
  train [####################--------------------] 232/444  loss=0.2104
  train [#####################-------------------] 236/444  loss=0.2108
  train [#####################-------------------] 240/444  loss=0.2111
  train [#####################-------------------] 244/444  loss=0.2103
  train [######################------------------] 248/444  loss=0.2109
  train [######################------------------] 252/444  loss=0.2109
  train [#######################-----------------] 256/444  loss=0.2123
  train [#######################-----------------] 260/444  loss=0.2135
  train [#######################-----------------] 264/444  loss=0.2129
  train [########################----------------] 268/444  loss=0.2146
  train [########################----------------] 272/444  loss=0.2134
  train [########################----------------] 276/444  loss=0.2140
  train [#########################---------------] 280/444  loss=0.2139
  train [#########################---------------] 284/444  loss=0.2140
  train [#########################---------------] 288/444  loss=0.2144
  train [##########################--------------] 292/444  loss=0.2137
  train [##########################--------------] 296/444  loss=0.2145
  train [###########################-------------] 300/444  loss=0.2144
  train [###########################-------------] 304/444  loss=0.2156
  train [###########################-------------] 308/444  loss=0.2148
  train [############################------------] 312/444  loss=0.2156
  train [############################------------] 316/444  loss=0.2159
  train [############################------------] 320/444  loss=0.2169
  train [#############################-----------] 324/444  loss=0.2170
  train [#############################-----------] 328/444  loss=0.2171
  train [#############################-----------] 332/444  loss=0.2184
  train [##############################----------] 336/444  loss=0.2189
  train [##############################----------] 340/444  loss=0.2189
  train [##############################----------] 344/444  loss=0.2186
  train [###############################---------] 348/444  loss=0.2182
  train [###############################---------] 352/444  loss=0.2179
  train [################################--------] 356/444  loss=0.2182
  train [################################--------] 360/444  loss=0.2180
  train [################################--------] 364/444  loss=0.2177
  train [#################################-------] 368/444  loss=0.2178
  train [#################################-------] 372/444  loss=0.2188
  train [#################################-------] 376/444  loss=0.2183
  train [##################################------] 380/444  loss=0.2181
  train [##################################------] 384/444  loss=0.2176
  train [##################################------] 388/444  loss=0.2179
  train [###################################-----] 392/444  loss=0.2179
  train [###################################-----] 396/444  loss=0.2174
  train [####################################----] 400/444  loss=0.2174
  train [####################################----] 404/444  loss=0.2178
  train [####################################----] 408/444  loss=0.2172
  train [#####################################---] 412/444  loss=0.2172
  train [#####################################---] 416/444  loss=0.2179
  train [#####################################---] 420/444  loss=0.2183
  train [######################################--] 424/444  loss=0.2181
  train [######################################--] 428/444  loss=0.2183
  train [######################################--] 432/444  loss=0.2184
  train [#######################################-] 436/444  loss=0.2180
  train [#######################################-] 440/444  loss=0.2185
  train [########################################] 444/444  loss=0.2179
  val   [----------------------------------------] 1/93
  val   [----------------------------------------] 2/93
  val   [#---------------------------------------] 3/93
  val   [#---------------------------------------] 4/93
  val   [##--------------------------------------] 5/93
  val   [##--------------------------------------] 6/93
  val   [###-------------------------------------] 7/93
  val   [###-------------------------------------] 8/93
  val   [###-------------------------------------] 9/93
  val   [####------------------------------------] 10/93
  val   [####------------------------------------] 11/93
  val   [#####-----------------------------------] 12/93
  val   [#####-----------------------------------] 13/93
  val   [######----------------------------------] 14/93
  val   [######----------------------------------] 15/93
  val   [######----------------------------------] 16/93
  val   [#######---------------------------------] 17/93
  val   [#######---------------------------------] 18/93
  val   [########--------------------------------] 19/93
  val   [########--------------------------------] 20/93
  val   [#########-------------------------------] 21/93
  val   [#########-------------------------------] 22/93
  val   [#########-------------------------------] 23/93
  val   [##########------------------------------] 24/93
  val   [##########------------------------------] 25/93
  val   [###########-----------------------------] 26/93
  val   [###########-----------------------------] 27/93
  val   [############----------------------------] 28/93
  val   [############----------------------------] 29/93
  val   [############----------------------------] 30/93
  val   [#############---------------------------] 31/93
  val   [#############---------------------------] 32/93
  val   [##############--------------------------] 33/93
  val   [##############--------------------------] 34/93
  val   [###############-------------------------] 35/93
  val   [###############-------------------------] 36/93
  val   [###############-------------------------] 37/93
  val   [################------------------------] 38/93
  val   [################------------------------] 39/93
  val   [#################-----------------------] 40/93
  val   [#################-----------------------] 41/93
  val   [##################----------------------] 42/93
  val   [##################----------------------] 43/93
  val   [##################----------------------] 44/93
  val   [###################---------------------] 45/93
  val   [###################---------------------] 46/93
  val   [####################--------------------] 47/93
  val   [####################--------------------] 48/93
  val   [#####################-------------------] 49/93
  val   [#####################-------------------] 50/93
  val   [#####################-------------------] 51/93
  val   [######################------------------] 52/93
  val   [######################------------------] 53/93
  val   [#######################-----------------] 54/93
  val   [#######################-----------------] 55/93
  val   [########################----------------] 56/93
  val   [########################----------------] 57/93
  val   [########################----------------] 58/93
  val   [#########################---------------] 59/93
  val   [#########################---------------] 60/93
  val   [##########################--------------] 61/93
  val   [##########################--------------] 62/93
  val   [###########################-------------] 63/93
  val   [###########################-------------] 64/93
  val   [###########################-------------] 65/93
  val   [############################------------] 66/93
  val   [############################------------] 67/93
  val   [#############################-----------] 68/93
  val   [#############################-----------] 69/93
  val   [##############################----------] 70/93
  val   [##############################----------] 71/93
  val   [##############################----------] 72/93
  val   [###############################---------] 73/93
  val   [###############################---------] 74/93
  val   [################################--------] 75/93
  val   [################################--------] 76/93
  val   [#################################-------] 77/93
  val   [#################################-------] 78/93
  val   [#################################-------] 79/93
  val   [##################################------] 80/93
  val   [##################################------] 81/93
  val   [###################################-----] 82/93
  val   [###################################-----] 83/93
  val   [####################################----] 84/93
  val   [####################################----] 85/93
  val   [####################################----] 86/93
  val   [#####################################---] 87/93
  val   [#####################################---] 88/93
  val   [######################################--] 89/93
  val   [######################################--] 90/93
  val   [#######################################-] 91/93
  val   [#######################################-] 92/93
  val   [########################################] 93/93
Epoch   5 | train_loss=0.2182 | val_loss=0.7506 | val_acc=0.8269
  train [----------------------------------------] 4/444  loss=0.1302
  train [----------------------------------------] 8/444  loss=0.1429
  train [#---------------------------------------] 12/444  loss=0.1317
  train [#---------------------------------------] 16/444  loss=0.1401
  train [#---------------------------------------] 20/444  loss=0.1498
  train [##--------------------------------------] 24/444  loss=0.1569
  train [##--------------------------------------] 28/444  loss=0.1575
  train [##--------------------------------------] 32/444  loss=0.1558
  train [###-------------------------------------] 36/444  loss=0.1552
  train [###-------------------------------------] 40/444  loss=0.1544
  train [###-------------------------------------] 44/444  loss=0.1570
  train [####------------------------------------] 48/444  loss=0.1528
  train [####------------------------------------] 52/444  loss=0.1511
  train [#####-----------------------------------] 56/444  loss=0.1478
  train [#####-----------------------------------] 60/444  loss=0.1508
  train [#####-----------------------------------] 64/444  loss=0.1490
  train [######----------------------------------] 68/444  loss=0.1481
  train [######----------------------------------] 72/444  loss=0.1478
  train [######----------------------------------] 76/444  loss=0.1471
  train [#######---------------------------------] 80/444  loss=0.1488
  train [#######---------------------------------] 84/444  loss=0.1472
  train [#######---------------------------------] 88/444  loss=0.1459
  train [########--------------------------------] 92/444  loss=0.1451
  train [########--------------------------------] 96/444  loss=0.1451
  train [#########-------------------------------] 100/444  loss=0.1431
  train [#########-------------------------------] 104/444  loss=0.1435
  train [#########-------------------------------] 108/444  loss=0.1454
  train [##########------------------------------] 112/444  loss=0.1456
  train [##########------------------------------] 116/444  loss=0.1453
  train [##########------------------------------] 120/444  loss=0.1444
  train [###########-----------------------------] 124/444  loss=0.1444
  train [###########-----------------------------] 128/444  loss=0.1448
  train [###########-----------------------------] 132/444  loss=0.1443
  train [############----------------------------] 136/444  loss=0.1476
  train [############----------------------------] 140/444  loss=0.1474
  train [############----------------------------] 144/444  loss=0.1470
  train [#############---------------------------] 148/444  loss=0.1472
  train [#############---------------------------] 152/444  loss=0.1495
  train [##############--------------------------] 156/444  loss=0.1500
  train [##############--------------------------] 160/444  loss=0.1499
  train [##############--------------------------] 164/444  loss=0.1518
  train [###############-------------------------] 168/444  loss=0.1515
  train [###############-------------------------] 172/444  loss=0.1519
  train [###############-------------------------] 176/444  loss=0.1556
  train [################------------------------] 180/444  loss=0.1561
  train [################------------------------] 184/444  loss=0.1570
  train [################------------------------] 188/444  loss=0.1582
  train [#################-----------------------] 192/444  loss=0.1576
  train [#################-----------------------] 196/444  loss=0.1575
  train [##################----------------------] 200/444  loss=0.1571
  train [##################----------------------] 204/444  loss=0.1591
  train [##################----------------------] 208/444  loss=0.1601
  train [###################---------------------] 212/444  loss=0.1607
  train [###################---------------------] 216/444  loss=0.1633
  train [###################---------------------] 220/444  loss=0.1635
  train [####################--------------------] 224/444  loss=0.1635
  train [####################--------------------] 228/444  loss=0.1626
  train [####################--------------------] 232/444  loss=0.1637
  train [#####################-------------------] 236/444  loss=0.1649
  train [#####################-------------------] 240/444  loss=0.1657
  train [#####################-------------------] 244/444  loss=0.1660
  train [######################------------------] 248/444  loss=0.1657
  train [######################------------------] 252/444  loss=0.1668
  train [#######################-----------------] 256/444  loss=0.1670
  train [#######################-----------------] 260/444  loss=0.1665
  train [#######################-----------------] 264/444  loss=0.1669
  train [########################----------------] 268/444  loss=0.1664
  train [########################----------------] 272/444  loss=0.1663
  train [########################----------------] 276/444  loss=0.1654
  train [#########################---------------] 280/444  loss=0.1649
  train [#########################---------------] 284/444  loss=0.1647
  train [#########################---------------] 288/444  loss=0.1655
  train [##########################--------------] 292/444  loss=0.1656
  train [##########################--------------] 296/444  loss=0.1660
  train [###########################-------------] 300/444  loss=0.1665
  train [###########################-------------] 304/444  loss=0.1660
  train [###########################-------------] 308/444  loss=0.1660
  train [############################------------] 312/444  loss=0.1652
  train [############################------------] 316/444  loss=0.1652
  train [############################------------] 320/444  loss=0.1649
  train [#############################-----------] 324/444  loss=0.1646
  train [#############################-----------] 328/444  loss=0.1645
  train [#############################-----------] 332/444  loss=0.1640
  train [##############################----------] 336/444  loss=0.1636
  train [##############################----------] 340/444  loss=0.1637
  train [##############################----------] 344/444  loss=0.1638
  train [###############################---------] 348/444  loss=0.1646
  train [###############################---------] 352/444  loss=0.1648
  train [################################--------] 356/444  loss=0.1651
  train [################################--------] 360/444  loss=0.1655
  train [################################--------] 364/444  loss=0.1658
  train [#################################-------] 368/444  loss=0.1657
  train [#################################-------] 372/444  loss=0.1662
  train [#################################-------] 376/444  loss=0.1667
  train [##################################------] 380/444  loss=0.1666
  train [##################################------] 384/444  loss=0.1673
  train [##################################------] 388/444  loss=0.1677
  train [###################################-----] 392/444  loss=0.1684
  train [###################################-----] 396/444  loss=0.1691
  train [####################################----] 400/444  loss=0.1695
  train [####################################----] 404/444  loss=0.1702
  train [####################################----] 408/444  loss=0.1707
  train [#####################################---] 412/444  loss=0.1702
  train [#####################################---] 416/444  loss=0.1703
  train [#####################################---] 420/444  loss=0.1702
  train [######################################--] 424/444  loss=0.1713
  train [######################################--] 428/444  loss=0.1710
  train [######################################--] 432/444  loss=0.1714
  train [#######################################-] 436/444  loss=0.1712
  train [#######################################-] 440/444  loss=0.1719
  train [########################################] 444/444  loss=0.1716
  val   [----------------------------------------] 1/93
  val   [----------------------------------------] 2/93
  val   [#---------------------------------------] 3/93
  val   [#---------------------------------------] 4/93
  val   [##--------------------------------------] 5/93
  val   [##--------------------------------------] 6/93
  val   [###-------------------------------------] 7/93
  val   [###-------------------------------------] 8/93
  val   [###-------------------------------------] 9/93
  val   [####------------------------------------] 10/93
  val   [####------------------------------------] 11/93
  val   [#####-----------------------------------] 12/93
  val   [#####-----------------------------------] 13/93
  val   [######----------------------------------] 14/93
  val   [######----------------------------------] 15/93
  val   [######----------------------------------] 16/93
  val   [#######---------------------------------] 17/93
  val   [#######---------------------------------] 18/93
  val   [########--------------------------------] 19/93
  val   [########--------------------------------] 20/93
  val   [#########-------------------------------] 21/93
  val   [#########-------------------------------] 22/93
  val   [#########-------------------------------] 23/93
  val   [##########------------------------------] 24/93
  val   [##########------------------------------] 25/93
  val   [###########-----------------------------] 26/93
  val   [###########-----------------------------] 27/93
  val   [############----------------------------] 28/93
  val   [############----------------------------] 29/93
  val   [############----------------------------] 30/93
  val   [#############---------------------------] 31/93
  val   [#############---------------------------] 32/93
  val   [##############--------------------------] 33/93
  val   [##############--------------------------] 34/93
  val   [###############-------------------------] 35/93
  val   [###############-------------------------] 36/93
  val   [###############-------------------------] 37/93
  val   [################------------------------] 38/93
  val   [################------------------------] 39/93
  val   [#################-----------------------] 40/93
  val   [#################-----------------------] 41/93
  val   [##################----------------------] 42/93
  val   [##################----------------------] 43/93
  val   [##################----------------------] 44/93
  val   [###################---------------------] 45/93
  val   [###################---------------------] 46/93
  val   [####################--------------------] 47/93
  val   [####################--------------------] 48/93
  val   [#####################-------------------] 49/93
  val   [#####################-------------------] 50/93
  val   [#####################-------------------] 51/93
  val   [######################------------------] 52/93
  val   [######################------------------] 53/93
  val   [#######################-----------------] 54/93
  val   [#######################-----------------] 55/93
  val   [########################----------------] 56/93
  val   [########################----------------] 57/93
  val   [########################----------------] 58/93
  val   [#########################---------------] 59/93
  val   [#########################---------------] 60/93
  val   [##########################--------------] 61/93
  val   [##########################--------------] 62/93
  val   [###########################-------------] 63/93
  val   [###########################-------------] 64/93
  val   [###########################-------------] 65/93
  val   [############################------------] 66/93
  val   [############################------------] 67/93
  val   [#############################-----------] 68/93
  val   [#############################-----------] 69/93
  val   [##############################----------] 70/93
  val   [##############################----------] 71/93
  val   [##############################----------] 72/93
  val   [###############################---------] 73/93
  val   [###############################---------] 74/93
  val   [################################--------] 75/93
  val   [################################--------] 76/93
  val   [#################################-------] 77/93
  val   [#################################-------] 78/93
  val   [#################################-------] 79/93
  val   [##################################------] 80/93
  val   [##################################------] 81/93
  val   [###################################-----] 82/93
  val   [###################################-----] 83/93
  val   [####################################----] 84/93
  val   [####################################----] 85/93
  val   [####################################----] 86/93
  val   [#####################################---] 87/93
  val   [#####################################---] 88/93
  val   [######################################--] 89/93
  val   [######################################--] 90/93
  val   [#######################################-] 91/93
  val   [#######################################-] 92/93
  val   [########################################] 93/93
Epoch   6 | train_loss=0.1719 | val_loss=0.8196 | val_acc=0.8272
  train [----------------------------------------] 4/444  loss=0.1861
  train [----------------------------------------] 8/444  loss=0.1533
  train [#---------------------------------------] 12/444  loss=0.1602
  train [#---------------------------------------] 16/444  loss=0.1416
  train [#---------------------------------------] 20/444  loss=0.1609
  train [##--------------------------------------] 24/444  loss=0.1553
  train [##--------------------------------------] 28/444  loss=0.1515
  train [##--------------------------------------] 32/444  loss=0.1589
  train [###-------------------------------------] 36/444  loss=0.1519
  train [###-------------------------------------] 40/444  loss=0.1526
  train [###-------------------------------------] 44/444  loss=0.1499
  train [####------------------------------------] 48/444  loss=0.1450
  train [####------------------------------------] 52/444  loss=0.1424
  train [#####-----------------------------------] 56/444  loss=0.1447
  train [#####-----------------------------------] 60/444  loss=0.1449
  train [#####-----------------------------------] 64/444  loss=0.1438
  train [######----------------------------------] 68/444  loss=0.1434
  train [######----------------------------------] 72/444  loss=0.1429
  train [######----------------------------------] 76/444  loss=0.1431
  train [#######---------------------------------] 80/444  loss=0.1421
  train [#######---------------------------------] 84/444  loss=0.1414
  train [#######---------------------------------] 88/444  loss=0.1392
  train [########--------------------------------] 92/444  loss=0.1391
  train [########--------------------------------] 96/444  loss=0.1389
  train [#########-------------------------------] 100/444  loss=0.1398
  train [#########-------------------------------] 104/444  loss=0.1372
  train [#########-------------------------------] 108/444  loss=0.1370
  train [##########------------------------------] 112/444  loss=0.1357
  train [##########------------------------------] 116/444  loss=0.1344
  train [##########------------------------------] 120/444  loss=0.1337
  train [###########-----------------------------] 124/444  loss=0.1329
  train [###########-----------------------------] 128/444  loss=0.1325
  train [###########-----------------------------] 132/444  loss=0.1329
  train [############----------------------------] 136/444  loss=0.1316
  train [############----------------------------] 140/444  loss=0.1310
  train [############----------------------------] 144/444  loss=0.1310
  train [#############---------------------------] 148/444  loss=0.1310
  train [#############---------------------------] 152/444  loss=0.1300
  train [##############--------------------------] 156/444  loss=0.1301
  train [##############--------------------------] 160/444  loss=0.1296
  train [##############--------------------------] 164/444  loss=0.1297
  train [###############-------------------------] 168/444  loss=0.1294
  train [###############-------------------------] 172/444  loss=0.1290
  train [###############-------------------------] 176/444  loss=0.1294
  train [################------------------------] 180/444  loss=0.1286
  train [################------------------------] 184/444  loss=0.1284
  train [################------------------------] 188/444  loss=0.1282
  train [#################-----------------------] 192/444  loss=0.1285
  train [#################-----------------------] 196/444  loss=0.1285
  train [##################----------------------] 200/444  loss=0.1284
  train [##################----------------------] 204/444  loss=0.1279
  train [##################----------------------] 208/444  loss=0.1287
  train [###################---------------------] 212/444  loss=0.1282
  train [###################---------------------] 216/444  loss=0.1289
  train [###################---------------------] 220/444  loss=0.1290
  train [####################--------------------] 224/444  loss=0.1285
  train [####################--------------------] 228/444  loss=0.1280
  train [####################--------------------] 232/444  loss=0.1284
  train [#####################-------------------] 236/444  loss=0.1298
  train [#####################-------------------] 240/444  loss=0.1298
  train [#####################-------------------] 244/444  loss=0.1299
  train [######################------------------] 248/444  loss=0.1297
  train [######################------------------] 252/444  loss=0.1298
  train [#######################-----------------] 256/444  loss=0.1303
  train [#######################-----------------] 260/444  loss=0.1300
  train [#######################-----------------] 264/444  loss=0.1300
  train [########################----------------] 268/444  loss=0.1313
  train [########################----------------] 272/444  loss=0.1314
  train [########################----------------] 276/444  loss=0.1315
  train [#########################---------------] 280/444  loss=0.1320
  train [#########################---------------] 284/444  loss=0.1326
  train [#########################---------------] 288/444  loss=0.1330
  train [##########################--------------] 292/444  loss=0.1332
  train [##########################--------------] 296/444  loss=0.1337
  train [###########################-------------] 300/444  loss=0.1341
  train [###########################-------------] 304/444  loss=0.1343
  train [###########################-------------] 308/444  loss=0.1342
  train [############################------------] 312/444  loss=0.1344
  train [############################------------] 316/444  loss=0.1343
  train [############################------------] 320/444  loss=0.1347
  train [#############################-----------] 324/444  loss=0.1351
  train [#############################-----------] 328/444  loss=0.1354
  train [#############################-----------] 332/444  loss=0.1353
  train [##############################----------] 336/444  loss=0.1352
  train [##############################----------] 340/444  loss=0.1352
  train [##############################----------] 344/444  loss=0.1355
  train [###############################---------] 348/444  loss=0.1359
  train [###############################---------] 352/444  loss=0.1359
  train [################################--------] 356/444  loss=0.1353
  train [################################--------] 360/444  loss=0.1353
  train [################################--------] 364/444  loss=0.1352
  train [#################################-------] 368/444  loss=0.1356
  train [#################################-------] 372/444  loss=0.1350
  train [#################################-------] 376/444  loss=0.1356
  train [##################################------] 380/444  loss=0.1364
  train [##################################------] 384/444  loss=0.1363
  train [##################################------] 388/444  loss=0.1364
  train [###################################-----] 392/444  loss=0.1371
  train [###################################-----] 396/444  loss=0.1375
  train [####################################----] 400/444  loss=0.1372
  train [####################################----] 404/444  loss=0.1372
  train [####################################----] 408/444  loss=0.1372
  train [#####################################---] 412/444  loss=0.1377
  train [#####################################---] 416/444  loss=0.1376
  train [#####################################---] 420/444  loss=0.1376
  train [######################################--] 424/444  loss=0.1374
  train [######################################--] 428/444  loss=0.1375
  train [######################################--] 432/444  loss=0.1375
  train [#######################################-] 436/444  loss=0.1373
  train [#######################################-] 440/444  loss=0.1372
  train [########################################] 444/444  loss=0.1370
  val   [----------------------------------------] 1/93
  val   [----------------------------------------] 2/93
  val   [#---------------------------------------] 3/93
  val   [#---------------------------------------] 4/93
  val   [##--------------------------------------] 5/93
  val   [##--------------------------------------] 6/93
  val   [###-------------------------------------] 7/93
  val   [###-------------------------------------] 8/93
  val   [###-------------------------------------] 9/93
  val   [####------------------------------------] 10/93
  val   [####------------------------------------] 11/93
  val   [#####-----------------------------------] 12/93
  val   [#####-----------------------------------] 13/93
  val   [######----------------------------------] 14/93
  val   [######----------------------------------] 15/93
  val   [######----------------------------------] 16/93
  val   [#######---------------------------------] 17/93
  val   [#######---------------------------------] 18/93
  val   [########--------------------------------] 19/93
  val   [########--------------------------------] 20/93
  val   [#########-------------------------------] 21/93
  val   [#########-------------------------------] 22/93
  val   [#########-------------------------------] 23/93
  val   [##########------------------------------] 24/93
  val   [##########------------------------------] 25/93
  val   [###########-----------------------------] 26/93
  val   [###########-----------------------------] 27/93
  val   [############----------------------------] 28/93
  val   [############----------------------------] 29/93
  val   [############----------------------------] 30/93
  val   [#############---------------------------] 31/93
  val   [#############---------------------------] 32/93
  val   [##############--------------------------] 33/93
  val   [##############--------------------------] 34/93
  val   [###############-------------------------] 35/93
  val   [###############-------------------------] 36/93
  val   [###############-------------------------] 37/93
  val   [################------------------------] 38/93
  val   [################------------------------] 39/93
  val   [#################-----------------------] 40/93
  val   [#################-----------------------] 41/93
  val   [##################----------------------] 42/93
  val   [##################----------------------] 43/93
  val   [##################----------------------] 44/93
  val   [###################---------------------] 45/93
  val   [###################---------------------] 46/93
  val   [####################--------------------] 47/93
  val   [####################--------------------] 48/93
  val   [#####################-------------------] 49/93
  val   [#####################-------------------] 50/93
  val   [#####################-------------------] 51/93
  val   [######################------------------] 52/93
  val   [######################------------------] 53/93
  val   [#######################-----------------] 54/93
  val   [#######################-----------------] 55/93
  val   [########################----------------] 56/93
  val   [########################----------------] 57/93
  val   [########################----------------] 58/93
  val   [#########################---------------] 59/93
  val   [#########################---------------] 60/93
  val   [##########################--------------] 61/93
  val   [##########################--------------] 62/93
  val   [###########################-------------] 63/93
  val   [###########################-------------] 64/93
  val   [###########################-------------] 65/93
  val   [############################------------] 66/93
  val   [############################------------] 67/93
  val   [#############################-----------] 68/93
  val   [#############################-----------] 69/93
  val   [##############################----------] 70/93
  val   [##############################----------] 71/93
  val   [##############################----------] 72/93
  val   [###############################---------] 73/93
  val   [###############################---------] 74/93
  val   [################################--------] 75/93
  val   [################################--------] 76/93
  val   [#################################-------] 77/93
  val   [#################################-------] 78/93
  val   [#################################-------] 79/93
  val   [##################################------] 80/93
  val   [##################################------] 81/93
  val   [###################################-----] 82/93
  val   [###################################-----] 83/93
  val   [####################################----] 84/93
  val   [####################################----] 85/93
  val   [####################################----] 86/93
  val   [#####################################---] 87/93
  val   [#####################################---] 88/93
  val   [######################################--] 89/93
  val   [######################################--] 90/93
  val   [#######################################-] 91/93
  val   [#######################################-] 92/93
  val   [########################################] 93/93
Epoch   7 | train_loss=0.1373 | val_loss=0.7401 | val_acc=0.8397
  train [----------------------------------------] 4/444  loss=0.0939
  train [----------------------------------------] 8/444  loss=0.1183
  train [#---------------------------------------] 12/444  loss=0.1487
  train [#---------------------------------------] 16/444  loss=0.1381
  train [#---------------------------------------] 20/444  loss=0.1335
  train [##--------------------------------------] 24/444  loss=0.1320
  train [##--------------------------------------] 28/444  loss=0.1237
  train [##--------------------------------------] 32/444  loss=0.1197
  train [###-------------------------------------] 36/444  loss=0.1223
  train [###-------------------------------------] 40/444  loss=0.1235
  train [###-------------------------------------] 44/444  loss=0.1227
  train [####------------------------------------] 48/444  loss=0.1194
  train [####------------------------------------] 52/444  loss=0.1173
  train [#####-----------------------------------] 56/444  loss=0.1195
  train [#####-----------------------------------] 60/444  loss=0.1187
  train [#####-----------------------------------] 64/444  loss=0.1191
  train [######----------------------------------] 68/444  loss=0.1160
  train [######----------------------------------] 72/444  loss=0.1144
  train [######----------------------------------] 76/444  loss=0.1150
  train [#######---------------------------------] 80/444  loss=0.1140
  train [#######---------------------------------] 84/444  loss=0.1129
  train [#######---------------------------------] 88/444  loss=0.1113
  train [########--------------------------------] 92/444  loss=0.1100
  train [########--------------------------------] 96/444  loss=0.1095
  train [#########-------------------------------] 100/444  loss=0.1101
  train [#########-------------------------------] 104/444  loss=0.1094
  train [#########-------------------------------] 108/444  loss=0.1097
  train [##########------------------------------] 112/444  loss=0.1095
  train [##########------------------------------] 116/444  loss=0.1088
  train [##########------------------------------] 120/444  loss=0.1081
  train [###########-----------------------------] 124/444  loss=0.1076
  train [###########-----------------------------] 128/444  loss=0.1068
  train [###########-----------------------------] 132/444  loss=0.1070
  train [############----------------------------] 136/444  loss=0.1072
  train [############----------------------------] 140/444  loss=0.1069
  train [############----------------------------] 144/444  loss=0.1071
  train [#############---------------------------] 148/444  loss=0.1062
  train [#############---------------------------] 152/444  loss=0.1055
  train [##############--------------------------] 156/444  loss=0.1066
  train [##############--------------------------] 160/444  loss=0.1062
  train [##############--------------------------] 164/444  loss=0.1055
  train [###############-------------------------] 168/444  loss=0.1055
  train [###############-------------------------] 172/444  loss=0.1055
  train [###############-------------------------] 176/444  loss=0.1055
  train [################------------------------] 180/444  loss=0.1060
  train [################------------------------] 184/444  loss=0.1069
  train [################------------------------] 188/444  loss=0.1067
  train [#################-----------------------] 192/444  loss=0.1076
  train [#################-----------------------] 196/444  loss=0.1065
  train [##################----------------------] 200/444  loss=0.1061
  train [##################----------------------] 204/444  loss=0.1066
  train [##################----------------------] 208/444  loss=0.1059
  train [###################---------------------] 212/444  loss=0.1056
  train [###################---------------------] 216/444  loss=0.1051
  train [###################---------------------] 220/444  loss=0.1052
  train [####################--------------------] 224/444  loss=0.1051
  train [####################--------------------] 228/444  loss=0.1051
  train [####################--------------------] 232/444  loss=0.1052
  train [#####################-------------------] 236/444  loss=0.1050
  train [#####################-------------------] 240/444  loss=0.1044
  train [#####################-------------------] 244/444  loss=0.1048
  train [######################------------------] 248/444  loss=0.1046
  train [######################------------------] 252/444  loss=0.1046
  train [#######################-----------------] 256/444  loss=0.1055
  train [#######################-----------------] 260/444  loss=0.1049
  train [#######################-----------------] 264/444  loss=0.1051
  train [########################----------------] 268/444  loss=0.1053
  train [########################----------------] 272/444  loss=0.1055
  train [########################----------------] 276/444  loss=0.1053
  train [#########################---------------] 280/444  loss=0.1056
  train [#########################---------------] 284/444  loss=0.1061
  train [#########################---------------] 288/444  loss=0.1058
  train [##########################--------------] 292/444  loss=0.1059
  train [##########################--------------] 296/444  loss=0.1067
  train [###########################-------------] 300/444  loss=0.1073
  train [###########################-------------] 304/444  loss=0.1077
  train [###########################-------------] 308/444  loss=0.1076
  train [############################------------] 312/444  loss=0.1082
  train [############################------------] 316/444  loss=0.1080
  train [############################------------] 320/444  loss=0.1081
  train [#############################-----------] 324/444  loss=0.1084
  train [#############################-----------] 328/444  loss=0.1088
  train [#############################-----------] 332/444  loss=0.1087
  train [##############################----------] 336/444  loss=0.1087
  train [##############################----------] 340/444  loss=0.1087
  train [##############################----------] 344/444  loss=0.1085
  train [###############################---------] 348/444  loss=0.1095
  train [###############################---------] 352/444  loss=0.1100
  train [################################--------] 356/444  loss=0.1107
  train [################################--------] 360/444  loss=0.1107
  train [################################--------] 364/444  loss=0.1108
  train [#################################-------] 368/444  loss=0.1105
  train [#################################-------] 372/444  loss=0.1113
  train [#################################-------] 376/444  loss=0.1119
  train [##################################------] 380/444  loss=0.1126
  train [##################################------] 384/444  loss=0.1125
  train [##################################------] 388/444  loss=0.1126
  train [###################################-----] 392/444  loss=0.1129
  train [###################################-----] 396/444  loss=0.1133
  train [####################################----] 400/444  loss=0.1133
  train [####################################----] 404/444  loss=0.1139
  train [####################################----] 408/444  loss=0.1145
  train [#####################################---] 412/444  loss=0.1146
  train [#####################################---] 416/444  loss=0.1150
  train [#####################################---] 420/444  loss=0.1153
  train [######################################--] 424/444  loss=0.1159
  train [######################################--] 428/444  loss=0.1163
  train [######################################--] 432/444  loss=0.1166
  train [#######################################-] 436/444  loss=0.1167
  train [#######################################-] 440/444  loss=0.1165
  train [########################################] 444/444  loss=0.1164
  val   [----------------------------------------] 1/93
  val   [----------------------------------------] 2/93
  val   [#---------------------------------------] 3/93
  val   [#---------------------------------------] 4/93
  val   [##--------------------------------------] 5/93
  val   [##--------------------------------------] 6/93
  val   [###-------------------------------------] 7/93
  val   [###-------------------------------------] 8/93
  val   [###-------------------------------------] 9/93
  val   [####------------------------------------] 10/93
  val   [####------------------------------------] 11/93
  val   [#####-----------------------------------] 12/93
  val   [#####-----------------------------------] 13/93
  val   [######----------------------------------] 14/93
  val   [######----------------------------------] 15/93
  val   [######----------------------------------] 16/93
  val   [#######---------------------------------] 17/93
  val   [#######---------------------------------] 18/93
  val   [########--------------------------------] 19/93
  val   [########--------------------------------] 20/93
  val   [#########-------------------------------] 21/93
  val   [#########-------------------------------] 22/93
  val   [#########-------------------------------] 23/93
  val   [##########------------------------------] 24/93
  val   [##########------------------------------] 25/93
  val   [###########-----------------------------] 26/93
  val   [###########-----------------------------] 27/93
  val   [############----------------------------] 28/93
  val   [############----------------------------] 29/93
  val   [############----------------------------] 30/93
  val   [#############---------------------------] 31/93
  val   [#############---------------------------] 32/93
  val   [##############--------------------------] 33/93
  val   [##############--------------------------] 34/93
  val   [###############-------------------------] 35/93
  val   [###############-------------------------] 36/93
  val   [###############-------------------------] 37/93
  val   [################------------------------] 38/93
  val   [################------------------------] 39/93
  val   [#################-----------------------] 40/93
  val   [#################-----------------------] 41/93
  val   [##################----------------------] 42/93
  val   [##################----------------------] 43/93
  val   [##################----------------------] 44/93
  val   [###################---------------------] 45/93
  val   [###################---------------------] 46/93
  val   [####################--------------------] 47/93
  val   [####################--------------------] 48/93
  val   [#####################-------------------] 49/93
  val   [#####################-------------------] 50/93
  val   [#####################-------------------] 51/93
  val   [######################------------------] 52/93
  val   [######################------------------] 53/93
  val   [#######################-----------------] 54/93
  val   [#######################-----------------] 55/93
  val   [########################----------------] 56/93
  val   [########################----------------] 57/93
  val   [########################----------------] 58/93
  val   [#########################---------------] 59/93
  val   [#########################---------------] 60/93
  val   [##########################--------------] 61/93
  val   [##########################--------------] 62/93
  val   [###########################-------------] 63/93
  val   [###########################-------------] 64/93
  val   [###########################-------------] 65/93
  val   [############################------------] 66/93
  val   [############################------------] 67/93
  val   [#############################-----------] 68/93
  val   [#############################-----------] 69/93
  val   [##############################----------] 70/93
  val   [##############################----------] 71/93
  val   [##############################----------] 72/93
  val   [###############################---------] 73/93
  val   [###############################---------] 74/93
  val   [################################--------] 75/93
  val   [################################--------] 76/93
  val   [#################################-------] 77/93
  val   [#################################-------] 78/93
  val   [#################################-------] 79/93
  val   [##################################------] 80/93
  val   [##################################------] 81/93
  val   [###################################-----] 82/93
  val   [###################################-----] 83/93
  val   [####################################----] 84/93
  val   [####################################----] 85/93
  val   [####################################----] 86/93
  val   [#####################################---] 87/93
  val   [#####################################---] 88/93
  val   [######################################--] 89/93
  val   [######################################--] 90/93
  val   [#######################################-] 91/93
  val   [#######################################-] 92/93
  val   [########################################] 93/93
Epoch   8 | train_loss=0.1166 | val_loss=0.7413 | val_acc=0.8375
  train [----------------------------------------] 4/444  loss=0.0682
  train [----------------------------------------] 8/444  loss=0.0980
  train [#---------------------------------------] 12/444  loss=0.0973
  train [#---------------------------------------] 16/444  loss=0.0898
  train [#---------------------------------------] 20/444  loss=0.0891
  train [##--------------------------------------] 24/444  loss=0.0841
  train [##--------------------------------------] 28/444  loss=0.0866
  train [##--------------------------------------] 32/444  loss=0.0826
  train [###-------------------------------------] 36/444  loss=0.0825
  train [###-------------------------------------] 40/444  loss=0.0835
  train [###-------------------------------------] 44/444  loss=0.0840
  train [####------------------------------------] 48/444  loss=0.0833
  train [####------------------------------------] 52/444  loss=0.0813
  train [#####-----------------------------------] 56/444  loss=0.0828
  train [#####-----------------------------------] 60/444  loss=0.0825
  train [#####-----------------------------------] 64/444  loss=0.0841
  train [######----------------------------------] 68/444  loss=0.0866
  train [######----------------------------------] 72/444  loss=0.0860
  train [######----------------------------------] 76/444  loss=0.0875
  train [#######---------------------------------] 80/444  loss=0.0860
  train [#######---------------------------------] 84/444  loss=0.0866
  train [#######---------------------------------] 88/444  loss=0.0858
  train [########--------------------------------] 92/444  loss=0.0850
  train [########--------------------------------] 96/444  loss=0.0848
  train [#########-------------------------------] 100/444  loss=0.0844
  train [#########-------------------------------] 104/444  loss=0.0828
  train [#########-------------------------------] 108/444  loss=0.0815
  train [##########------------------------------] 112/444  loss=0.0811
  train [##########------------------------------] 116/444  loss=0.0813
  train [##########------------------------------] 120/444  loss=0.0810
  train [###########-----------------------------] 124/444  loss=0.0816
  train [###########-----------------------------] 128/444  loss=0.0818
  train [###########-----------------------------] 132/444  loss=0.0808
  train [############----------------------------] 136/444  loss=0.0805
  train [############----------------------------] 140/444  loss=0.0799
  train [############----------------------------] 144/444  loss=0.0798
  train [#############---------------------------] 148/444  loss=0.0797
  train [#############---------------------------] 152/444  loss=0.0792
  train [##############--------------------------] 156/444  loss=0.0786
  train [##############--------------------------] 160/444  loss=0.0796
  train [##############--------------------------] 164/444  loss=0.0810
  train [###############-------------------------] 168/444  loss=0.0810
  train [###############-------------------------] 172/444  loss=0.0811
  train [###############-------------------------] 176/444  loss=0.0829
  train [################------------------------] 180/444  loss=0.0825
  train [################------------------------] 184/444  loss=0.0832
  train [################------------------------] 188/444  loss=0.0831
  train [#################-----------------------] 192/444  loss=0.0829
  train [#################-----------------------] 196/444  loss=0.0826
  train [##################----------------------] 200/444  loss=0.0827
  train [##################----------------------] 204/444  loss=0.0827
  train [##################----------------------] 208/444  loss=0.0825
  train [###################---------------------] 212/444  loss=0.0817
  train [###################---------------------] 216/444  loss=0.0818
  train [###################---------------------] 220/444  loss=0.0831
  train [####################--------------------] 224/444  loss=0.0836
  train [####################--------------------] 228/444  loss=0.0838
  train [####################--------------------] 232/444  loss=0.0841
  train [#####################-------------------] 236/444  loss=0.0846
  train [#####################-------------------] 240/444  loss=0.0842
  train [#####################-------------------] 244/444  loss=0.0841
  train [######################------------------] 248/444  loss=0.0844
  train [######################------------------] 252/444  loss=0.0840
  train [#######################-----------------] 256/444  loss=0.0840
  train [#######################-----------------] 260/444  loss=0.0838
  train [#######################-----------------] 264/444  loss=0.0840
  train [########################----------------] 268/444  loss=0.0839
  train [########################----------------] 272/444  loss=0.0837
  train [########################----------------] 276/444  loss=0.0840
  train [#########################---------------] 280/444  loss=0.0841
  train [#########################---------------] 284/444  loss=0.0840
  train [#########################---------------] 288/444  loss=0.0834
  train [##########################--------------] 292/444  loss=0.0833
  train [##########################--------------] 296/444  loss=0.0835
  train [###########################-------------] 300/444  loss=0.0833
  train [###########################-------------] 304/444  loss=0.0837
  train [###########################-------------] 308/444  loss=0.0838
  train [############################------------] 312/444  loss=0.0839
  train [############################------------] 316/444  loss=0.0839
  train [############################------------] 320/444  loss=0.0840
  train [#############################-----------] 324/444  loss=0.0838
  train [#############################-----------] 328/444  loss=0.0837
  train [#############################-----------] 332/444  loss=0.0841
  train [##############################----------] 336/444  loss=0.0845
  train [##############################----------] 340/444  loss=0.0841
  train [##############################----------] 344/444  loss=0.0844
  train [###############################---------] 348/444  loss=0.0848
  train [###############################---------] 352/444  loss=0.0850
  train [################################--------] 356/444  loss=0.0846
  train [################################--------] 360/444  loss=0.0849
  train [################################--------] 364/444  loss=0.0850
  train [#################################-------] 368/444  loss=0.0853
  train [#################################-------] 372/444  loss=0.0850
  train [#################################-------] 376/444  loss=0.0861
  train [##################################------] 380/444  loss=0.0860
  train [##################################------] 384/444  loss=0.0859
  train [##################################------] 388/444  loss=0.0863
  train [###################################-----] 392/444  loss=0.0864
  train [###################################-----] 396/444  loss=0.0869
  train [####################################----] 400/444  loss=0.0871
  train [####################################----] 404/444  loss=0.0876
  train [####################################----] 408/444  loss=0.0875
  train [#####################################---] 412/444  loss=0.0875
  train [#####################################---] 416/444  loss=0.0875
  train [#####################################---] 420/444  loss=0.0878
  train [######################################--] 424/444  loss=0.0877
  train [######################################--] 428/444  loss=0.0875
  train [######################################--] 432/444  loss=0.0875
  train [#######################################-] 436/444  loss=0.0875
  train [#######################################-] 440/444  loss=0.0874
  train [########################################] 444/444  loss=0.0873
  val   [----------------------------------------] 1/93
  val   [----------------------------------------] 2/93
  val   [#---------------------------------------] 3/93
  val   [#---------------------------------------] 4/93
  val   [##--------------------------------------] 5/93
  val   [##--------------------------------------] 6/93
  val   [###-------------------------------------] 7/93
  val   [###-------------------------------------] 8/93
  val   [###-------------------------------------] 9/93
  val   [####------------------------------------] 10/93
  val   [####------------------------------------] 11/93
  val   [#####-----------------------------------] 12/93
  val   [#####-----------------------------------] 13/93
  val   [######----------------------------------] 14/93
  val   [######----------------------------------] 15/93
  val   [######----------------------------------] 16/93
  val   [#######---------------------------------] 17/93
  val   [#######---------------------------------] 18/93
  val   [########--------------------------------] 19/93
  val   [########--------------------------------] 20/93
  val   [#########-------------------------------] 21/93
  val   [#########-------------------------------] 22/93
  val   [#########-------------------------------] 23/93
  val   [##########------------------------------] 24/93
  val   [##########------------------------------] 25/93
  val   [###########-----------------------------] 26/93
  val   [###########-----------------------------] 27/93
  val   [############----------------------------] 28/93
  val   [############----------------------------] 29/93
  val   [############----------------------------] 30/93
  val   [#############---------------------------] 31/93
  val   [#############---------------------------] 32/93
  val   [##############--------------------------] 33/93
  val   [##############--------------------------] 34/93
  val   [###############-------------------------] 35/93
  val   [###############-------------------------] 36/93
  val   [###############-------------------------] 37/93
  val   [################------------------------] 38/93
  val   [################------------------------] 39/93
  val   [#################-----------------------] 40/93
  val   [#################-----------------------] 41/93
  val   [##################----------------------] 42/93
  val   [##################----------------------] 43/93
  val   [##################----------------------] 44/93
  val   [###################---------------------] 45/93
  val   [###################---------------------] 46/93
  val   [####################--------------------] 47/93
  val   [####################--------------------] 48/93
  val   [#####################-------------------] 49/93
  val   [#####################-------------------] 50/93
  val   [#####################-------------------] 51/93
  val   [######################------------------] 52/93
  val   [######################------------------] 53/93
  val   [#######################-----------------] 54/93
  val   [#######################-----------------] 55/93
  val   [########################----------------] 56/93
  val   [########################----------------] 57/93
  val   [########################----------------] 58/93
  val   [#########################---------------] 59/93
  val   [#########################---------------] 60/93
  val   [##########################--------------] 61/93
  val   [##########################--------------] 62/93
  val   [###########################-------------] 63/93
  val   [###########################-------------] 64/93
  val   [###########################-------------] 65/93
  val   [############################------------] 66/93
  val   [############################------------] 67/93
  val   [#############################-----------] 68/93
  val   [#############################-----------] 69/93
  val   [##############################----------] 70/93
  val   [##############################----------] 71/93
  val   [##############################----------] 72/93
  val   [###############################---------] 73/93
  val   [###############################---------] 74/93
  val   [################################--------] 75/93
  val   [################################--------] 76/93
  val   [#################################-------] 77/93
  val   [#################################-------] 78/93
  val   [#################################-------] 79/93
  val   [##################################------] 80/93
  val   [##################################------] 81/93
  val   [###################################-----] 82/93
  val   [###################################-----] 83/93
  val   [####################################----] 84/93
  val   [####################################----] 85/93
  val   [####################################----] 86/93
  val   [#####################################---] 87/93
  val   [#####################################---] 88/93
  val   [######################################--] 89/93
  val   [######################################--] 90/93
  val   [#######################################-] 91/93
  val   [#######################################-] 92/93
  val   [########################################] 93/93
Epoch   9 | train_loss=0.0875 | val_loss=0.7711 | val_acc=0.8449
Early stopping at epoch 9 (no improvement for 5 epochs)

Done. Results in /zfsstore/courses/2025-2026/4343MMEBX/Group6/results/late_fusion_resnet50/
Loading datasets...
Classes: 317, total samples: 40902
Discarded 247 species (1087 records) below MIN_GBIFIDS=10
Building model and loading best.pt...
Running inference on test set...
  inference [----------------------------------------] 1/104
  inference [----------------------------------------] 2/104
  inference [#---------------------------------------] 3/104
  inference [#---------------------------------------] 4/104
  inference [#---------------------------------------] 5/104
  inference [##--------------------------------------] 6/104
  inference [##--------------------------------------] 7/104
  inference [###-------------------------------------] 8/104
  inference [###-------------------------------------] 9/104
  inference [###-------------------------------------] 10/104
  inference [####------------------------------------] 11/104
  inference [####------------------------------------] 12/104
  inference [#####-----------------------------------] 13/104
  inference [#####-----------------------------------] 14/104
  inference [#####-----------------------------------] 15/104
  inference [######----------------------------------] 16/104
  inference [######----------------------------------] 17/104
  inference [######----------------------------------] 18/104
  inference [#######---------------------------------] 19/104
  inference [#######---------------------------------] 20/104
  inference [########--------------------------------] 21/104
  inference [########--------------------------------] 22/104
  inference [########--------------------------------] 23/104
  inference [#########-------------------------------] 24/104
  inference [#########-------------------------------] 25/104
  inference [##########------------------------------] 26/104
  inference [##########------------------------------] 27/104
  inference [##########------------------------------] 28/104
  inference [###########-----------------------------] 29/104
  inference [###########-----------------------------] 30/104
  inference [###########-----------------------------] 31/104
  inference [############----------------------------] 32/104
  inference [############----------------------------] 33/104
  inference [#############---------------------------] 34/104
  inference [#############---------------------------] 35/104
  inference [#############---------------------------] 36/104
  inference [##############--------------------------] 37/104
  inference [##############--------------------------] 38/104
  inference [###############-------------------------] 39/104
  inference [###############-------------------------] 40/104
  inference [###############-------------------------] 41/104
  inference [################------------------------] 42/104
  inference [################------------------------] 43/104
  inference [################------------------------] 44/104
  inference [#################-----------------------] 45/104
  inference [#################-----------------------] 46/104
  inference [##################----------------------] 47/104
  inference [##################----------------------] 48/104
  inference [##################----------------------] 49/104
  inference [###################---------------------] 50/104
  inference [###################---------------------] 51/104
  inference [####################--------------------] 52/104
  inference [####################--------------------] 53/104
  inference [####################--------------------] 54/104
  inference [#####################-------------------] 55/104
  inference [#####################-------------------] 56/104
  inference [#####################-------------------] 57/104
  inference [######################------------------] 58/104
  inference [######################------------------] 59/104
  inference [#######################-----------------] 60/104
  inference [#######################-----------------] 61/104
  inference [#######################-----------------] 62/104
  inference [########################----------------] 63/104
  inference [########################----------------] 64/104
  inference [#########################---------------] 65/104
  inference [#########################---------------] 66/104
  inference [#########################---------------] 67/104
  inference [##########################--------------] 68/104
  inference [##########################--------------] 69/104
  inference [##########################--------------] 70/104
  inference [###########################-------------] 71/104
  inference [###########################-------------] 72/104
  inference [############################------------] 73/104
  inference [############################------------] 74/104
  inference [############################------------] 75/104
  inference [#############################-----------] 76/104
  inference [#############################-----------] 77/104
  inference [##############################----------] 78/104
  inference [##############################----------] 79/104
  inference [##############################----------] 80/104
  inference [###############################---------] 81/104
  inference [###############################---------] 82/104
  inference [###############################---------] 83/104
  inference [################################--------] 84/104
  inference [################################--------] 85/104
  inference [#################################-------] 86/104
  inference [#################################-------] 87/104
  inference [#################################-------] 88/104
  inference [##################################------] 89/104
  inference [##################################------] 90/104
  inference [###################################-----] 91/104
  inference [###################################-----] 92/104
  inference [###################################-----] 93/104
  inference [####################################----] 94/104
  inference [####################################----] 95/104
  inference [####################################----] 96/104
  inference [#####################################---] 97/104
  inference [#####################################---] 98/104
  inference [######################################--] 99/104
  inference [######################################--] 100/104
  inference [######################################--] 101/104
  inference [#######################################-] 102/104
  inference [#######################################-] 103/104
  inference [########################################] 104/104
Macro-F1 (overall): 0.7503
  rare  : 0.7829
  medium: 0.8426
  common: 0.8932
Metrics saved to /zfsstore/courses/2025-2026/4343MMEBX/Group6/results/late_fusion_resnet50/metrics.json
