  failed 3449987949_Preview001.jpg: <urlopen error timed out>
  failed 3449979074_Preview001.jpg: <urlopen error timed out>
  failed 3449953358_Preview001.jpg: <urlopen error timed out>
  failed 3449943128_Preview001.jpg: <urlopen error timed out>
  failed 3449934212_Preview001.jpg: <urlopen error timed out>
Loaded 32095 occurrence records
Total multimedia rows: 42152

Done. total=42006, downloaded=0, skipped=42001, errors=5
Warning: You are sending unauthenticated requests to the HF Hub. Please set a HF_TOKEN to enable higher rate limits and faster downloads.
WARNING:huggingface_hub.utils._http:Warning: You are sending unauthenticated requests to the HF Hub. Please set a HF_TOKEN to enable higher rate limits and faster downloads.
Device: cuda
Loading datasets...
Classes: 317, total samples: 40902
Discarded 247 species (1087 records) below MIN_GBIFIDS=10
Classes: 317 | train: 28370 | val: 5933
Building model...
Mixed precision (autocast + GradScaler) enabled
--resume set but no last.pt found; starting from scratch
BioCLIP backbone frozen for first 5 epochs
  train [----------------------------------------] 4/444  loss=5.7460
  train [----------------------------------------] 8/444  loss=5.6936
  train [#---------------------------------------] 12/444  loss=5.6170
  train [#---------------------------------------] 16/444  loss=5.5512
  train [#---------------------------------------] 20/444  loss=5.4504
  train [##--------------------------------------] 24/444  loss=5.3790
  train [##--------------------------------------] 28/444  loss=5.3342
  train [##--------------------------------------] 32/444  loss=5.2654
  train [###-------------------------------------] 36/444  loss=5.2036
  train [###-------------------------------------] 40/444  loss=5.1338
  train [###-------------------------------------] 44/444  loss=5.0791
  train [####------------------------------------] 48/444  loss=5.0239
  train [####------------------------------------] 52/444  loss=4.9690
  train [#####-----------------------------------] 56/444  loss=4.9025
  train [#####-----------------------------------] 60/444  loss=4.8483
  train [#####-----------------------------------] 64/444  loss=4.7928
  train [######----------------------------------] 68/444  loss=4.7496
  train [######----------------------------------] 72/444  loss=4.7092
  train [######----------------------------------] 76/444  loss=4.6751
  train [#######---------------------------------] 80/444  loss=4.6234
  train [#######---------------------------------] 84/444  loss=4.5805
  train [#######---------------------------------] 88/444  loss=4.5268
  train [########--------------------------------] 92/444  loss=4.4950
  train [########--------------------------------] 96/444  loss=4.4489
  train [#########-------------------------------] 100/444  loss=4.4062
  train [#########-------------------------------] 104/444  loss=4.3771
  train [#########-------------------------------] 108/444  loss=4.3393
  train [##########------------------------------] 112/444  loss=4.3092
  train [##########------------------------------] 116/444  loss=4.2710
  train [##########------------------------------] 120/444  loss=4.2250
  train [###########-----------------------------] 124/444  loss=4.1905
  train [###########-----------------------------] 128/444  loss=4.1565
  train [###########-----------------------------] 132/444  loss=4.1116
  train [############----------------------------] 136/444  loss=4.0794
  train [############----------------------------] 140/444  loss=4.0440
  train [############----------------------------] 144/444  loss=4.0134
  train [#############---------------------------] 148/444  loss=3.9778
  train [#############---------------------------] 152/444  loss=3.9487
  train [##############--------------------------] 156/444  loss=3.9145
  train [##############--------------------------] 160/444  loss=3.8825
  train [##############--------------------------] 164/444  loss=3.8563
  train [###############-------------------------] 168/444  loss=3.8250
  train [###############-------------------------] 172/444  loss=3.8022
  train [###############-------------------------] 176/444  loss=3.7734
  train [################------------------------] 180/444  loss=3.7426
  train [################------------------------] 184/444  loss=3.7152
  train [################------------------------] 188/444  loss=3.6841
  train [#################-----------------------] 192/444  loss=3.6620
  train [#################-----------------------] 196/444  loss=3.6318
  train [##################----------------------] 200/444  loss=3.6097
  train [##################----------------------] 204/444  loss=3.5854
  train [##################----------------------] 208/444  loss=3.5596
  train [###################---------------------] 212/444  loss=3.5271
  train [###################---------------------] 216/444  loss=3.5006
  train [###################---------------------] 220/444  loss=3.4716
  train [####################--------------------] 224/444  loss=3.4478
  train [####################--------------------] 228/444  loss=3.4198
  train [####################--------------------] 232/444  loss=3.4003
  train [#####################-------------------] 236/444  loss=3.3742
  train [#####################-------------------] 240/444  loss=3.3525
  train [#####################-------------------] 244/444  loss=3.3287
  train [######################------------------] 248/444  loss=3.3051
  train [######################------------------] 252/444  loss=3.2873
  train [#######################-----------------] 256/444  loss=3.2671
  train [#######################-----------------] 260/444  loss=3.2480
  train [#######################-----------------] 264/444  loss=3.2267
  train [########################----------------] 268/444  loss=3.2047
  train [########################----------------] 272/444  loss=3.1835
  train [########################----------------] 276/444  loss=3.1649
  train [#########################---------------] 280/444  loss=3.1467
  train [#########################---------------] 284/444  loss=3.1273
  train [#########################---------------] 288/444  loss=3.1078
  train [##########################--------------] 292/444  loss=3.0916
  train [##########################--------------] 296/444  loss=3.0733
  train [###########################-------------] 300/444  loss=3.0572
  train [###########################-------------] 304/444  loss=3.0386
  train [###########################-------------] 308/444  loss=3.0208
  train [############################------------] 312/444  loss=3.0026
  train [############################------------] 316/444  loss=2.9862
  train [############################------------] 320/444  loss=2.9690
  train [#############################-----------] 324/444  loss=2.9545
  train [#############################-----------] 328/444  loss=2.9371
  train [#############################-----------] 332/444  loss=2.9206
  train [##############################----------] 336/444  loss=2.9053
  train [##############################----------] 340/444  loss=2.8887
  train [##############################----------] 344/444  loss=2.8743
  train [###############################---------] 348/444  loss=2.8581
  train [###############################---------] 352/444  loss=2.8446
  train [################################--------] 356/444  loss=2.8309
  train [################################--------] 360/444  loss=2.8179
  train [################################--------] 364/444  loss=2.8043
  train [#################################-------] 368/444  loss=2.7932
  train [#################################-------] 372/444  loss=2.7782
  train [#################################-------] 376/444  loss=2.7650
  train [##################################------] 380/444  loss=2.7513
  train [##################################------] 384/444  loss=2.7369
  train [##################################------] 388/444  loss=2.7239
  train [###################################-----] 392/444  loss=2.7096
  train [###################################-----] 396/444  loss=2.6982
  train [####################################----] 400/444  loss=2.6844
  train [####################################----] 404/444  loss=2.6726
  train [####################################----] 408/444  loss=2.6575
  train [#####################################---] 412/444  loss=2.6448
  train [#####################################---] 416/444  loss=2.6319
  train [#####################################---] 420/444  loss=2.6201
  train [######################################--] 424/444  loss=2.6059
  train [######################################--] 428/444  loss=2.5937
  train [######################################--] 432/444  loss=2.5799
  train [#######################################-] 436/444  loss=2.5695
  train [#######################################-] 440/444  loss=2.5571
  train [########################################] 444/444  loss=2.5444
  val   [----------------------------------------] 1/93
  val   [----------------------------------------] 2/93
  val   [#---------------------------------------] 3/93
  val   [#---------------------------------------] 4/93
  val   [##--------------------------------------] 5/93
  val   [##--------------------------------------] 6/93
  val   [###-------------------------------------] 7/93
  val   [###-------------------------------------] 8/93
  val   [###-------------------------------------] 9/93
  val   [####------------------------------------] 10/93
  val   [####------------------------------------] 11/93
  val   [#####-----------------------------------] 12/93
  val   [#####-----------------------------------] 13/93
  val   [######----------------------------------] 14/93
  val   [######----------------------------------] 15/93
  val   [######----------------------------------] 16/93
  val   [#######---------------------------------] 17/93
  val   [#######---------------------------------] 18/93
  val   [########--------------------------------] 19/93
  val   [########--------------------------------] 20/93
  val   [#########-------------------------------] 21/93
  val   [#########-------------------------------] 22/93
  val   [#########-------------------------------] 23/93
  val   [##########------------------------------] 24/93
  val   [##########------------------------------] 25/93
  val   [###########-----------------------------] 26/93
  val   [###########-----------------------------] 27/93
  val   [############----------------------------] 28/93
  val   [############----------------------------] 29/93
  val   [############----------------------------] 30/93
  val   [#############---------------------------] 31/93
  val   [#############---------------------------] 32/93
  val   [##############--------------------------] 33/93
  val   [##############--------------------------] 34/93
  val   [###############-------------------------] 35/93
  val   [###############-------------------------] 36/93
  val   [###############-------------------------] 37/93
  val   [################------------------------] 38/93
  val   [################------------------------] 39/93
  val   [#################-----------------------] 40/93
  val   [#################-----------------------] 41/93
  val   [##################----------------------] 42/93
  val   [##################----------------------] 43/93
  val   [##################----------------------] 44/93
  val   [###################---------------------] 45/93
  val   [###################---------------------] 46/93
  val   [####################--------------------] 47/93
  val   [####################--------------------] 48/93
  val   [#####################-------------------] 49/93
  val   [#####################-------------------] 50/93
  val   [#####################-------------------] 51/93
  val   [######################------------------] 52/93
  val   [######################------------------] 53/93
  val   [#######################-----------------] 54/93
  val   [#######################-----------------] 55/93
  val   [########################----------------] 56/93
  val   [########################----------------] 57/93
  val   [########################----------------] 58/93
  val   [#########################---------------] 59/93
  val   [#########################---------------] 60/93
  val   [##########################--------------] 61/93
  val   [##########################--------------] 62/93
  val   [###########################-------------] 63/93
  val   [###########################-------------] 64/93
  val   [###########################-------------] 65/93
  val   [############################------------] 66/93
  val   [############################------------] 67/93
  val   [#############################-----------] 68/93
  val   [#############################-----------] 69/93
  val   [##############################----------] 70/93
  val   [##############################----------] 71/93
  val   [##############################----------] 72/93
  val   [###############################---------] 73/93
  val   [###############################---------] 74/93
  val   [################################--------] 75/93
  val   [################################--------] 76/93
  val   [#################################-------] 77/93
  val   [#################################-------] 78/93
  val   [#################################-------] 79/93
  val   [##################################------] 80/93
  val   [##################################------] 81/93
  val   [###################################-----] 82/93
  val   [###################################-----] 83/93
  val   [####################################----] 84/93
  val   [####################################----] 85/93
  val   [####################################----] 86/93
  val   [#####################################---] 87/93
  val   [#####################################---] 88/93
  val   [######################################--] 89/93
  val   [######################################--] 90/93
  val   [#######################################-] 91/93
  val   [#######################################-] 92/93
  val   [########################################] 93/93
Epoch   0 | train_loss=2.5485 | val_loss=1.0715 | val_acc=0.8776
  -> best model saved (val_loss=1.0715)
  train [----------------------------------------] 4/444  loss=1.1773
  train [----------------------------------------] 8/444  loss=1.1022
  train [#---------------------------------------] 12/444  loss=1.1110
  train [#---------------------------------------] 16/444  loss=1.1188
  train [#---------------------------------------] 20/444  loss=1.0988
  train [##--------------------------------------] 24/444  loss=1.0953
  train [##--------------------------------------] 28/444  loss=1.0962
  train [##--------------------------------------] 32/444  loss=1.1081
  train [###-------------------------------------] 36/444  loss=1.1066
  train [###-------------------------------------] 40/444  loss=1.0956
  train [###-------------------------------------] 44/444  loss=1.0918
  train [####------------------------------------] 48/444  loss=1.0866
  train [####------------------------------------] 52/444  loss=1.0732
  train [#####-----------------------------------] 56/444  loss=1.0784
  train [#####-----------------------------------] 60/444  loss=1.0691
  train [#####-----------------------------------] 64/444  loss=1.0728
  train [######----------------------------------] 68/444  loss=1.0781
  train [######----------------------------------] 72/444  loss=1.0748
  train [######----------------------------------] 76/444  loss=1.0719
  train [#######---------------------------------] 80/444  loss=1.0723
  train [#######---------------------------------] 84/444  loss=1.0737
  train [#######---------------------------------] 88/444  loss=1.0706
  train [########--------------------------------] 92/444  loss=1.0705
  train [########--------------------------------] 96/444  loss=1.0677
  train [#########-------------------------------] 100/444  loss=1.0638
  train [#########-------------------------------] 104/444  loss=1.0605
  train [#########-------------------------------] 108/444  loss=1.0571
  train [##########------------------------------] 112/444  loss=1.0550
  train [##########------------------------------] 116/444  loss=1.0556
  train [##########------------------------------] 120/444  loss=1.0524
  train [###########-----------------------------] 124/444  loss=1.0520
  train [###########-----------------------------] 128/444  loss=1.0449
  train [###########-----------------------------] 132/444  loss=1.0419
  train [############----------------------------] 136/444  loss=1.0374
  train [############----------------------------] 140/444  loss=1.0381
  train [############----------------------------] 144/444  loss=1.0351
  train [#############---------------------------] 148/444  loss=1.0336
  train [#############---------------------------] 152/444  loss=1.0335
  train [##############--------------------------] 156/444  loss=1.0302
  train [##############--------------------------] 160/444  loss=1.0292
  train [##############--------------------------] 164/444  loss=1.0252
  train [###############-------------------------] 168/444  loss=1.0258
  train [###############-------------------------] 172/444  loss=1.0226
  train [###############-------------------------] 176/444  loss=1.0173
  train [################------------------------] 180/444  loss=1.0133
  train [################------------------------] 184/444  loss=1.0149
  train [################------------------------] 188/444  loss=1.0118
  train [#################-----------------------] 192/444  loss=1.0120
  train [#################-----------------------] 196/444  loss=1.0104
  train [##################----------------------] 200/444  loss=1.0107
  train [##################----------------------] 204/444  loss=1.0077
  train [##################----------------------] 208/444  loss=1.0059
  train [###################---------------------] 212/444  loss=1.0033
  train [###################---------------------] 216/444  loss=0.9986
  train [###################---------------------] 220/444  loss=0.9949
  train [####################--------------------] 224/444  loss=0.9938
  train [####################--------------------] 228/444  loss=0.9903
  train [####################--------------------] 232/444  loss=0.9887
  train [#####################-------------------] 236/444  loss=0.9856
  train [#####################-------------------] 240/444  loss=0.9826
  train [#####################-------------------] 244/444  loss=0.9806
  train [######################------------------] 248/444  loss=0.9805
  train [######################------------------] 252/444  loss=0.9788
  train [#######################-----------------] 256/444  loss=0.9769
  train [#######################-----------------] 260/444  loss=0.9741
  train [#######################-----------------] 264/444  loss=0.9725
  train [########################----------------] 268/444  loss=0.9721
  train [########################----------------] 272/444  loss=0.9713
  train [########################----------------] 276/444  loss=0.9690
  train [#########################---------------] 280/444  loss=0.9686
  train [#########################---------------] 284/444  loss=0.9651
  train [#########################---------------] 288/444  loss=0.9632
  train [##########################--------------] 292/444  loss=0.9581
  train [##########################--------------] 296/444  loss=0.9564
  train [###########################-------------] 300/444  loss=0.9540
  train [###########################-------------] 304/444  loss=0.9532
  train [###########################-------------] 308/444  loss=0.9492
  train [############################------------] 312/444  loss=0.9466
  train [############################------------] 316/444  loss=0.9448
  train [############################------------] 320/444  loss=0.9424
  train [#############################-----------] 324/444  loss=0.9414
  train [#############################-----------] 328/444  loss=0.9387
  train [#############################-----------] 332/444  loss=0.9391
  train [##############################----------] 336/444  loss=0.9381
  train [##############################----------] 340/444  loss=0.9370
  train [##############################----------] 344/444  loss=0.9356
  train [###############################---------] 348/444  loss=0.9349
  train [###############################---------] 352/444  loss=0.9333
  train [################################--------] 356/444  loss=0.9304
  train [################################--------] 360/444  loss=0.9309
  train [################################--------] 364/444  loss=0.9299
  train [#################################-------] 368/444  loss=0.9282
  train [#################################-------] 372/444  loss=0.9240
  train [#################################-------] 376/444  loss=0.9217
  train [##################################------] 380/444  loss=0.9221
  train [##################################------] 384/444  loss=0.9201
  train [##################################------] 388/444  loss=0.9183
  train [###################################-----] 392/444  loss=0.9175
  train [###################################-----] 396/444  loss=0.9172
  train [####################################----] 400/444  loss=0.9146
  train [####################################----] 404/444  loss=0.9120
  train [####################################----] 408/444  loss=0.9092
  train [#####################################---] 412/444  loss=0.9077
  train [#####################################---] 416/444  loss=0.9056
  train [#####################################---] 420/444  loss=0.9035
  train [######################################--] 424/444  loss=0.9021
  train [######################################--] 428/444  loss=0.8992
  train [######################################--] 432/444  loss=0.8974
  train [#######################################-] 436/444  loss=0.8959
  train [#######################################-] 440/444  loss=0.8932
  train [########################################] 444/444  loss=0.8902
  val   [----------------------------------------] 1/93
  val   [----------------------------------------] 2/93
  val   [#---------------------------------------] 3/93
  val   [#---------------------------------------] 4/93
  val   [##--------------------------------------] 5/93
  val   [##--------------------------------------] 6/93
  val   [###-------------------------------------] 7/93
  val   [###-------------------------------------] 8/93
  val   [###-------------------------------------] 9/93
  val   [####------------------------------------] 10/93
  val   [####------------------------------------] 11/93
  val   [#####-----------------------------------] 12/93
  val   [#####-----------------------------------] 13/93
  val   [######----------------------------------] 14/93
  val   [######----------------------------------] 15/93
  val   [######----------------------------------] 16/93
  val   [#######---------------------------------] 17/93
  val   [#######---------------------------------] 18/93
  val   [########--------------------------------] 19/93
  val   [########--------------------------------] 20/93
  val   [#########-------------------------------] 21/93
  val   [#########-------------------------------] 22/93
  val   [#########-------------------------------] 23/93
  val   [##########------------------------------] 24/93
  val   [##########------------------------------] 25/93
  val   [###########-----------------------------] 26/93
  val   [###########-----------------------------] 27/93
  val   [############----------------------------] 28/93
  val   [############----------------------------] 29/93
  val   [############----------------------------] 30/93
  val   [#############---------------------------] 31/93
  val   [#############---------------------------] 32/93
  val   [##############--------------------------] 33/93
  val   [##############--------------------------] 34/93
  val   [###############-------------------------] 35/93
  val   [###############-------------------------] 36/93
  val   [###############-------------------------] 37/93
  val   [################------------------------] 38/93
  val   [################------------------------] 39/93
  val   [#################-----------------------] 40/93
  val   [#################-----------------------] 41/93
  val   [##################----------------------] 42/93
  val   [##################----------------------] 43/93
  val   [##################----------------------] 44/93
  val   [###################---------------------] 45/93
  val   [###################---------------------] 46/93
  val   [####################--------------------] 47/93
  val   [####################--------------------] 48/93
  val   [#####################-------------------] 49/93
  val   [#####################-------------------] 50/93
  val   [#####################-------------------] 51/93
  val   [######################------------------] 52/93
  val   [######################------------------] 53/93
  val   [#######################-----------------] 54/93
  val   [#######################-----------------] 55/93
  val   [########################----------------] 56/93
  val   [########################----------------] 57/93
  val   [########################----------------] 58/93
  val   [#########################---------------] 59/93
  val   [#########################---------------] 60/93
  val   [##########################--------------] 61/93
  val   [##########################--------------] 62/93
  val   [###########################-------------] 63/93
  val   [###########################-------------] 64/93
  val   [###########################-------------] 65/93
  val   [############################------------] 66/93
  val   [############################------------] 67/93
  val   [#############################-----------] 68/93
  val   [#############################-----------] 69/93
  val   [##############################----------] 70/93
  val   [##############################----------] 71/93
  val   [##############################----------] 72/93
  val   [###############################---------] 73/93
  val   [###############################---------] 74/93
  val   [################################--------] 75/93
  val   [################################--------] 76/93
  val   [#################################-------] 77/93
  val   [#################################-------] 78/93
  val   [#################################-------] 79/93
  val   [##################################------] 80/93
  val   [##################################------] 81/93
  val   [###################################-----] 82/93
  val   [###################################-----] 83/93
  val   [####################################----] 84/93
  val   [####################################----] 85/93
  val   [####################################----] 86/93
  val   [#####################################---] 87/93
  val   [#####################################---] 88/93
  val   [######################################--] 89/93
  val   [######################################--] 90/93
  val   [#######################################-] 91/93
  val   [#######################################-] 92/93
  val   [########################################] 93/93
Epoch   1 | train_loss=0.8917 | val_loss=0.6829 | val_acc=0.8995
  -> best model saved (val_loss=0.6829)
  train [----------------------------------------] 4/444  loss=0.6999
  train [----------------------------------------] 8/444  loss=0.7177
  train [#---------------------------------------] 12/444  loss=0.6697
  train [#---------------------------------------] 16/444  loss=0.6558
  train [#---------------------------------------] 20/444  loss=0.6509
  train [##--------------------------------------] 24/444  loss=0.6360
  train [##--------------------------------------] 28/444  loss=0.6373
  train [##--------------------------------------] 32/444  loss=0.6449
  train [###-------------------------------------] 36/444  loss=0.6389
  train [###-------------------------------------] 40/444  loss=0.6313
  train [###-------------------------------------] 44/444  loss=0.6311
  train [####------------------------------------] 48/444  loss=0.6303
  train [####------------------------------------] 52/444  loss=0.6290
  train [#####-----------------------------------] 56/444  loss=0.6287
  train [#####-----------------------------------] 60/444  loss=0.6261
  train [#####-----------------------------------] 64/444  loss=0.6246
  train [######----------------------------------] 68/444  loss=0.6265
  train [######----------------------------------] 72/444  loss=0.6214
  train [######----------------------------------] 76/444  loss=0.6172
  train [#######---------------------------------] 80/444  loss=0.6208
  train [#######---------------------------------] 84/444  loss=0.6179
  train [#######---------------------------------] 88/444  loss=0.6163
  train [########--------------------------------] 92/444  loss=0.6190
  train [########--------------------------------] 96/444  loss=0.6158
  train [#########-------------------------------] 100/444  loss=0.6207
  train [#########-------------------------------] 104/444  loss=0.6168
  train [#########-------------------------------] 108/444  loss=0.6175
  train [##########------------------------------] 112/444  loss=0.6173
  train [##########------------------------------] 116/444  loss=0.6166
  train [##########------------------------------] 120/444  loss=0.6168
  train [###########-----------------------------] 124/444  loss=0.6158
  train [###########-----------------------------] 128/444  loss=0.6134
  train [###########-----------------------------] 132/444  loss=0.6117
  train [############----------------------------] 136/444  loss=0.6127
  train [############----------------------------] 140/444  loss=0.6143
  train [############----------------------------] 144/444  loss=0.6118
  train [#############---------------------------] 148/444  loss=0.6096
  train [#############---------------------------] 152/444  loss=0.6080
  train [##############--------------------------] 156/444  loss=0.6091
  train [##############--------------------------] 160/444  loss=0.6105
  train [##############--------------------------] 164/444  loss=0.6070
  train [###############-------------------------] 168/444  loss=0.6066
  train [###############-------------------------] 172/444  loss=0.6056
  train [###############-------------------------] 176/444  loss=0.6051
  train [################------------------------] 180/444  loss=0.6034
  train [################------------------------] 184/444  loss=0.6017
  train [################------------------------] 188/444  loss=0.6014
  train [#################-----------------------] 192/444  loss=0.6020
  train [#################-----------------------] 196/444  loss=0.6008
  train [##################----------------------] 200/444  loss=0.6000
  train [##################----------------------] 204/444  loss=0.5996
  train [##################----------------------] 208/444  loss=0.5974
  train [###################---------------------] 212/444  loss=0.5968
  train [###################---------------------] 216/444  loss=0.5942
  train [###################---------------------] 220/444  loss=0.5937
  train [####################--------------------] 224/444  loss=0.5924
  train [####################--------------------] 228/444  loss=0.5917
  train [####################--------------------] 232/444  loss=0.5913
  train [#####################-------------------] 236/444  loss=0.5923
  train [#####################-------------------] 240/444  loss=0.5944
  train [#####################-------------------] 244/444  loss=0.5938
  train [######################------------------] 248/444  loss=0.5932
  train [######################------------------] 252/444  loss=0.5929
  train [#######################-----------------] 256/444  loss=0.5922
  train [#######################-----------------] 260/444  loss=0.5907
  train [#######################-----------------] 264/444  loss=0.5908
  train [########################----------------] 268/444  loss=0.5905
  train [########################----------------] 272/444  loss=0.5903
  train [########################----------------] 276/444  loss=0.5891
  train [#########################---------------] 280/444  loss=0.5900
  train [#########################---------------] 284/444  loss=0.5900
  train [#########################---------------] 288/444  loss=0.5892
  train [##########################--------------] 292/444  loss=0.5873
  train [##########################--------------] 296/444  loss=0.5891
  train [###########################-------------] 300/444  loss=0.5876
  train [###########################-------------] 304/444  loss=0.5875
  train [###########################-------------] 308/444  loss=0.5872
  train [############################------------] 312/444  loss=0.5848
  train [############################------------] 316/444  loss=0.5846
  train [############################------------] 320/444  loss=0.5837
  train [#############################-----------] 324/444  loss=0.5825
  train [#############################-----------] 328/444  loss=0.5818
  train [#############################-----------] 332/444  loss=0.5805
  train [##############################----------] 336/444  loss=0.5791
  train [##############################----------] 340/444  loss=0.5768
  train [##############################----------] 344/444  loss=0.5756
  train [###############################---------] 348/444  loss=0.5749
  train [###############################---------] 352/444  loss=0.5751
  train [################################--------] 356/444  loss=0.5751
  train [################################--------] 360/444  loss=0.5739
  train [################################--------] 364/444  loss=0.5743
  train [#################################-------] 368/444  loss=0.5749
  train [#################################-------] 372/444  loss=0.5759
  train [#################################-------] 376/444  loss=0.5749
  train [##################################------] 380/444  loss=0.5740
  train [##################################------] 384/444  loss=0.5740
  train [##################################------] 388/444  loss=0.5726
  train [###################################-----] 392/444  loss=0.5715
  train [###################################-----] 396/444  loss=0.5708
  train [####################################----] 400/444  loss=0.5725
  train [####################################----] 404/444  loss=0.5707
  train [####################################----] 408/444  loss=0.5705
  train [#####################################---] 412/444  loss=0.5698
  train [#####################################---] 416/444  loss=0.5684
  train [#####################################---] 420/444  loss=0.5689
  train [######################################--] 424/444  loss=0.5678
  train [######################################--] 428/444  loss=0.5666
  train [######################################--] 432/444  loss=0.5673
  train [#######################################-] 436/444  loss=0.5665
  train [#######################################-] 440/444  loss=0.5673
  train [########################################] 444/444  loss=0.5657
  val   [----------------------------------------] 1/93
  val   [----------------------------------------] 2/93
  val   [#---------------------------------------] 3/93
  val   [#---------------------------------------] 4/93
  val   [##--------------------------------------] 5/93
  val   [##--------------------------------------] 6/93
  val   [###-------------------------------------] 7/93
  val   [###-------------------------------------] 8/93
  val   [###-------------------------------------] 9/93
  val   [####------------------------------------] 10/93
  val   [####------------------------------------] 11/93
  val   [#####-----------------------------------] 12/93
  val   [#####-----------------------------------] 13/93
  val   [######----------------------------------] 14/93
  val   [######----------------------------------] 15/93
  val   [######----------------------------------] 16/93
  val   [#######---------------------------------] 17/93
  val   [#######---------------------------------] 18/93
  val   [########--------------------------------] 19/93
  val   [########--------------------------------] 20/93
  val   [#########-------------------------------] 21/93
  val   [#########-------------------------------] 22/93
  val   [#########-------------------------------] 23/93
  val   [##########------------------------------] 24/93
  val   [##########------------------------------] 25/93
  val   [###########-----------------------------] 26/93
  val   [###########-----------------------------] 27/93
  val   [############----------------------------] 28/93
  val   [############----------------------------] 29/93
  val   [############----------------------------] 30/93
  val   [#############---------------------------] 31/93
  val   [#############---------------------------] 32/93
  val   [##############--------------------------] 33/93
  val   [##############--------------------------] 34/93
  val   [###############-------------------------] 35/93
  val   [###############-------------------------] 36/93
  val   [###############-------------------------] 37/93
  val   [################------------------------] 38/93
  val   [################------------------------] 39/93
  val   [#################-----------------------] 40/93
  val   [#################-----------------------] 41/93
  val   [##################----------------------] 42/93
  val   [##################----------------------] 43/93
  val   [##################----------------------] 44/93
  val   [###################---------------------] 45/93
  val   [###################---------------------] 46/93
  val   [####################--------------------] 47/93
  val   [####################--------------------] 48/93
  val   [#####################-------------------] 49/93
  val   [#####################-------------------] 50/93
  val   [#####################-------------------] 51/93
  val   [######################------------------] 52/93
  val   [######################------------------] 53/93
  val   [#######################-----------------] 54/93
  val   [#######################-----------------] 55/93
  val   [########################----------------] 56/93
  val   [########################----------------] 57/93
  val   [########################----------------] 58/93
  val   [#########################---------------] 59/93
  val   [#########################---------------] 60/93
  val   [##########################--------------] 61/93
  val   [##########################--------------] 62/93
  val   [###########################-------------] 63/93
  val   [###########################-------------] 64/93
  val   [###########################-------------] 65/93
  val   [############################------------] 66/93
  val   [############################------------] 67/93
  val   [#############################-----------] 68/93
  val   [#############################-----------] 69/93
  val   [##############################----------] 70/93
  val   [##############################----------] 71/93
  val   [##############################----------] 72/93
  val   [###############################---------] 73/93
  val   [###############################---------] 74/93
  val   [################################--------] 75/93
  val   [################################--------] 76/93
  val   [#################################-------] 77/93
  val   [#################################-------] 78/93
  val   [#################################-------] 79/93
  val   [##################################------] 80/93
  val   [##################################------] 81/93
  val   [###################################-----] 82/93
  val   [###################################-----] 83/93
  val   [####################################----] 84/93
  val   [####################################----] 85/93
  val   [####################################----] 86/93
  val   [#####################################---] 87/93
  val   [#####################################---] 88/93
  val   [######################################--] 89/93
  val   [######################################--] 90/93
  val   [#######################################-] 91/93
  val   [#######################################-] 92/93
  val   [########################################] 93/93
Epoch   2 | train_loss=0.5666 | val_loss=0.5623 | val_acc=0.9016
  -> best model saved (val_loss=0.5623)
  train [----------------------------------------] 4/444  loss=0.4250
  train [----------------------------------------] 8/444  loss=0.4814
  train [#---------------------------------------] 12/444  loss=0.4734
  train [#---------------------------------------] 16/444  loss=0.4715
  train [#---------------------------------------] 20/444  loss=0.4635
  train [##--------------------------------------] 24/444  loss=0.4610
  train [##--------------------------------------] 28/444  loss=0.4586
  train [##--------------------------------------] 32/444  loss=0.4498
  train [###-------------------------------------] 36/444  loss=0.4360
  train [###-------------------------------------] 40/444  loss=0.4334
  train [###-------------------------------------] 44/444  loss=0.4410
  train [####------------------------------------] 48/444  loss=0.4408
  train [####------------------------------------] 52/444  loss=0.4460
  train [#####-----------------------------------] 56/444  loss=0.4474
  train [#####-----------------------------------] 60/444  loss=0.4518
  train [#####-----------------------------------] 64/444  loss=0.4525
  train [######----------------------------------] 68/444  loss=0.4517
  train [######----------------------------------] 72/444  loss=0.4518
  train [######----------------------------------] 76/444  loss=0.4531
  train [#######---------------------------------] 80/444  loss=0.4510
  train [#######---------------------------------] 84/444  loss=0.4493
  train [#######---------------------------------] 88/444  loss=0.4505
  train [########--------------------------------] 92/444  loss=0.4510
  train [########--------------------------------] 96/444  loss=0.4512
  train [#########-------------------------------] 100/444  loss=0.4536
  train [#########-------------------------------] 104/444  loss=0.4548
  train [#########-------------------------------] 108/444  loss=0.4544
  train [##########------------------------------] 112/444  loss=0.4540
  train [##########------------------------------] 116/444  loss=0.4551
  train [##########------------------------------] 120/444  loss=0.4524
  train [###########-----------------------------] 124/444  loss=0.4495
  train [###########-----------------------------] 128/444  loss=0.4491
  train [###########-----------------------------] 132/444  loss=0.4482
  train [############----------------------------] 136/444  loss=0.4493
  train [############----------------------------] 140/444  loss=0.4477
  train [############----------------------------] 144/444  loss=0.4490
  train [#############---------------------------] 148/444  loss=0.4471
  train [#############---------------------------] 152/444  loss=0.4468
  train [##############--------------------------] 156/444  loss=0.4470
  train [##############--------------------------] 160/444  loss=0.4471
  train [##############--------------------------] 164/444  loss=0.4487
  train [###############-------------------------] 168/444  loss=0.4467
  train [###############-------------------------] 172/444  loss=0.4454
  train [###############-------------------------] 176/444  loss=0.4463
  train [################------------------------] 180/444  loss=0.4462
  train [################------------------------] 184/444  loss=0.4441
  train [################------------------------] 188/444  loss=0.4422
  train [#################-----------------------] 192/444  loss=0.4412
  train [#################-----------------------] 196/444  loss=0.4413
  train [##################----------------------] 200/444  loss=0.4398
  train [##################----------------------] 204/444  loss=0.4386
  train [##################----------------------] 208/444  loss=0.4397
  train [###################---------------------] 212/444  loss=0.4389
  train [###################---------------------] 216/444  loss=0.4367
  train [###################---------------------] 220/444  loss=0.4356
  train [####################--------------------] 224/444  loss=0.4371
  train [####################--------------------] 228/444  loss=0.4362
  train [####################--------------------] 232/444  loss=0.4348
  train [#####################-------------------] 236/444  loss=0.4356
  train [#####################-------------------] 240/444  loss=0.4355
  train [#####################-------------------] 244/444  loss=0.4341
  train [######################------------------] 248/444  loss=0.4351
  train [######################------------------] 252/444  loss=0.4352
  train [#######################-----------------] 256/444  loss=0.4345
  train [#######################-----------------] 260/444  loss=0.4344
  train [#######################-----------------] 264/444  loss=0.4336
  train [########################----------------] 268/444  loss=0.4347
  train [########################----------------] 272/444  loss=0.4338
  train [########################----------------] 276/444  loss=0.4343
  train [#########################---------------] 280/444  loss=0.4350
  train [#########################---------------] 284/444  loss=0.4357
  train [#########################---------------] 288/444  loss=0.4361
  train [##########################--------------] 292/444  loss=0.4358
  train [##########################--------------] 296/444  loss=0.4356
  train [###########################-------------] 300/444  loss=0.4362
  train [###########################-------------] 304/444  loss=0.4357
  train [###########################-------------] 308/444  loss=0.4354
  train [############################------------] 312/444  loss=0.4342
  train [############################------------] 316/444  loss=0.4343
  train [############################------------] 320/444  loss=0.4328
  train [#############################-----------] 324/444  loss=0.4317
  train [#############################-----------] 328/444  loss=0.4327
  train [#############################-----------] 332/444  loss=0.4320
  train [##############################----------] 336/444  loss=0.4313
  train [##############################----------] 340/444  loss=0.4313
  train [##############################----------] 344/444  loss=0.4310
  train [###############################---------] 348/444  loss=0.4310
  train [###############################---------] 352/444  loss=0.4310
  train [################################--------] 356/444  loss=0.4317
  train [################################--------] 360/444  loss=0.4305
  train [################################--------] 364/444  loss=0.4306
  train [#################################-------] 368/444  loss=0.4308
  train [#################################-------] 372/444  loss=0.4308
  train [#################################-------] 376/444  loss=0.4298
  train [##################################------] 380/444  loss=0.4298
  train [##################################------] 384/444  loss=0.4295
  train [##################################------] 388/444  loss=0.4294
  train [###################################-----] 392/444  loss=0.4288
  train [###################################-----] 396/444  loss=0.4289
  train [####################################----] 400/444  loss=0.4294
  train [####################################----] 404/444  loss=0.4285
  train [####################################----] 408/444  loss=0.4284
  train [#####################################---] 412/444  loss=0.4288
  train [#####################################---] 416/444  loss=0.4282
  train [#####################################---] 420/444  loss=0.4287
  train [######################################--] 424/444  loss=0.4282
  train [######################################--] 428/444  loss=0.4284
  train [######################################--] 432/444  loss=0.4290
  train [#######################################-] 436/444  loss=0.4281
  train [#######################################-] 440/444  loss=0.4282
  train [########################################] 444/444  loss=0.4277
  val   [----------------------------------------] 1/93
  val   [----------------------------------------] 2/93
  val   [#---------------------------------------] 3/93
  val   [#---------------------------------------] 4/93
  val   [##--------------------------------------] 5/93
  val   [##--------------------------------------] 6/93
  val   [###-------------------------------------] 7/93
  val   [###-------------------------------------] 8/93
  val   [###-------------------------------------] 9/93
  val   [####------------------------------------] 10/93
  val   [####------------------------------------] 11/93
  val   [#####-----------------------------------] 12/93
  val   [#####-----------------------------------] 13/93
  val   [######----------------------------------] 14/93
  val   [######----------------------------------] 15/93
  val   [######----------------------------------] 16/93
  val   [#######---------------------------------] 17/93
  val   [#######---------------------------------] 18/93
  val   [########--------------------------------] 19/93
  val   [########--------------------------------] 20/93
  val   [#########-------------------------------] 21/93
  val   [#########-------------------------------] 22/93
  val   [#########-------------------------------] 23/93
  val   [##########------------------------------] 24/93
  val   [##########------------------------------] 25/93
  val   [###########-----------------------------] 26/93
  val   [###########-----------------------------] 27/93
  val   [############----------------------------] 28/93
  val   [############----------------------------] 29/93
  val   [############----------------------------] 30/93
  val   [#############---------------------------] 31/93
  val   [#############---------------------------] 32/93
  val   [##############--------------------------] 33/93
  val   [##############--------------------------] 34/93
  val   [###############-------------------------] 35/93
  val   [###############-------------------------] 36/93
  val   [###############-------------------------] 37/93
  val   [################------------------------] 38/93
  val   [################------------------------] 39/93
  val   [#################-----------------------] 40/93
  val   [#################-----------------------] 41/93
  val   [##################----------------------] 42/93
  val   [##################----------------------] 43/93
  val   [##################----------------------] 44/93
  val   [###################---------------------] 45/93
  val   [###################---------------------] 46/93
  val   [####################--------------------] 47/93
  val   [####################--------------------] 48/93
  val   [#####################-------------------] 49/93
  val   [#####################-------------------] 50/93
  val   [#####################-------------------] 51/93
  val   [######################------------------] 52/93
  val   [######################------------------] 53/93
  val   [#######################-----------------] 54/93
  val   [#######################-----------------] 55/93
  val   [########################----------------] 56/93
  val   [########################----------------] 57/93
  val   [########################----------------] 58/93
  val   [#########################---------------] 59/93
  val   [#########################---------------] 60/93
  val   [##########################--------------] 61/93
  val   [##########################--------------] 62/93
  val   [###########################-------------] 63/93
  val   [###########################-------------] 64/93
  val   [###########################-------------] 65/93
  val   [############################------------] 66/93
  val   [############################------------] 67/93
  val   [#############################-----------] 68/93
  val   [#############################-----------] 69/93
  val   [##############################----------] 70/93
  val   [##############################----------] 71/93
  val   [##############################----------] 72/93
  val   [###############################---------] 73/93
  val   [###############################---------] 74/93
  val   [################################--------] 75/93
  val   [################################--------] 76/93
  val   [#################################-------] 77/93
  val   [#################################-------] 78/93
  val   [#################################-------] 79/93
  val   [##################################------] 80/93
  val   [##################################------] 81/93
  val   [###################################-----] 82/93
  val   [###################################-----] 83/93
  val   [####################################----] 84/93
  val   [####################################----] 85/93
  val   [####################################----] 86/93
  val   [#####################################---] 87/93
  val   [#####################################---] 88/93
  val   [######################################--] 89/93
  val   [######################################--] 90/93
  val   [#######################################-] 91/93
  val   [#######################################-] 92/93
  val   [########################################] 93/93
Epoch   3 | train_loss=0.4284 | val_loss=0.5013 | val_acc=0.9056
  -> best model saved (val_loss=0.5013)
  train [----------------------------------------] 4/444  loss=0.3892
  train [----------------------------------------] 8/444  loss=0.3738
  train [#---------------------------------------] 12/444  loss=0.3745
  train [#---------------------------------------] 16/444  loss=0.3748
  train [#---------------------------------------] 20/444  loss=0.3827
  train [##--------------------------------------] 24/444  loss=0.3851
  train [##--------------------------------------] 28/444  loss=0.3815
  train [##--------------------------------------] 32/444  loss=0.3753
  train [###-------------------------------------] 36/444  loss=0.3790
  train [###-------------------------------------] 40/444  loss=0.3761
  train [###-------------------------------------] 44/444  loss=0.3703
  train [####------------------------------------] 48/444  loss=0.3691
  train [####------------------------------------] 52/444  loss=0.3697
  train [#####-----------------------------------] 56/444  loss=0.3684
  train [#####-----------------------------------] 60/444  loss=0.3690
  train [#####-----------------------------------] 64/444  loss=0.3690
  train [######----------------------------------] 68/444  loss=0.3669
  train [######----------------------------------] 72/444  loss=0.3652
  train [######----------------------------------] 76/444  loss=0.3626
  train [#######---------------------------------] 80/444  loss=0.3674
  train [#######---------------------------------] 84/444  loss=0.3676
  train [#######---------------------------------] 88/444  loss=0.3679
  train [########--------------------------------] 92/444  loss=0.3674
  train [########--------------------------------] 96/444  loss=0.3641
  train [#########-------------------------------] 100/444  loss=0.3667
  train [#########-------------------------------] 104/444  loss=0.3678
  train [#########-------------------------------] 108/444  loss=0.3691
  train [##########------------------------------] 112/444  loss=0.3651
  train [##########------------------------------] 116/444  loss=0.3638
  train [##########------------------------------] 120/444  loss=0.3624
  train [###########-----------------------------] 124/444  loss=0.3608
  train [###########-----------------------------] 128/444  loss=0.3645
  train [###########-----------------------------] 132/444  loss=0.3632
  train [############----------------------------] 136/444  loss=0.3647
  train [############----------------------------] 140/444  loss=0.3682
  train [############----------------------------] 144/444  loss=0.3680
  train [#############---------------------------] 148/444  loss=0.3685
  train [#############---------------------------] 152/444  loss=0.3691
  train [##############--------------------------] 156/444  loss=0.3687
  train [##############--------------------------] 160/444  loss=0.3696
  train [##############--------------------------] 164/444  loss=0.3692
  train [###############-------------------------] 168/444  loss=0.3684
  train [###############-------------------------] 172/444  loss=0.3670
  train [###############-------------------------] 176/444  loss=0.3664
  train [################------------------------] 180/444  loss=0.3659
  train [################------------------------] 184/444  loss=0.3668
  train [################------------------------] 188/444  loss=0.3658
  train [#################-----------------------] 192/444  loss=0.3656
  train [#################-----------------------] 196/444  loss=0.3656
  train [##################----------------------] 200/444  loss=0.3662
  train [##################----------------------] 204/444  loss=0.3652
  train [##################----------------------] 208/444  loss=0.3640
  train [###################---------------------] 212/444  loss=0.3625
  train [###################---------------------] 216/444  loss=0.3613
  train [###################---------------------] 220/444  loss=0.3623
  train [####################--------------------] 224/444  loss=0.3628
  train [####################--------------------] 228/444  loss=0.3627
  train [####################--------------------] 232/444  loss=0.3615
  train [#####################-------------------] 236/444  loss=0.3608
  train [#####################-------------------] 240/444  loss=0.3597
  train [#####################-------------------] 244/444  loss=0.3594
  train [######################------------------] 248/444  loss=0.3587
  train [######################------------------] 252/444  loss=0.3587
  train [#######################-----------------] 256/444  loss=0.3572
  train [#######################-----------------] 260/444  loss=0.3556
  train [#######################-----------------] 264/444  loss=0.3547
  train [########################----------------] 268/444  loss=0.3542
  train [########################----------------] 272/444  loss=0.3531
  train [########################----------------] 276/444  loss=0.3537
  train [#########################---------------] 280/444  loss=0.3524
  train [#########################---------------] 284/444  loss=0.3527
  train [#########################---------------] 288/444  loss=0.3517
  train [##########################--------------] 292/444  loss=0.3527
  train [##########################--------------] 296/444  loss=0.3518
  train [###########################-------------] 300/444  loss=0.3519
  train [###########################-------------] 304/444  loss=0.3513
  train [###########################-------------] 308/444  loss=0.3510
  train [############################------------] 312/444  loss=0.3511
  train [############################------------] 316/444  loss=0.3506
  train [############################------------] 320/444  loss=0.3507
  train [#############################-----------] 324/444  loss=0.3508
  train [#############################-----------] 328/444  loss=0.3507
  train [#############################-----------] 332/444  loss=0.3497
  train [##############################----------] 336/444  loss=0.3498
  train [##############################----------] 340/444  loss=0.3497
  train [##############################----------] 344/444  loss=0.3497
  train [###############################---------] 348/444  loss=0.3510
  train [###############################---------] 352/444  loss=0.3508
  train [################################--------] 356/444  loss=0.3505
  train [################################--------] 360/444  loss=0.3506
  train [################################--------] 364/444  loss=0.3503
  train [#################################-------] 368/444  loss=0.3501
  train [#################################-------] 372/444  loss=0.3505
  train [#################################-------] 376/444  loss=0.3505
  train [##################################------] 380/444  loss=0.3502
  train [##################################------] 384/444  loss=0.3498
  train [##################################------] 388/444  loss=0.3505
  train [###################################-----] 392/444  loss=0.3503
  train [###################################-----] 396/444  loss=0.3513
  train [####################################----] 400/444  loss=0.3527
  train [####################################----] 404/444  loss=0.3530
  train [####################################----] 408/444  loss=0.3530
  train [#####################################---] 412/444  loss=0.3525
  train [#####################################---] 416/444  loss=0.3527
  train [#####################################---] 420/444  loss=0.3534
  train [######################################--] 424/444  loss=0.3537
  train [######################################--] 428/444  loss=0.3535
  train [######################################--] 432/444  loss=0.3530
  train [#######################################-] 436/444  loss=0.3533
  train [#######################################-] 440/444  loss=0.3523
  train [########################################] 444/444  loss=0.3518
  val   [----------------------------------------] 1/93
  val   [----------------------------------------] 2/93
  val   [#---------------------------------------] 3/93
  val   [#---------------------------------------] 4/93
  val   [##--------------------------------------] 5/93
  val   [##--------------------------------------] 6/93
  val   [###-------------------------------------] 7/93
  val   [###-------------------------------------] 8/93
  val   [###-------------------------------------] 9/93
  val   [####------------------------------------] 10/93
  val   [####------------------------------------] 11/93
  val   [#####-----------------------------------] 12/93
  val   [#####-----------------------------------] 13/93
  val   [######----------------------------------] 14/93
  val   [######----------------------------------] 15/93
  val   [######----------------------------------] 16/93
  val   [#######---------------------------------] 17/93
  val   [#######---------------------------------] 18/93
  val   [########--------------------------------] 19/93
  val   [########--------------------------------] 20/93
  val   [#########-------------------------------] 21/93
  val   [#########-------------------------------] 22/93
  val   [#########-------------------------------] 23/93
  val   [##########------------------------------] 24/93
  val   [##########------------------------------] 25/93
  val   [###########-----------------------------] 26/93
  val   [###########-----------------------------] 27/93
  val   [############----------------------------] 28/93
  val   [############----------------------------] 29/93
  val   [############----------------------------] 30/93
  val   [#############---------------------------] 31/93
  val   [#############---------------------------] 32/93
  val   [##############--------------------------] 33/93
  val   [##############--------------------------] 34/93
  val   [###############-------------------------] 35/93
  val   [###############-------------------------] 36/93
  val   [###############-------------------------] 37/93
  val   [################------------------------] 38/93
  val   [################------------------------] 39/93
  val   [#################-----------------------] 40/93
  val   [#################-----------------------] 41/93
  val   [##################----------------------] 42/93
  val   [##################----------------------] 43/93
  val   [##################----------------------] 44/93
  val   [###################---------------------] 45/93
  val   [###################---------------------] 46/93
  val   [####################--------------------] 47/93
  val   [####################--------------------] 48/93
  val   [#####################-------------------] 49/93
  val   [#####################-------------------] 50/93
  val   [#####################-------------------] 51/93
  val   [######################------------------] 52/93
  val   [######################------------------] 53/93
  val   [#######################-----------------] 54/93
  val   [#######################-----------------] 55/93
  val   [########################----------------] 56/93
  val   [########################----------------] 57/93
  val   [########################----------------] 58/93
  val   [#########################---------------] 59/93
  val   [#########################---------------] 60/93
  val   [##########################--------------] 61/93
  val   [##########################--------------] 62/93
  val   [###########################-------------] 63/93
  val   [###########################-------------] 64/93
  val   [###########################-------------] 65/93
  val   [############################------------] 66/93
  val   [############################------------] 67/93
  val   [#############################-----------] 68/93
  val   [#############################-----------] 69/93
  val   [##############################----------] 70/93
  val   [##############################----------] 71/93
  val   [##############################----------] 72/93
  val   [###############################---------] 73/93
  val   [###############################---------] 74/93
  val   [################################--------] 75/93
  val   [################################--------] 76/93
  val   [#################################-------] 77/93
  val   [#################################-------] 78/93
  val   [#################################-------] 79/93
  val   [##################################------] 80/93
  val   [##################################------] 81/93
  val   [###################################-----] 82/93
  val   [###################################-----] 83/93
  val   [####################################----] 84/93
  val   [####################################----] 85/93
  val   [####################################----] 86/93
  val   [#####################################---] 87/93
  val   [#####################################---] 88/93
  val   [######################################--] 89/93
  val   [######################################--] 90/93
  val   [#######################################-] 91/93
  val   [#######################################-] 92/93
  val   [########################################] 93/93
Epoch   4 | train_loss=0.3523 | val_loss=0.4626 | val_acc=0.9059
  -> best model saved (val_loss=0.4626)
Epoch 5: BioCLIP backbone unfrozen
  train [----------------------------------------] 4/444  loss=0.3123
  train [----------------------------------------] 8/444  loss=0.2951
  train [#---------------------------------------] 12/444  loss=0.3116
  train [#---------------------------------------] 16/444  loss=0.2983
  train [#---------------------------------------] 20/444  loss=0.2957
  train [##--------------------------------------] 24/444  loss=0.2962
  train [##--------------------------------------] 28/444  loss=0.2890
  train [##--------------------------------------] 32/444  loss=0.2895
  train [###-------------------------------------] 36/444  loss=0.2863
  train [###-------------------------------------] 40/444  loss=0.2960
  train [###-------------------------------------] 44/444  loss=0.2911
  train [####------------------------------------] 48/444  loss=0.2900
  train [####------------------------------------] 52/444  loss=0.2926
  train [#####-----------------------------------] 56/444  loss=0.2928
  train [#####-----------------------------------] 60/444  loss=0.2901
  train [#####-----------------------------------] 64/444  loss=0.2844
  train [######----------------------------------] 68/444  loss=0.2856
  train [######----------------------------------] 72/444  loss=0.2877
  train [######----------------------------------] 76/444  loss=0.2831
  train [#######---------------------------------] 80/444  loss=0.2812
  train [#######---------------------------------] 84/444  loss=0.2855
  train [#######---------------------------------] 88/444  loss=0.2846
  train [########--------------------------------] 92/444  loss=0.2823
  train [########--------------------------------] 96/444  loss=0.2788
  train [#########-------------------------------] 100/444  loss=0.2788
  train [#########-------------------------------] 104/444  loss=0.2786
  train [#########-------------------------------] 108/444  loss=0.2786
  train [##########------------------------------] 112/444  loss=0.2777
  train [##########------------------------------] 116/444  loss=0.2778
  train [##########------------------------------] 120/444  loss=0.2789
  train [###########-----------------------------] 124/444  loss=0.2822
  train [###########-----------------------------] 128/444  loss=0.2835
  train [###########-----------------------------] 132/444  loss=0.2843
  train [############----------------------------] 136/444  loss=0.2868
  train [############----------------------------] 140/444  loss=0.2853
  train [############----------------------------] 144/444  loss=0.2867
  train [#############---------------------------] 148/444  loss=0.2866
  train [#############---------------------------] 152/444  loss=0.2871
  train [##############--------------------------] 156/444  loss=0.2875
  train [##############--------------------------] 160/444  loss=0.2886
  train [##############--------------------------] 164/444  loss=0.2900
  train [###############-------------------------] 168/444  loss=0.2894
  train [###############-------------------------] 172/444  loss=0.2886
  train [###############-------------------------] 176/444  loss=0.2888
  train [################------------------------] 180/444  loss=0.2852
  train [################------------------------] 184/444  loss=0.2842
  train [################------------------------] 188/444  loss=0.2834
  train [#################-----------------------] 192/444  loss=0.2831
  train [#################-----------------------] 196/444  loss=0.2828
  train [##################----------------------] 200/444  loss=0.2841
  train [##################----------------------] 204/444  loss=0.2836
  train [##################----------------------] 208/444  loss=0.2818
  train [###################---------------------] 212/444  loss=0.2808
  train [###################---------------------] 216/444  loss=0.2794
  train [###################---------------------] 220/444  loss=0.2791
  train [####################--------------------] 224/444  loss=0.2796
  train [####################--------------------] 228/444  loss=0.2803
  train [####################--------------------] 232/444  loss=0.2812
  train [#####################-------------------] 236/444  loss=0.2806
  train [#####################-------------------] 240/444  loss=0.2795
  train [#####################-------------------] 244/444  loss=0.2780
  train [######################------------------] 248/444  loss=0.2772
  train [######################------------------] 252/444  loss=0.2758
  train [#######################-----------------] 256/444  loss=0.2759
  train [#######################-----------------] 260/444  loss=0.2748
  train [#######################-----------------] 264/444  loss=0.2741
  train [########################----------------] 268/444  loss=0.2733
  train [########################----------------] 272/444  loss=0.2726
  train [########################----------------] 276/444  loss=0.2716
  train [#########################---------------] 280/444  loss=0.2714
  train [#########################---------------] 284/444  loss=0.2706
  train [#########################---------------] 288/444  loss=0.2710
  train [##########################--------------] 292/444  loss=0.2698
  train [##########################--------------] 296/444  loss=0.2700
  train [###########################-------------] 300/444  loss=0.2691
  train [###########################-------------] 304/444  loss=0.2683
  train [###########################-------------] 308/444  loss=0.2678
  train [############################------------] 312/444  loss=0.2664
  train [############################------------] 316/444  loss=0.2654
  train [############################------------] 320/444  loss=0.2656
  train [#############################-----------] 324/444  loss=0.2653
  train [#############################-----------] 328/444  loss=0.2643
  train [#############################-----------] 332/444  loss=0.2642
  train [##############################----------] 336/444  loss=0.2637
  train [##############################----------] 340/444  loss=0.2638
  train [##############################----------] 344/444  loss=0.2630
  train [###############################---------] 348/444  loss=0.2631
  train [###############################---------] 352/444  loss=0.2624
  train [################################--------] 356/444  loss=0.2615
  train [################################--------] 360/444  loss=0.2605
  train [################################--------] 364/444  loss=0.2593
  train [#################################-------] 368/444  loss=0.2588
  train [#################################-------] 372/444  loss=0.2591
  train [#################################-------] 376/444  loss=0.2583
  train [##################################------] 380/444  loss=0.2581
  train [##################################------] 384/444  loss=0.2583
  train [##################################------] 388/444  loss=0.2580
  train [###################################-----] 392/444  loss=0.2578
  train [###################################-----] 396/444  loss=0.2584
  train [####################################----] 400/444  loss=0.2578
  train [####################################----] 404/444  loss=0.2573
  train [####################################----] 408/444  loss=0.2566
  train [#####################################---] 412/444  loss=0.2561
  train [#####################################---] 416/444  loss=0.2558
  train [#####################################---] 420/444  loss=0.2556
  train [######################################--] 424/444  loss=0.2546
  train [######################################--] 428/444  loss=0.2543
  train [######################################--] 432/444  loss=0.2540
  train [#######################################-] 436/444  loss=0.2545
  train [#######################################-] 440/444  loss=0.2535
  train [########################################] 444/444  loss=0.2529
  val   [----------------------------------------] 1/93
  val   [----------------------------------------] 2/93
  val   [#---------------------------------------] 3/93
  val   [#---------------------------------------] 4/93
  val   [##--------------------------------------] 5/93
  val   [##--------------------------------------] 6/93
  val   [###-------------------------------------] 7/93
  val   [###-------------------------------------] 8/93
  val   [###-------------------------------------] 9/93
  val   [####------------------------------------] 10/93
  val   [####------------------------------------] 11/93
  val   [#####-----------------------------------] 12/93
  val   [#####-----------------------------------] 13/93
  val   [######----------------------------------] 14/93
  val   [######----------------------------------] 15/93
  val   [######----------------------------------] 16/93
  val   [#######---------------------------------] 17/93
  val   [#######---------------------------------] 18/93
  val   [########--------------------------------] 19/93
  val   [########--------------------------------] 20/93
  val   [#########-------------------------------] 21/93
  val   [#########-------------------------------] 22/93
  val   [#########-------------------------------] 23/93
  val   [##########------------------------------] 24/93
  val   [##########------------------------------] 25/93
  val   [###########-----------------------------] 26/93
  val   [###########-----------------------------] 27/93
  val   [############----------------------------] 28/93
  val   [############----------------------------] 29/93
  val   [############----------------------------] 30/93
  val   [#############---------------------------] 31/93
  val   [#############---------------------------] 32/93
  val   [##############--------------------------] 33/93
  val   [##############--------------------------] 34/93
  val   [###############-------------------------] 35/93
  val   [###############-------------------------] 36/93
  val   [###############-------------------------] 37/93
  val   [################------------------------] 38/93
  val   [################------------------------] 39/93
  val   [#################-----------------------] 40/93
  val   [#################-----------------------] 41/93
  val   [##################----------------------] 42/93
  val   [##################----------------------] 43/93
  val   [##################----------------------] 44/93
  val   [###################---------------------] 45/93
  val   [###################---------------------] 46/93
  val   [####################--------------------] 47/93
  val   [####################--------------------] 48/93
  val   [#####################-------------------] 49/93
  val   [#####################-------------------] 50/93
  val   [#####################-------------------] 51/93
  val   [######################------------------] 52/93
  val   [######################------------------] 53/93
  val   [#######################-----------------] 54/93
  val   [#######################-----------------] 55/93
  val   [########################----------------] 56/93
  val   [########################----------------] 57/93
  val   [########################----------------] 58/93
  val   [#########################---------------] 59/93
  val   [#########################---------------] 60/93
  val   [##########################--------------] 61/93
  val   [##########################--------------] 62/93
  val   [###########################-------------] 63/93
  val   [###########################-------------] 64/93
  val   [###########################-------------] 65/93
  val   [############################------------] 66/93
  val   [############################------------] 67/93
  val   [#############################-----------] 68/93
  val   [#############################-----------] 69/93
  val   [##############################----------] 70/93
  val   [##############################----------] 71/93
  val   [##############################----------] 72/93
  val   [###############################---------] 73/93
  val   [###############################---------] 74/93
  val   [################################--------] 75/93
  val   [################################--------] 76/93
  val   [#################################-------] 77/93
  val   [#################################-------] 78/93
  val   [#################################-------] 79/93
  val   [##################################------] 80/93
  val   [##################################------] 81/93
  val   [###################################-----] 82/93
  val   [###################################-----] 83/93
  val   [####################################----] 84/93
  val   [####################################----] 85/93
  val   [####################################----] 86/93
  val   [#####################################---] 87/93
  val   [#####################################---] 88/93
  val   [######################################--] 89/93
  val   [######################################--] 90/93
  val   [#######################################-] 91/93
  val   [#######################################-] 92/93
  val   [########################################] 93/93
Epoch   5 | train_loss=0.2533 | val_loss=0.3266 | val_acc=0.9225
  -> best model saved (val_loss=0.3266)
  train [----------------------------------------] 4/444  loss=0.0766
  train [----------------------------------------] 8/444  loss=0.0876
  train [#---------------------------------------] 12/444  loss=0.0857
  train [#---------------------------------------] 16/444  loss=0.0907
  train [#---------------------------------------] 20/444  loss=0.0876
  train [##--------------------------------------] 24/444  loss=0.0831
  train [##--------------------------------------] 28/444  loss=0.0831
  train [##--------------------------------------] 32/444  loss=0.0808
  train [###-------------------------------------] 36/444  loss=0.0793
  train [###-------------------------------------] 40/444  loss=0.0774
  train [###-------------------------------------] 44/444  loss=0.0766
  train [####------------------------------------] 48/444  loss=0.0750
  train [####------------------------------------] 52/444  loss=0.0746
  train [#####-----------------------------------] 56/444  loss=0.0744
  train [#####-----------------------------------] 60/444  loss=0.0756
  train [#####-----------------------------------] 64/444  loss=0.0760
  train [######----------------------------------] 68/444  loss=0.0770
  train [######----------------------------------] 72/444  loss=0.0779
  train [######----------------------------------] 76/444  loss=0.0778
  train [#######---------------------------------] 80/444  loss=0.0766
  train [#######---------------------------------] 84/444  loss=0.0750
  train [#######---------------------------------] 88/444  loss=0.0744
  train [########--------------------------------] 92/444  loss=0.0734
  train [########--------------------------------] 96/444  loss=0.0733
  train [#########-------------------------------] 100/444  loss=0.0737
  train [#########-------------------------------] 104/444  loss=0.0743
  train [#########-------------------------------] 108/444  loss=0.0742
  train [##########------------------------------] 112/444  loss=0.0745
  train [##########------------------------------] 116/444  loss=0.0755
  train [##########------------------------------] 120/444  loss=0.0755
  train [###########-----------------------------] 124/444  loss=0.0751
  train [###########-----------------------------] 128/444  loss=0.0751
  train [###########-----------------------------] 132/444  loss=0.0748
  train [############----------------------------] 136/444  loss=0.0739
  train [############----------------------------] 140/444  loss=0.0737
  train [############----------------------------] 144/444  loss=0.0737
  train [#############---------------------------] 148/444  loss=0.0730
  train [#############---------------------------] 152/444  loss=0.0723
  train [##############--------------------------] 156/444  loss=0.0722
  train [##############--------------------------] 160/444  loss=0.0716
  train [##############--------------------------] 164/444  loss=0.0721
  train [###############-------------------------] 168/444  loss=0.0724
  train [###############-------------------------] 172/444  loss=0.0721
  train [###############-------------------------] 176/444  loss=0.0718
  train [################------------------------] 180/444  loss=0.0719
  train [################------------------------] 184/444  loss=0.0719
  train [################------------------------] 188/444  loss=0.0712
  train [#################-----------------------] 192/444  loss=0.0708
  train [#################-----------------------] 196/444  loss=0.0706
  train [##################----------------------] 200/444  loss=0.0712
  train [##################----------------------] 204/444  loss=0.0720
  train [##################----------------------] 208/444  loss=0.0719
  train [###################---------------------] 212/444  loss=0.0716
  train [###################---------------------] 216/444  loss=0.0720
  train [###################---------------------] 220/444  loss=0.0717
  train [####################--------------------] 224/444  loss=0.0722
  train [####################--------------------] 228/444  loss=0.0725
  train [####################--------------------] 232/444  loss=0.0726
  train [#####################-------------------] 236/444  loss=0.0724
  train [#####################-------------------] 240/444  loss=0.0723
  train [#####################-------------------] 244/444  loss=0.0729
  train [######################------------------] 248/444  loss=0.0734
  train [######################------------------] 252/444  loss=0.0732
  train [#######################-----------------] 256/444  loss=0.0733
  train [#######################-----------------] 260/444  loss=0.0740
  train [#######################-----------------] 264/444  loss=0.0736
  train [########################----------------] 268/444  loss=0.0737
  train [########################----------------] 272/444  loss=0.0735
  train [########################----------------] 276/444  loss=0.0735
  train [#########################---------------] 280/444  loss=0.0738
  train [#########################---------------] 284/444  loss=0.0737
  train [#########################---------------] 288/444  loss=0.0737
  train [##########################--------------] 292/444  loss=0.0735
  train [##########################--------------] 296/444  loss=0.0731
  train [###########################-------------] 300/444  loss=0.0733
  train [###########################-------------] 304/444  loss=0.0734
  train [###########################-------------] 308/444  loss=0.0734
  train [############################------------] 312/444  loss=0.0735
  train [############################------------] 316/444  loss=0.0732
  train [############################------------] 320/444  loss=0.0731
  train [#############################-----------] 324/444  loss=0.0736
  train [#############################-----------] 328/444  loss=0.0744
  train [#############################-----------] 332/444  loss=0.0743
  train [##############################----------] 336/444  loss=0.0743
  train [##############################----------] 340/444  loss=0.0753
  train [##############################----------] 344/444  loss=0.0752
  train [###############################---------] 348/444  loss=0.0755
  train [###############################---------] 352/444  loss=0.0755
  train [################################--------] 356/444  loss=0.0757
  train [################################--------] 360/444  loss=0.0760
  train [################################--------] 364/444  loss=0.0760
  train [#################################-------] 368/444  loss=0.0762
  train [#################################-------] 372/444  loss=0.0763
  train [#################################-------] 376/444  loss=0.0766
  train [##################################------] 380/444  loss=0.0767
  train [##################################------] 384/444  loss=0.0768
  train [##################################------] 388/444  loss=0.0771
  train [###################################-----] 392/444  loss=0.0773
  train [###################################-----] 396/444  loss=0.0777
  train [####################################----] 400/444  loss=0.0780
  train [####################################----] 404/444  loss=0.0780
  train [####################################----] 408/444  loss=0.0779
  train [#####################################---] 412/444  loss=0.0783
  train [#####################################---] 416/444  loss=0.0780
  train [#####################################---] 420/444  loss=0.0781
  train [######################################--] 424/444  loss=0.0783
  train [######################################--] 428/444  loss=0.0781
  train [######################################--] 432/444  loss=0.0780
  train [#######################################-] 436/444  loss=0.0780
  train [#######################################-] 440/444  loss=0.0781
  train [########################################] 444/444  loss=0.0780
  val   [----------------------------------------] 1/93
  val   [----------------------------------------] 2/93
  val   [#---------------------------------------] 3/93
  val   [#---------------------------------------] 4/93
  val   [##--------------------------------------] 5/93
  val   [##--------------------------------------] 6/93
  val   [###-------------------------------------] 7/93
  val   [###-------------------------------------] 8/93
  val   [###-------------------------------------] 9/93
  val   [####------------------------------------] 10/93
  val   [####------------------------------------] 11/93
  val   [#####-----------------------------------] 12/93
  val   [#####-----------------------------------] 13/93
  val   [######----------------------------------] 14/93
  val   [######----------------------------------] 15/93
  val   [######----------------------------------] 16/93
  val   [#######---------------------------------] 17/93
  val   [#######---------------------------------] 18/93
  val   [########--------------------------------] 19/93
  val   [########--------------------------------] 20/93
  val   [#########-------------------------------] 21/93
  val   [#########-------------------------------] 22/93
  val   [#########-------------------------------] 23/93
  val   [##########------------------------------] 24/93
  val   [##########------------------------------] 25/93
  val   [###########-----------------------------] 26/93
  val   [###########-----------------------------] 27/93
  val   [############----------------------------] 28/93
  val   [############----------------------------] 29/93
  val   [############----------------------------] 30/93
  val   [#############---------------------------] 31/93
  val   [#############---------------------------] 32/93
  val   [##############--------------------------] 33/93
  val   [##############--------------------------] 34/93
  val   [###############-------------------------] 35/93
  val   [###############-------------------------] 36/93
  val   [###############-------------------------] 37/93
  val   [################------------------------] 38/93
  val   [################------------------------] 39/93
  val   [#################-----------------------] 40/93
  val   [#################-----------------------] 41/93
  val   [##################----------------------] 42/93
  val   [##################----------------------] 43/93
  val   [##################----------------------] 44/93
  val   [###################---------------------] 45/93
  val   [###################---------------------] 46/93
  val   [####################--------------------] 47/93
  val   [####################--------------------] 48/93
  val   [#####################-------------------] 49/93
  val   [#####################-------------------] 50/93
  val   [#####################-------------------] 51/93
  val   [######################------------------] 52/93
  val   [######################------------------] 53/93
  val   [#######################-----------------] 54/93
  val   [#######################-----------------] 55/93
  val   [########################----------------] 56/93
  val   [########################----------------] 57/93
  val   [########################----------------] 58/93
  val   [#########################---------------] 59/93
  val   [#########################---------------] 60/93
  val   [##########################--------------] 61/93
  val   [##########################--------------] 62/93
  val   [###########################-------------] 63/93
  val   [###########################-------------] 64/93
  val   [###########################-------------] 65/93
  val   [############################------------] 66/93
  val   [############################------------] 67/93
  val   [#############################-----------] 68/93
  val   [#############################-----------] 69/93
  val   [##############################----------] 70/93
  val   [##############################----------] 71/93
  val   [##############################----------] 72/93
  val   [###############################---------] 73/93
  val   [###############################---------] 74/93
  val   [################################--------] 75/93
  val   [################################--------] 76/93
  val   [#################################-------] 77/93
  val   [#################################-------] 78/93
  val   [#################################-------] 79/93
  val   [##################################------] 80/93
  val   [##################################------] 81/93
  val   [###################################-----] 82/93
  val   [###################################-----] 83/93
  val   [####################################----] 84/93
  val   [####################################----] 85/93
  val   [####################################----] 86/93
  val   [#####################################---] 87/93
  val   [#####################################---] 88/93
  val   [######################################--] 89/93
  val   [######################################--] 90/93
  val   [#######################################-] 91/93
  val   [#######################################-] 92/93
  val   [########################################] 93/93
Epoch   6 | train_loss=0.0782 | val_loss=0.3074 | val_acc=0.9326
  -> best model saved (val_loss=0.3074)
  train [----------------------------------------] 4/444  loss=0.0471
  train [----------------------------------------] 8/444  loss=0.0476
  train [#---------------------------------------] 12/444  loss=0.0533
  train [#---------------------------------------] 16/444  loss=0.0479
  train [#---------------------------------------] 20/444  loss=0.0478
  train [##--------------------------------------] 24/444  loss=0.0476
  train [##--------------------------------------] 28/444  loss=0.0455
  train [##--------------------------------------] 32/444  loss=0.0439
  train [###-------------------------------------] 36/444  loss=0.0429
  train [###-------------------------------------] 40/444  loss=0.0438
  train [###-------------------------------------] 44/444  loss=0.0459
  train [####------------------------------------] 48/444  loss=0.0444
  train [####------------------------------------] 52/444  loss=0.0430
  train [#####-----------------------------------] 56/444  loss=0.0429
  train [#####-----------------------------------] 60/444  loss=0.0429
  train [#####-----------------------------------] 64/444  loss=0.0433
  train [######----------------------------------] 68/444  loss=0.0427
  train [######----------------------------------] 72/444  loss=0.0414
  train [######----------------------------------] 76/444  loss=0.0404
  train [#######---------------------------------] 80/444  loss=0.0401
  train [#######---------------------------------] 84/444  loss=0.0399
  train [#######---------------------------------] 88/444  loss=0.0392
  train [########--------------------------------] 92/444  loss=0.0391
  train [########--------------------------------] 96/444  loss=0.0418
  train [#########-------------------------------] 100/444  loss=0.0420
  train [#########-------------------------------] 104/444  loss=0.0423
  train [#########-------------------------------] 108/444  loss=0.0421
  train [##########------------------------------] 112/444  loss=0.0418
  train [##########------------------------------] 116/444  loss=0.0411
  train [##########------------------------------] 120/444  loss=0.0410
  train [###########-----------------------------] 124/444  loss=0.0413
  train [###########-----------------------------] 128/444  loss=0.0417
  train [###########-----------------------------] 132/444  loss=0.0412
  train [############----------------------------] 136/444  loss=0.0410
  train [############----------------------------] 140/444  loss=0.0411
  train [############----------------------------] 144/444  loss=0.0408
  train [#############---------------------------] 148/444  loss=0.0406
  train [#############---------------------------] 152/444  loss=0.0400
  train [##############--------------------------] 156/444  loss=0.0398
  train [##############--------------------------] 160/444  loss=0.0400
  train [##############--------------------------] 164/444  loss=0.0399
  train [###############-------------------------] 168/444  loss=0.0400
  train [###############-------------------------] 172/444  loss=0.0403
  train [###############-------------------------] 176/444  loss=0.0405
  train [################------------------------] 180/444  loss=0.0404
  train [################------------------------] 184/444  loss=0.0407
  train [################------------------------] 188/444  loss=0.0404
  train [#################-----------------------] 192/444  loss=0.0409
  train [#################-----------------------] 196/444  loss=0.0415
  train [##################----------------------] 200/444  loss=0.0414
  train [##################----------------------] 204/444  loss=0.0413
  train [##################----------------------] 208/444  loss=0.0410
  train [###################---------------------] 212/444  loss=0.0409
  train [###################---------------------] 216/444  loss=0.0412
  train [###################---------------------] 220/444  loss=0.0409
  train [####################--------------------] 224/444  loss=0.0413
  train [####################--------------------] 228/444  loss=0.0410
  train [####################--------------------] 232/444  loss=0.0409
  train [#####################-------------------] 236/444  loss=0.0412
  train [#####################-------------------] 240/444  loss=0.0411
  train [#####################-------------------] 244/444  loss=0.0412
  train [######################------------------] 248/444  loss=0.0414
  train [######################------------------] 252/444  loss=0.0415
  train [#######################-----------------] 256/444  loss=0.0413
  train [#######################-----------------] 260/444  loss=0.0416
  train [#######################-----------------] 264/444  loss=0.0419
  train [########################----------------] 268/444  loss=0.0423
  train [########################----------------] 272/444  loss=0.0424
  train [########################----------------] 276/444  loss=0.0430
  train [#########################---------------] 280/444  loss=0.0431
  train [#########################---------------] 284/444  loss=0.0436
  train [#########################---------------] 288/444  loss=0.0439
  train [##########################--------------] 292/444  loss=0.0440
  train [##########################--------------] 296/444  loss=0.0439
  train [###########################-------------] 300/444  loss=0.0442
  train [###########################-------------] 304/444  loss=0.0442
  train [###########################-------------] 308/444  loss=0.0443
  train [############################------------] 312/444  loss=0.0445
  train [############################------------] 316/444  loss=0.0444
  train [############################------------] 320/444  loss=0.0449
  train [#############################-----------] 324/444  loss=0.0449
  train [#############################-----------] 328/444  loss=0.0447
  train [#############################-----------] 332/444  loss=0.0449
  train [##############################----------] 336/444  loss=0.0447
  train [##############################----------] 340/444  loss=0.0450
  train [##############################----------] 344/444  loss=0.0452
  train [###############################---------] 348/444  loss=0.0453
  train [###############################---------] 352/444  loss=0.0453
  train [################################--------] 356/444  loss=0.0456
  train [################################--------] 360/444  loss=0.0455
  train [################################--------] 364/444  loss=0.0458
  train [#################################-------] 368/444  loss=0.0460
  train [#################################-------] 372/444  loss=0.0460
  train [#################################-------] 376/444  loss=0.0463
  train [##################################------] 380/444  loss=0.0463
  train [##################################------] 384/444  loss=0.0464
  train [##################################------] 388/444  loss=0.0463
  train [###################################-----] 392/444  loss=0.0461
  train [###################################-----] 396/444  loss=0.0463
  train [####################################----] 400/444  loss=0.0463
  train [####################################----] 404/444  loss=0.0463
  train [####################################----] 408/444  loss=0.0463
  train [#####################################---] 412/444  loss=0.0462
  train [#####################################---] 416/444  loss=0.0464
  train [#####################################---] 420/444  loss=0.0467
  train [######################################--] 424/444  loss=0.0466
  train [######################################--] 428/444  loss=0.0466
  train [######################################--] 432/444  loss=0.0466
  train [#######################################-] 436/444  loss=0.0467
  train [#######################################-] 440/444  loss=0.0465
  train [########################################] 444/444  loss=0.0465
  val   [----------------------------------------] 1/93
  val   [----------------------------------------] 2/93
  val   [#---------------------------------------] 3/93
  val   [#---------------------------------------] 4/93
  val   [##--------------------------------------] 5/93
  val   [##--------------------------------------] 6/93
  val   [###-------------------------------------] 7/93
  val   [###-------------------------------------] 8/93
  val   [###-------------------------------------] 9/93
  val   [####------------------------------------] 10/93
  val   [####------------------------------------] 11/93
  val   [#####-----------------------------------] 12/93
  val   [#####-----------------------------------] 13/93
  val   [######----------------------------------] 14/93
  val   [######----------------------------------] 15/93
  val   [######----------------------------------] 16/93
  val   [#######---------------------------------] 17/93
  val   [#######---------------------------------] 18/93
  val   [########--------------------------------] 19/93
  val   [########--------------------------------] 20/93
  val   [#########-------------------------------] 21/93
  val   [#########-------------------------------] 22/93
  val   [#########-------------------------------] 23/93
  val   [##########------------------------------] 24/93
  val   [##########------------------------------] 25/93
  val   [###########-----------------------------] 26/93
  val   [###########-----------------------------] 27/93
  val   [############----------------------------] 28/93
  val   [############----------------------------] 29/93
  val   [############----------------------------] 30/93
  val   [#############---------------------------] 31/93
  val   [#############---------------------------] 32/93
  val   [##############--------------------------] 33/93
  val   [##############--------------------------] 34/93
  val   [###############-------------------------] 35/93
  val   [###############-------------------------] 36/93
  val   [###############-------------------------] 37/93
  val   [################------------------------] 38/93
  val   [################------------------------] 39/93
  val   [#################-----------------------] 40/93
  val   [#################-----------------------] 41/93
  val   [##################----------------------] 42/93
  val   [##################----------------------] 43/93
  val   [##################----------------------] 44/93
  val   [###################---------------------] 45/93
  val   [###################---------------------] 46/93
  val   [####################--------------------] 47/93
  val   [####################--------------------] 48/93
  val   [#####################-------------------] 49/93
  val   [#####################-------------------] 50/93
  val   [#####################-------------------] 51/93
  val   [######################------------------] 52/93
  val   [######################------------------] 53/93
  val   [#######################-----------------] 54/93
  val   [#######################-----------------] 55/93
  val   [########################----------------] 56/93
  val   [########################----------------] 57/93
  val   [########################----------------] 58/93
  val   [#########################---------------] 59/93
  val   [#########################---------------] 60/93
  val   [##########################--------------] 61/93
  val   [##########################--------------] 62/93
  val   [###########################-------------] 63/93
  val   [###########################-------------] 64/93
  val   [###########################-------------] 65/93
  val   [############################------------] 66/93
  val   [############################------------] 67/93
  val   [#############################-----------] 68/93
  val   [#############################-----------] 69/93
  val   [##############################----------] 70/93
  val   [##############################----------] 71/93
  val   [##############################----------] 72/93
  val   [###############################---------] 73/93
  val   [###############################---------] 74/93
  val   [################################--------] 75/93
  val   [################################--------] 76/93
  val   [#################################-------] 77/93
  val   [#################################-------] 78/93
  val   [#################################-------] 79/93
  val   [##################################------] 80/93
  val   [##################################------] 81/93
  val   [###################################-----] 82/93
  val   [###################################-----] 83/93
  val   [####################################----] 84/93
  val   [####################################----] 85/93
  val   [####################################----] 86/93
  val   [#####################################---] 87/93
  val   [#####################################---] 88/93
  val   [######################################--] 89/93
  val   [######################################--] 90/93
  val   [#######################################-] 91/93
  val   [#######################################-] 92/93
  val   [########################################] 93/93
Epoch   7 | train_loss=0.0466 | val_loss=0.2689 | val_acc=0.9393
  -> best model saved (val_loss=0.2689)
  train [----------------------------------------] 4/444  loss=0.0221
  train [----------------------------------------] 8/444  loss=0.0225
  train [#---------------------------------------] 12/444  loss=0.0225
  train [#---------------------------------------] 16/444  loss=0.0247
  train [#---------------------------------------] 20/444  loss=0.0247
  train [##--------------------------------------] 24/444  loss=0.0239
  train [##--------------------------------------] 28/444  loss=0.0228
  train [##--------------------------------------] 32/444  loss=0.0222
  train [###-------------------------------------] 36/444  loss=0.0227
  train [###-------------------------------------] 40/444  loss=0.0223
  train [###-------------------------------------] 44/444  loss=0.0213
  train [####------------------------------------] 48/444  loss=0.0222
  train [####------------------------------------] 52/444  loss=0.0215
  train [#####-----------------------------------] 56/444  loss=0.0218
  train [#####-----------------------------------] 60/444  loss=0.0229
  train [#####-----------------------------------] 64/444  loss=0.0232
  train [######----------------------------------] 68/444  loss=0.0240
  train [######----------------------------------] 72/444  loss=0.0243
  train [######----------------------------------] 76/444  loss=0.0250
  train [#######---------------------------------] 80/444  loss=0.0252
  train [#######---------------------------------] 84/444  loss=0.0249
  train [#######---------------------------------] 88/444  loss=0.0244
  train [########--------------------------------] 92/444  loss=0.0244
  train [########--------------------------------] 96/444  loss=0.0245
  train [#########-------------------------------] 100/444  loss=0.0243
  train [#########-------------------------------] 104/444  loss=0.0240
  train [#########-------------------------------] 108/444  loss=0.0238
  train [##########------------------------------] 112/444  loss=0.0243
  train [##########------------------------------] 116/444  loss=0.0240
  train [##########------------------------------] 120/444  loss=0.0241
  train [###########-----------------------------] 124/444  loss=0.0241
  train [###########-----------------------------] 128/444  loss=0.0242
  train [###########-----------------------------] 132/444  loss=0.0241
  train [############----------------------------] 136/444  loss=0.0239
  train [############----------------------------] 140/444  loss=0.0242
  train [############----------------------------] 144/444  loss=0.0240
  train [#############---------------------------] 148/444  loss=0.0239
  train [#############---------------------------] 152/444  loss=0.0238
  train [##############--------------------------] 156/444  loss=0.0239
  train [##############--------------------------] 160/444  loss=0.0240
  train [##############--------------------------] 164/444  loss=0.0239
  train [###############-------------------------] 168/444  loss=0.0238
  train [###############-------------------------] 172/444  loss=0.0242
  train [###############-------------------------] 176/444  loss=0.0242
  train [################------------------------] 180/444  loss=0.0240
  train [################------------------------] 184/444  loss=0.0237
  train [################------------------------] 188/444  loss=0.0242
  train [#################-----------------------] 192/444  loss=0.0240
  train [#################-----------------------] 196/444  loss=0.0240
  train [##################----------------------] 200/444  loss=0.0241
  train [##################----------------------] 204/444  loss=0.0245
  train [##################----------------------] 208/444  loss=0.0244
  train [###################---------------------] 212/444  loss=0.0242
  train [###################---------------------] 216/444  loss=0.0248
  train [###################---------------------] 220/444  loss=0.0246
  train [####################--------------------] 224/444  loss=0.0246
  train [####################--------------------] 228/444  loss=0.0245
  train [####################--------------------] 232/444  loss=0.0243
  train [#####################-------------------] 236/444  loss=0.0245
  train [#####################-------------------] 240/444  loss=0.0245
  train [#####################-------------------] 244/444  loss=0.0246
  train [######################------------------] 248/444  loss=0.0249
  train [######################------------------] 252/444  loss=0.0248
  train [#######################-----------------] 256/444  loss=0.0248
  train [#######################-----------------] 260/444  loss=0.0246
  train [#######################-----------------] 264/444  loss=0.0246
  train [########################----------------] 268/444  loss=0.0245
  train [########################----------------] 272/444  loss=0.0243
  train [########################----------------] 276/444  loss=0.0246
  train [#########################---------------] 280/444  loss=0.0246
  train [#########################---------------] 284/444  loss=0.0246
  train [#########################---------------] 288/444  loss=0.0249
  train [##########################--------------] 292/444  loss=0.0249
  train [##########################--------------] 296/444  loss=0.0248
  train [###########################-------------] 300/444  loss=0.0249
  train [###########################-------------] 304/444  loss=0.0249
  train [###########################-------------] 308/444  loss=0.0249
  train [############################------------] 312/444  loss=0.0252
  train [############################------------] 316/444  loss=0.0253
  train [############################------------] 320/444  loss=0.0251
  train [#############################-----------] 324/444  loss=0.0251
  train [#############################-----------] 328/444  loss=0.0251
  train [#############################-----------] 332/444  loss=0.0251
  train [##############################----------] 336/444  loss=0.0251
  train [##############################----------] 340/444  loss=0.0251
  train [##############################----------] 344/444  loss=0.0252
  train [###############################---------] 348/444  loss=0.0252
  train [###############################---------] 352/444  loss=0.0251
  train [################################--------] 356/444  loss=0.0250
  train [################################--------] 360/444  loss=0.0252
  train [################################--------] 364/444  loss=0.0251
  train [#################################-------] 368/444  loss=0.0252
  train [#################################-------] 372/444  loss=0.0251
  train [#################################-------] 376/444  loss=0.0250
  train [##################################------] 380/444  loss=0.0251
  train [##################################------] 384/444  loss=0.0252
  train [##################################------] 388/444  loss=0.0253
  train [###################################-----] 392/444  loss=0.0252
  train [###################################-----] 396/444  loss=0.0254
  train [####################################----] 400/444  loss=0.0255
  train [####################################----] 404/444  loss=0.0260
  train [####################################----] 408/444  loss=0.0260
  train [#####################################---] 412/444  loss=0.0262
  train [#####################################---] 416/444  loss=0.0261
  train [#####################################---] 420/444  loss=0.0263
  train [######################################--] 424/444  loss=0.0263
  train [######################################--] 428/444  loss=0.0263
  train [######################################--] 432/444  loss=0.0262
  train [#######################################-] 436/444  loss=0.0263
  train [#######################################-] 440/444  loss=0.0263
  train [########################################] 444/444  loss=0.0261
  val   [----------------------------------------] 1/93
  val   [----------------------------------------] 2/93
  val   [#---------------------------------------] 3/93
  val   [#---------------------------------------] 4/93
  val   [##--------------------------------------] 5/93
  val   [##--------------------------------------] 6/93
  val   [###-------------------------------------] 7/93
  val   [###-------------------------------------] 8/93
  val   [###-------------------------------------] 9/93
  val   [####------------------------------------] 10/93
  val   [####------------------------------------] 11/93
  val   [#####-----------------------------------] 12/93
  val   [#####-----------------------------------] 13/93
  val   [######----------------------------------] 14/93
  val   [######----------------------------------] 15/93
  val   [######----------------------------------] 16/93
  val   [#######---------------------------------] 17/93
  val   [#######---------------------------------] 18/93
  val   [########--------------------------------] 19/93
  val   [########--------------------------------] 20/93
  val   [#########-------------------------------] 21/93
  val   [#########-------------------------------] 22/93
  val   [#########-------------------------------] 23/93
  val   [##########------------------------------] 24/93
  val   [##########------------------------------] 25/93
  val   [###########-----------------------------] 26/93
  val   [###########-----------------------------] 27/93
  val   [############----------------------------] 28/93
  val   [############----------------------------] 29/93
  val   [############----------------------------] 30/93
  val   [#############---------------------------] 31/93
  val   [#############---------------------------] 32/93
  val   [##############--------------------------] 33/93
  val   [##############--------------------------] 34/93
  val   [###############-------------------------] 35/93
  val   [###############-------------------------] 36/93
  val   [###############-------------------------] 37/93
  val   [################------------------------] 38/93
  val   [################------------------------] 39/93
  val   [#################-----------------------] 40/93
  val   [#################-----------------------] 41/93
  val   [##################----------------------] 42/93
  val   [##################----------------------] 43/93
  val   [##################----------------------] 44/93
  val   [###################---------------------] 45/93
  val   [###################---------------------] 46/93
  val   [####################--------------------] 47/93
  val   [####################--------------------] 48/93
  val   [#####################-------------------] 49/93
  val   [#####################-------------------] 50/93
  val   [#####################-------------------] 51/93
  val   [######################------------------] 52/93
  val   [######################------------------] 53/93
  val   [#######################-----------------] 54/93
  val   [#######################-----------------] 55/93
  val   [########################----------------] 56/93
  val   [########################----------------] 57/93
  val   [########################----------------] 58/93
  val   [#########################---------------] 59/93
  val   [#########################---------------] 60/93
  val   [##########################--------------] 61/93
  val   [##########################--------------] 62/93
  val   [###########################-------------] 63/93
  val   [###########################-------------] 64/93
  val   [###########################-------------] 65/93
  val   [############################------------] 66/93
  val   [############################------------] 67/93
  val   [#############################-----------] 68/93
  val   [#############################-----------] 69/93
  val   [##############################----------] 70/93
  val   [##############################----------] 71/93
  val   [##############################----------] 72/93
  val   [###############################---------] 73/93
  val   [###############################---------] 74/93
  val   [################################--------] 75/93
  val   [################################--------] 76/93
  val   [#################################-------] 77/93
  val   [#################################-------] 78/93
  val   [#################################-------] 79/93
  val   [##################################------] 80/93
  val   [##################################------] 81/93
  val   [###################################-----] 82/93
  val   [###################################-----] 83/93
  val   [####################################----] 84/93
  val   [####################################----] 85/93
  val   [####################################----] 86/93
  val   [#####################################---] 87/93
  val   [#####################################---] 88/93
  val   [######################################--] 89/93
  val   [######################################--] 90/93
  val   [#######################################-] 91/93
  val   [#######################################-] 92/93
  val   [########################################] 93/93
Epoch   8 | train_loss=0.0262 | val_loss=0.2667 | val_acc=0.9407
  -> best model saved (val_loss=0.2667)
  train [----------------------------------------] 4/444  loss=0.0178
  train [----------------------------------------] 8/444  loss=0.0173
  train [#---------------------------------------] 12/444  loss=0.0196
  train [#---------------------------------------] 16/444  loss=0.0184
  train [#---------------------------------------] 20/444  loss=0.0182
  train [##--------------------------------------] 24/444  loss=0.0181
  train [##--------------------------------------] 28/444  loss=0.0170
  train [##--------------------------------------] 32/444  loss=0.0163
  train [###-------------------------------------] 36/444  loss=0.0164
  train [###-------------------------------------] 40/444  loss=0.0166
  train [###-------------------------------------] 44/444  loss=0.0161
  train [####------------------------------------] 48/444  loss=0.0163
  train [####------------------------------------] 52/444  loss=0.0158
  train [#####-----------------------------------] 56/444  loss=0.0156
  train [#####-----------------------------------] 60/444  loss=0.0154
  train [#####-----------------------------------] 64/444  loss=0.0164
  train [######----------------------------------] 68/444  loss=0.0161
  train [######----------------------------------] 72/444  loss=0.0159
  train [######----------------------------------] 76/444  loss=0.0157
  train [#######---------------------------------] 80/444  loss=0.0161
  train [#######---------------------------------] 84/444  loss=0.0161
  train [#######---------------------------------] 88/444  loss=0.0161
  train [########--------------------------------] 92/444  loss=0.0165
  train [########--------------------------------] 96/444  loss=0.0164
  train [#########-------------------------------] 100/444  loss=0.0165
  train [#########-------------------------------] 104/444  loss=0.0165
  train [#########-------------------------------] 108/444  loss=0.0166
  train [##########------------------------------] 112/444  loss=0.0165
  train [##########------------------------------] 116/444  loss=0.0164
  train [##########------------------------------] 120/444  loss=0.0163
  train [###########-----------------------------] 124/444  loss=0.0162
  train [###########-----------------------------] 128/444  loss=0.0161
  train [###########-----------------------------] 132/444  loss=0.0165
  train [############----------------------------] 136/444  loss=0.0164
  train [############----------------------------] 140/444  loss=0.0163
  train [############----------------------------] 144/444  loss=0.0163
  train [#############---------------------------] 148/444  loss=0.0162
  train [#############---------------------------] 152/444  loss=0.0169
  train [##############--------------------------] 156/444  loss=0.0168
  train [##############--------------------------] 160/444  loss=0.0169
  train [##############--------------------------] 164/444  loss=0.0168
  train [###############-------------------------] 168/444  loss=0.0171
  train [###############-------------------------] 172/444  loss=0.0173
  train [###############-------------------------] 176/444  loss=0.0172
  train [################------------------------] 180/444  loss=0.0173
  train [################------------------------] 184/444  loss=0.0172
  train [################------------------------] 188/444  loss=0.0171
  train [#################-----------------------] 192/444  loss=0.0175
  train [#################-----------------------] 196/444  loss=0.0174
  train [##################----------------------] 200/444  loss=0.0172
  train [##################----------------------] 204/444  loss=0.0172
  train [##################----------------------] 208/444  loss=0.0171
  train [###################---------------------] 212/444  loss=0.0170
  train [###################---------------------] 216/444  loss=0.0171
  train [###################---------------------] 220/444  loss=0.0170
  train [####################--------------------] 224/444  loss=0.0168
  train [####################--------------------] 228/444  loss=0.0168
  train [####################--------------------] 232/444  loss=0.0168
  train [#####################-------------------] 236/444  loss=0.0167
  train [#####################-------------------] 240/444  loss=0.0166
  train [#####################-------------------] 244/444  loss=0.0166
  train [######################------------------] 248/444  loss=0.0165
  train [######################------------------] 252/444  loss=0.0163
  train [#######################-----------------] 256/444  loss=0.0162
  train [#######################-----------------] 260/444  loss=0.0162
  train [#######################-----------------] 264/444  loss=0.0161
  train [########################----------------] 268/444  loss=0.0161
  train [########################----------------] 272/444  loss=0.0159
  train [########################----------------] 276/444  loss=0.0159
  train [#########################---------------] 280/444  loss=0.0162
  train [#########################---------------] 284/444  loss=0.0162
  train [#########################---------------] 288/444  loss=0.0162
  train [##########################--------------] 292/444  loss=0.0161
  train [##########################--------------] 296/444  loss=0.0161
  train [###########################-------------] 300/444  loss=0.0162
  train [###########################-------------] 304/444  loss=0.0163
  train [###########################-------------] 308/444  loss=0.0163
  train [############################------------] 312/444  loss=0.0165
  train [############################------------] 316/444  loss=0.0165
  train [############################------------] 320/444  loss=0.0167
  train [#############################-----------] 324/444  loss=0.0167
  train [#############################-----------] 328/444  loss=0.0168
  train [#############################-----------] 332/444  loss=0.0169
  train [##############################----------] 336/444  loss=0.0170
  train [##############################----------] 340/444  loss=0.0169
  train [##############################----------] 344/444  loss=0.0171
  train [###############################---------] 348/444  loss=0.0171
  train [###############################---------] 352/444  loss=0.0171
  train [################################--------] 356/444  loss=0.0172
  train [################################--------] 360/444  loss=0.0171
  train [################################--------] 364/444  loss=0.0172
  train [#################################-------] 368/444  loss=0.0171
  train [#################################-------] 372/444  loss=0.0173
  train [#################################-------] 376/444  loss=0.0172
  train [##################################------] 380/444  loss=0.0176
  train [##################################------] 384/444  loss=0.0178
  train [##################################------] 388/444  loss=0.0182
  train [###################################-----] 392/444  loss=0.0183
  train [###################################-----] 396/444  loss=0.0183
  train [####################################----] 400/444  loss=0.0186
  train [####################################----] 404/444  loss=0.0186
  train [####################################----] 408/444  loss=0.0186
  train [#####################################---] 412/444  loss=0.0190
  train [#####################################---] 416/444  loss=0.0192
  train [#####################################---] 420/444  loss=0.0193
  train [######################################--] 424/444  loss=0.0194
  train [######################################--] 428/444  loss=0.0194
  train [######################################--] 432/444  loss=0.0194
  train [#######################################-] 436/444  loss=0.0194
  train [#######################################-] 440/444  loss=0.0198
  train [########################################] 444/444  loss=0.0199
  val   [----------------------------------------] 1/93
  val   [----------------------------------------] 2/93
  val   [#---------------------------------------] 3/93
  val   [#---------------------------------------] 4/93
  val   [##--------------------------------------] 5/93
  val   [##--------------------------------------] 6/93
  val   [###-------------------------------------] 7/93
  val   [###-------------------------------------] 8/93
  val   [###-------------------------------------] 9/93
  val   [####------------------------------------] 10/93
  val   [####------------------------------------] 11/93
  val   [#####-----------------------------------] 12/93
  val   [#####-----------------------------------] 13/93
  val   [######----------------------------------] 14/93
  val   [######----------------------------------] 15/93
  val   [######----------------------------------] 16/93
  val   [#######---------------------------------] 17/93
  val   [#######---------------------------------] 18/93
  val   [########--------------------------------] 19/93
  val   [########--------------------------------] 20/93
  val   [#########-------------------------------] 21/93
  val   [#########-------------------------------] 22/93
  val   [#########-------------------------------] 23/93
  val   [##########------------------------------] 24/93
  val   [##########------------------------------] 25/93
  val   [###########-----------------------------] 26/93
  val   [###########-----------------------------] 27/93
  val   [############----------------------------] 28/93
  val   [############----------------------------] 29/93
  val   [############----------------------------] 30/93
  val   [#############---------------------------] 31/93
  val   [#############---------------------------] 32/93
  val   [##############--------------------------] 33/93
  val   [##############--------------------------] 34/93
  val   [###############-------------------------] 35/93
  val   [###############-------------------------] 36/93
  val   [###############-------------------------] 37/93
  val   [################------------------------] 38/93
  val   [################------------------------] 39/93
  val   [#################-----------------------] 40/93
  val   [#################-----------------------] 41/93
  val   [##################----------------------] 42/93
  val   [##################----------------------] 43/93
  val   [##################----------------------] 44/93
  val   [###################---------------------] 45/93
  val   [###################---------------------] 46/93
  val   [####################--------------------] 47/93
  val   [####################--------------------] 48/93
  val   [#####################-------------------] 49/93
  val   [#####################-------------------] 50/93
  val   [#####################-------------------] 51/93
  val   [######################------------------] 52/93
  val   [######################------------------] 53/93
  val   [#######################-----------------] 54/93
  val   [#######################-----------------] 55/93
  val   [########################----------------] 56/93
  val   [########################----------------] 57/93
  val   [########################----------------] 58/93
  val   [#########################---------------] 59/93
  val   [#########################---------------] 60/93
  val   [##########################--------------] 61/93
  val   [##########################--------------] 62/93
  val   [###########################-------------] 63/93
  val   [###########################-------------] 64/93
  val   [###########################-------------] 65/93
  val   [############################------------] 66/93
  val   [############################------------] 67/93
  val   [#############################-----------] 68/93
  val   [#############################-----------] 69/93
  val   [##############################----------] 70/93
  val   [##############################----------] 71/93
  val   [##############################----------] 72/93
  val   [###############################---------] 73/93
  val   [###############################---------] 74/93
  val   [################################--------] 75/93
  val   [################################--------] 76/93
  val   [#################################-------] 77/93
  val   [#################################-------] 78/93
  val   [#################################-------] 79/93
  val   [##################################------] 80/93
  val   [##################################------] 81/93
  val   [###################################-----] 82/93
  val   [###################################-----] 83/93
  val   [####################################----] 84/93
  val   [####################################----] 85/93
  val   [####################################----] 86/93
  val   [#####################################---] 87/93
  val   [#####################################---] 88/93
  val   [######################################--] 89/93
  val   [######################################--] 90/93
  val   [#######################################-] 91/93
  val   [#######################################-] 92/93
  val   [########################################] 93/93
Epoch   9 | train_loss=0.0199 | val_loss=0.2964 | val_acc=0.9375
  train [----------------------------------------] 4/444  loss=0.0290
  train [----------------------------------------] 8/444  loss=0.0238
  train [#---------------------------------------] 12/444  loss=0.0227
  train [#---------------------------------------] 16/444  loss=0.0200
  train [#---------------------------------------] 20/444  loss=0.0178
  train [##--------------------------------------] 24/444  loss=0.0157
  train [##--------------------------------------] 28/444  loss=0.0164
  train [##--------------------------------------] 32/444  loss=0.0192
  train [###-------------------------------------] 36/444  loss=0.0199
  train [###-------------------------------------] 40/444  loss=0.0203
  train [###-------------------------------------] 44/444  loss=0.0201
  train [####------------------------------------] 48/444  loss=0.0206
  train [####------------------------------------] 52/444  loss=0.0202
  train [#####-----------------------------------] 56/444  loss=0.0201
  train [#####-----------------------------------] 60/444  loss=0.0209
  train [#####-----------------------------------] 64/444  loss=0.0211
  train [######----------------------------------] 68/444  loss=0.0210
  train [######----------------------------------] 72/444  loss=0.0206
  train [######----------------------------------] 76/444  loss=0.0248
  train [#######---------------------------------] 80/444  loss=0.0253
  train [#######---------------------------------] 84/444  loss=0.0249
  train [#######---------------------------------] 88/444  loss=0.0245
  train [########--------------------------------] 92/444  loss=0.0239
  train [########--------------------------------] 96/444  loss=0.0239
  train [#########-------------------------------] 100/444  loss=0.0237
  train [#########-------------------------------] 104/444  loss=0.0238
  train [#########-------------------------------] 108/444  loss=0.0233
  train [##########------------------------------] 112/444  loss=0.0232
  train [##########------------------------------] 116/444  loss=0.0227
  train [##########------------------------------] 120/444  loss=0.0227
  train [###########-----------------------------] 124/444  loss=0.0228
  train [###########-----------------------------] 128/444  loss=0.0225
  train [###########-----------------------------] 132/444  loss=0.0229
  train [############----------------------------] 136/444  loss=0.0234
  train [############----------------------------] 140/444  loss=0.0231
  train [############----------------------------] 144/444  loss=0.0228
  train [#############---------------------------] 148/444  loss=0.0225
  train [#############---------------------------] 152/444  loss=0.0232
  train [##############--------------------------] 156/444  loss=0.0229
  train [##############--------------------------] 160/444  loss=0.0228
  train [##############--------------------------] 164/444  loss=0.0235
  train [###############-------------------------] 168/444  loss=0.0239
  train [###############-------------------------] 172/444  loss=0.0242
  train [###############-------------------------] 176/444  loss=0.0241
  train [################------------------------] 180/444  loss=0.0239
  train [################------------------------] 184/444  loss=0.0240
  train [################------------------------] 188/444  loss=0.0240
  train [#################-----------------------] 192/444  loss=0.0238
  train [#################-----------------------] 196/444  loss=0.0240
  train [##################----------------------] 200/444  loss=0.0240
  train [##################----------------------] 204/444  loss=0.0242
  train [##################----------------------] 208/444  loss=0.0239
  train [###################---------------------] 212/444  loss=0.0242
  train [###################---------------------] 216/444  loss=0.0244
  train [###################---------------------] 220/444  loss=0.0241
  train [####################--------------------] 224/444  loss=0.0240
  train [####################--------------------] 228/444  loss=0.0240
  train [####################--------------------] 232/444  loss=0.0239
  train [#####################-------------------] 236/444  loss=0.0240
  train [#####################-------------------] 240/444  loss=0.0238
  train [#####################-------------------] 244/444  loss=0.0236
  train [######################------------------] 248/444  loss=0.0235
  train [######################------------------] 252/444  loss=0.0233
  train [#######################-----------------] 256/444  loss=0.0232
  train [#######################-----------------] 260/444  loss=0.0232
  train [#######################-----------------] 264/444  loss=0.0231
  train [########################----------------] 268/444  loss=0.0230
  train [########################----------------] 272/444  loss=0.0231
  train [########################----------------] 276/444  loss=0.0232
  train [#########################---------------] 280/444  loss=0.0230
  train [#########################---------------] 284/444  loss=0.0232
  train [#########################---------------] 288/444  loss=0.0233
  train [##########################--------------] 292/444  loss=0.0236
  train [##########################--------------] 296/444  loss=0.0236
  train [###########################-------------] 300/444  loss=0.0236
  train [###########################-------------] 304/444  loss=0.0235
  train [###########################-------------] 308/444  loss=0.0234
  train [############################------------] 312/444  loss=0.0239
  train [############################------------] 316/444  loss=0.0238
  train [############################------------] 320/444  loss=0.0239
  train [#############################-----------] 324/444  loss=0.0240
  train [#############################-----------] 328/444  loss=0.0241
  train [#############################-----------] 332/444  loss=0.0244
  train [##############################----------] 336/444  loss=0.0244
  train [##############################----------] 340/444  loss=0.0250
  train [##############################----------] 344/444  loss=0.0252
  train [###############################---------] 348/444  loss=0.0252
  train [###############################---------] 352/444  loss=0.0252
  train [################################--------] 356/444  loss=0.0253
  train [################################--------] 360/444  loss=0.0252
  train [################################--------] 364/444  loss=0.0253
  train [#################################-------] 368/444  loss=0.0253
  train [#################################-------] 372/444  loss=0.0254
  train [#################################-------] 376/444  loss=0.0257
  train [##################################------] 380/444  loss=0.0255
  train [##################################------] 384/444  loss=0.0258
  train [##################################------] 388/444  loss=0.0259
  train [###################################-----] 392/444  loss=0.0258
  train [###################################-----] 396/444  loss=0.0259
  train [####################################----] 400/444  loss=0.0260
  train [####################################----] 404/444  loss=0.0259
  train [####################################----] 408/444  loss=0.0259
  train [#####################################---] 412/444  loss=0.0259
  train [#####################################---] 416/444  loss=0.0259
  train [#####################################---] 420/444  loss=0.0258
  train [######################################--] 424/444  loss=0.0258
  train [######################################--] 428/444  loss=0.0259
  train [######################################--] 432/444  loss=0.0260
  train [#######################################-] 436/444  loss=0.0260
  train [#######################################-] 440/444  loss=0.0260
  train [########################################] 444/444  loss=0.0259
  val   [----------------------------------------] 1/93
  val   [----------------------------------------] 2/93
  val   [#---------------------------------------] 3/93
  val   [#---------------------------------------] 4/93
  val   [##--------------------------------------] 5/93
  val   [##--------------------------------------] 6/93
  val   [###-------------------------------------] 7/93
  val   [###-------------------------------------] 8/93
  val   [###-------------------------------------] 9/93
  val   [####------------------------------------] 10/93
  val   [####------------------------------------] 11/93
  val   [#####-----------------------------------] 12/93
  val   [#####-----------------------------------] 13/93
  val   [######----------------------------------] 14/93
  val   [######----------------------------------] 15/93
  val   [######----------------------------------] 16/93
  val   [#######---------------------------------] 17/93
  val   [#######---------------------------------] 18/93
  val   [########--------------------------------] 19/93
  val   [########--------------------------------] 20/93
  val   [#########-------------------------------] 21/93
  val   [#########-------------------------------] 22/93
  val   [#########-------------------------------] 23/93
  val   [##########------------------------------] 24/93
  val   [##########------------------------------] 25/93
  val   [###########-----------------------------] 26/93
  val   [###########-----------------------------] 27/93
  val   [############----------------------------] 28/93
  val   [############----------------------------] 29/93
  val   [############----------------------------] 30/93
  val   [#############---------------------------] 31/93
  val   [#############---------------------------] 32/93
  val   [##############--------------------------] 33/93
  val   [##############--------------------------] 34/93
  val   [###############-------------------------] 35/93
  val   [###############-------------------------] 36/93
  val   [###############-------------------------] 37/93
  val   [################------------------------] 38/93
  val   [################------------------------] 39/93
  val   [#################-----------------------] 40/93
  val   [#################-----------------------] 41/93
  val   [##################----------------------] 42/93
  val   [##################----------------------] 43/93
  val   [##################----------------------] 44/93
  val   [###################---------------------] 45/93
  val   [###################---------------------] 46/93
  val   [####################--------------------] 47/93
  val   [####################--------------------] 48/93
  val   [#####################-------------------] 49/93
  val   [#####################-------------------] 50/93
  val   [#####################-------------------] 51/93
  val   [######################------------------] 52/93
  val   [######################------------------] 53/93
  val   [#######################-----------------] 54/93
  val   [#######################-----------------] 55/93
  val   [########################----------------] 56/93
  val   [########################----------------] 57/93
  val   [########################----------------] 58/93
  val   [#########################---------------] 59/93
  val   [#########################---------------] 60/93
  val   [##########################--------------] 61/93
  val   [##########################--------------] 62/93
  val   [###########################-------------] 63/93
  val   [###########################-------------] 64/93
  val   [###########################-------------] 65/93
  val   [############################------------] 66/93
  val   [############################------------] 67/93
  val   [#############################-----------] 68/93
  val   [#############################-----------] 69/93
  val   [##############################----------] 70/93
  val   [##############################----------] 71/93
  val   [##############################----------] 72/93
  val   [###############################---------] 73/93
  val   [###############################---------] 74/93
  val   [################################--------] 75/93
  val   [################################--------] 76/93
  val   [#################################-------] 77/93
  val   [#################################-------] 78/93
  val   [#################################-------] 79/93
  val   [##################################------] 80/93
  val   [##################################------] 81/93
  val   [###################################-----] 82/93
  val   [###################################-----] 83/93
  val   [####################################----] 84/93
  val   [####################################----] 85/93
  val   [####################################----] 86/93
  val   [#####################################---] 87/93
  val   [#####################################---] 88/93
  val   [######################################--] 89/93
  val   [######################################--] 90/93
  val   [#######################################-] 91/93
  val   [#######################################-] 92/93
  val   [########################################] 93/93
Epoch  10 | train_loss=0.0260 | val_loss=0.3142 | val_acc=0.9327
  train [----------------------------------------] 4/444  loss=0.0054
  train [----------------------------------------] 8/444  loss=0.0089
  train [#---------------------------------------] 12/444  loss=0.0070
  train [#---------------------------------------] 16/444  loss=0.0107
  train [#---------------------------------------] 20/444  loss=0.0109
  train [##--------------------------------------] 24/444  loss=0.0143
  train [##--------------------------------------] 28/444  loss=0.0130
  train [##--------------------------------------] 32/444  loss=0.0148
  train [###-------------------------------------] 36/444  loss=0.0150
  train [###-------------------------------------] 40/444  loss=0.0144
  train [###-------------------------------------] 44/444  loss=0.0169
  train [####------------------------------------] 48/444  loss=0.0216
  train [####------------------------------------] 52/444  loss=0.0226
  train [#####-----------------------------------] 56/444  loss=0.0234
  train [#####-----------------------------------] 60/444  loss=0.0234
  train [#####-----------------------------------] 64/444  loss=0.0233
  train [######----------------------------------] 68/444  loss=0.0272
  train [######----------------------------------] 72/444  loss=0.0272
  train [######----------------------------------] 76/444  loss=0.0263
  train [#######---------------------------------] 80/444  loss=0.0266
  train [#######---------------------------------] 84/444  loss=0.0269
  train [#######---------------------------------] 88/444  loss=0.0263
  train [########--------------------------------] 92/444  loss=0.0271
  train [########--------------------------------] 96/444  loss=0.0277
  train [#########-------------------------------] 100/444  loss=0.0272
  train [#########-------------------------------] 104/444  loss=0.0271
  train [#########-------------------------------] 108/444  loss=0.0270
  train [##########------------------------------] 112/444  loss=0.0275
  train [##########------------------------------] 116/444  loss=0.0269
  train [##########------------------------------] 120/444  loss=0.0266
  train [###########-----------------------------] 124/444  loss=0.0267
  train [###########-----------------------------] 128/444  loss=0.0263
  train [###########-----------------------------] 132/444  loss=0.0259
  train [############----------------------------] 136/444  loss=0.0265
  train [############----------------------------] 140/444  loss=0.0260
  train [############----------------------------] 144/444  loss=0.0263
  train [#############---------------------------] 148/444  loss=0.0261
  train [#############---------------------------] 152/444  loss=0.0258
  train [##############--------------------------] 156/444  loss=0.0257
  train [##############--------------------------] 160/444  loss=0.0255
  train [##############--------------------------] 164/444  loss=0.0259
  train [###############-------------------------] 168/444  loss=0.0259
  train [###############-------------------------] 172/444  loss=0.0260
  train [###############-------------------------] 176/444  loss=0.0264
  train [################------------------------] 180/444  loss=0.0270
  train [################------------------------] 184/444  loss=0.0271
  train [################------------------------] 188/444  loss=0.0270
  train [#################-----------------------] 192/444  loss=0.0270
  train [#################-----------------------] 196/444  loss=0.0276
  train [##################----------------------] 200/444  loss=0.0274
  train [##################----------------------] 204/444  loss=0.0278
  train [##################----------------------] 208/444  loss=0.0278
  train [###################---------------------] 212/444  loss=0.0277
  train [###################---------------------] 216/444  loss=0.0277
  train [###################---------------------] 220/444  loss=0.0279
  train [####################--------------------] 224/444  loss=0.0284
  train [####################--------------------] 228/444  loss=0.0284
  train [####################--------------------] 232/444  loss=0.0283
  train [#####################-------------------] 236/444  loss=0.0282
  train [#####################-------------------] 240/444  loss=0.0280
  train [#####################-------------------] 244/444  loss=0.0285
  train [######################------------------] 248/444  loss=0.0289
  train [######################------------------] 252/444  loss=0.0290
  train [#######################-----------------] 256/444  loss=0.0288
  train [#######################-----------------] 260/444  loss=0.0289
  train [#######################-----------------] 264/444  loss=0.0288
  train [########################----------------] 268/444  loss=0.0288
  train [########################----------------] 272/444  loss=0.0285
  train [########################----------------] 276/444  loss=0.0288
  train [#########################---------------] 280/444  loss=0.0292
  train [#########################---------------] 284/444  loss=0.0291
  train [#########################---------------] 288/444  loss=0.0290
  train [##########################--------------] 292/444  loss=0.0290
  train [##########################--------------] 296/444  loss=0.0297
  train [###########################-------------] 300/444  loss=0.0303
  train [###########################-------------] 304/444  loss=0.0304
  train [###########################-------------] 308/444  loss=0.0305
  train [############################------------] 312/444  loss=0.0310
  train [############################------------] 316/444  loss=0.0311
  train [############################------------] 320/444  loss=0.0311
  train [#############################-----------] 324/444  loss=0.0312
  train [#############################-----------] 328/444  loss=0.0312
  train [#############################-----------] 332/444  loss=0.0314
  train [##############################----------] 336/444  loss=0.0318
  train [##############################----------] 340/444  loss=0.0317
  train [##############################----------] 344/444  loss=0.0316
  train [###############################---------] 348/444  loss=0.0317
  train [###############################---------] 352/444  loss=0.0316
  train [################################--------] 356/444  loss=0.0318
  train [################################--------] 360/444  loss=0.0318
  train [################################--------] 364/444  loss=0.0330
  train [#################################-------] 368/444  loss=0.0332
  train [#################################-------] 372/444  loss=0.0333
  train [#################################-------] 376/444  loss=0.0336
  train [##################################------] 380/444  loss=0.0341
  train [##################################------] 384/444  loss=0.0341
  train [##################################------] 388/444  loss=0.0340
  train [###################################-----] 392/444  loss=0.0339
  train [###################################-----] 396/444  loss=0.0340
  train [####################################----] 400/444  loss=0.0342
  train [####################################----] 404/444  loss=0.0342
  train [####################################----] 408/444  loss=0.0341
  train [#####################################---] 412/444  loss=0.0340
  train [#####################################---] 416/444  loss=0.0341
  train [#####################################---] 420/444  loss=0.0342
  train [######################################--] 424/444  loss=0.0342
  train [######################################--] 428/444  loss=0.0340
  train [######################################--] 432/444  loss=0.0341
  train [#######################################-] 436/444  loss=0.0341
  train [#######################################-] 440/444  loss=0.0341
  train [########################################] 444/444  loss=0.0340
  val   [----------------------------------------] 1/93
  val   [----------------------------------------] 2/93
  val   [#---------------------------------------] 3/93
  val   [#---------------------------------------] 4/93
  val   [##--------------------------------------] 5/93
  val   [##--------------------------------------] 6/93
  val   [###-------------------------------------] 7/93
  val   [###-------------------------------------] 8/93
  val   [###-------------------------------------] 9/93
  val   [####------------------------------------] 10/93
  val   [####------------------------------------] 11/93
  val   [#####-----------------------------------] 12/93
  val   [#####-----------------------------------] 13/93
  val   [######----------------------------------] 14/93
  val   [######----------------------------------] 15/93
  val   [######----------------------------------] 16/93
  val   [#######---------------------------------] 17/93
  val   [#######---------------------------------] 18/93
  val   [########--------------------------------] 19/93
  val   [########--------------------------------] 20/93
  val   [#########-------------------------------] 21/93
  val   [#########-------------------------------] 22/93
  val   [#########-------------------------------] 23/93
  val   [##########------------------------------] 24/93
  val   [##########------------------------------] 25/93
  val   [###########-----------------------------] 26/93
  val   [###########-----------------------------] 27/93
  val   [############----------------------------] 28/93
  val   [############----------------------------] 29/93
  val   [############----------------------------] 30/93
  val   [#############---------------------------] 31/93
  val   [#############---------------------------] 32/93
  val   [##############--------------------------] 33/93
  val   [##############--------------------------] 34/93
  val   [###############-------------------------] 35/93
  val   [###############-------------------------] 36/93
  val   [###############-------------------------] 37/93
  val   [################------------------------] 38/93
  val   [################------------------------] 39/93
  val   [#################-----------------------] 40/93
  val   [#################-----------------------] 41/93
  val   [##################----------------------] 42/93
  val   [##################----------------------] 43/93
  val   [##################----------------------] 44/93
  val   [###################---------------------] 45/93
  val   [###################---------------------] 46/93
  val   [####################--------------------] 47/93
  val   [####################--------------------] 48/93
  val   [#####################-------------------] 49/93
  val   [#####################-------------------] 50/93
  val   [#####################-------------------] 51/93
  val   [######################------------------] 52/93
  val   [######################------------------] 53/93
  val   [#######################-----------------] 54/93
  val   [#######################-----------------] 55/93
  val   [########################----------------] 56/93
  val   [########################----------------] 57/93
  val   [########################----------------] 58/93
  val   [#########################---------------] 59/93
  val   [#########################---------------] 60/93
  val   [##########################--------------] 61/93
  val   [##########################--------------] 62/93
  val   [###########################-------------] 63/93
  val   [###########################-------------] 64/93
  val   [###########################-------------] 65/93
  val   [############################------------] 66/93
  val   [############################------------] 67/93
  val   [#############################-----------] 68/93
  val   [#############################-----------] 69/93
  val   [##############################----------] 70/93
  val   [##############################----------] 71/93
  val   [##############################----------] 72/93
  val   [###############################---------] 73/93
  val   [###############################---------] 74/93
  val   [################################--------] 75/93
  val   [################################--------] 76/93
  val   [#################################-------] 77/93
  val   [#################################-------] 78/93
  val   [#################################-------] 79/93
  val   [##################################------] 80/93
  val   [##################################------] 81/93
  val   [###################################-----] 82/93
  val   [###################################-----] 83/93
  val   [####################################----] 84/93
  val   [####################################----] 85/93
  val   [####################################----] 86/93
  val   [#####################################---] 87/93
  val   [#####################################---] 88/93
  val   [######################################--] 89/93
  val   [######################################--] 90/93
  val   [#######################################-] 91/93
  val   [#######################################-] 92/93
  val   [########################################] 93/93
Epoch  11 | train_loss=0.0340 | val_loss=0.3297 | val_acc=0.9277
  train [----------------------------------------] 4/444  loss=0.0231
  train [----------------------------------------] 8/444  loss=0.0255
  train [#---------------------------------------] 12/444  loss=0.0239
  train [#---------------------------------------] 16/444  loss=0.0234
  train [#---------------------------------------] 20/444  loss=0.0239
  train [##--------------------------------------] 24/444  loss=0.0229
  train [##--------------------------------------] 28/444  loss=0.0214
  train [##--------------------------------------] 32/444  loss=0.0208
  train [###-------------------------------------] 36/444  loss=0.0201
  train [###-------------------------------------] 40/444  loss=0.0203
  train [###-------------------------------------] 44/444  loss=0.0197
  train [####------------------------------------] 48/444  loss=0.0191
  train [####------------------------------------] 52/444  loss=0.0189
  train [#####-----------------------------------] 56/444  loss=0.0191
  train [#####-----------------------------------] 60/444  loss=0.0189
  train [#####-----------------------------------] 64/444  loss=0.0193
  train [######----------------------------------] 68/444  loss=0.0187
  train [######----------------------------------] 72/444  loss=0.0187
  train [######----------------------------------] 76/444  loss=0.0182
  train [#######---------------------------------] 80/444  loss=0.0191
  train [#######---------------------------------] 84/444  loss=0.0187
  train [#######---------------------------------] 88/444  loss=0.0185
  train [########--------------------------------] 92/444  loss=0.0179
  train [########--------------------------------] 96/444  loss=0.0179
  train [#########-------------------------------] 100/444  loss=0.0178
  train [#########-------------------------------] 104/444  loss=0.0174
  train [#########-------------------------------] 108/444  loss=0.0171
  train [##########------------------------------] 112/444  loss=0.0169
  train [##########------------------------------] 116/444  loss=0.0175
  train [##########------------------------------] 120/444  loss=0.0174
  train [###########-----------------------------] 124/444  loss=0.0170
  train [###########-----------------------------] 128/444  loss=0.0169
  train [###########-----------------------------] 132/444  loss=0.0173
  train [############----------------------------] 136/444  loss=0.0171
  train [############----------------------------] 140/444  loss=0.0178
  train [############----------------------------] 144/444  loss=0.0177
  train [#############---------------------------] 148/444  loss=0.0176
  train [#############---------------------------] 152/444  loss=0.0188
  train [##############--------------------------] 156/444  loss=0.0188
  train [##############--------------------------] 160/444  loss=0.0193
  train [##############--------------------------] 164/444  loss=0.0196
  train [###############-------------------------] 168/444  loss=0.0195
  train [###############-------------------------] 172/444  loss=0.0197
  train [###############-------------------------] 176/444  loss=0.0198
  train [################------------------------] 180/444  loss=0.0195
  train [################------------------------] 184/444  loss=0.0198
  train [################------------------------] 188/444  loss=0.0202
  train [#################-----------------------] 192/444  loss=0.0205
  train [#################-----------------------] 196/444  loss=0.0209
  train [##################----------------------] 200/444  loss=0.0209
  train [##################----------------------] 204/444  loss=0.0210
  train [##################----------------------] 208/444  loss=0.0214
  train [###################---------------------] 212/444  loss=0.0217
  train [###################---------------------] 216/444  loss=0.0216
  train [###################---------------------] 220/444  loss=0.0217
  train [####################--------------------] 224/444  loss=0.0216
  train [####################--------------------] 228/444  loss=0.0215
  train [####################--------------------] 232/444  loss=0.0217
  train [#####################-------------------] 236/444  loss=0.0215
  train [#####################-------------------] 240/444  loss=0.0215
  train [#####################-------------------] 244/444  loss=0.0213
  train [######################------------------] 248/444  loss=0.0212
  train [######################------------------] 252/444  loss=0.0211
  train [#######################-----------------] 256/444  loss=0.0210
  train [#######################-----------------] 260/444  loss=0.0211
  train [#######################-----------------] 264/444  loss=0.0210
  train [########################----------------] 268/444  loss=0.0209
  train [########################----------------] 272/444  loss=0.0208
  train [########################----------------] 276/444  loss=0.0209
  train [#########################---------------] 280/444  loss=0.0207
  train [#########################---------------] 284/444  loss=0.0207
  train [#########################---------------] 288/444  loss=0.0207
  train [##########################--------------] 292/444  loss=0.0206
  train [##########################--------------] 296/444  loss=0.0205
  train [###########################-------------] 300/444  loss=0.0204
  train [###########################-------------] 304/444  loss=0.0205
  train [###########################-------------] 308/444  loss=0.0203
  train [############################------------] 312/444  loss=0.0203
  train [############################------------] 316/444  loss=0.0202
  train [############################------------] 320/444  loss=0.0202
  train [#############################-----------] 324/444  loss=0.0201
  train [#############################-----------] 328/444  loss=0.0200
  train [#############################-----------] 332/444  loss=0.0200
  train [##############################----------] 336/444  loss=0.0199
  train [##############################----------] 340/444  loss=0.0198
  train [##############################----------] 344/444  loss=0.0198
  train [###############################---------] 348/444  loss=0.0197
  train [###############################---------] 352/444  loss=0.0196
  train [################################--------] 356/444  loss=0.0195
  train [################################--------] 360/444  loss=0.0195
  train [################################--------] 364/444  loss=0.0194
  train [#################################-------] 368/444  loss=0.0194
  train [#################################-------] 372/444  loss=0.0193
  train [#################################-------] 376/444  loss=0.0192
  train [##################################------] 380/444  loss=0.0191
  train [##################################------] 384/444  loss=0.0192
  train [##################################------] 388/444  loss=0.0191
  train [###################################-----] 392/444  loss=0.0193
  train [###################################-----] 396/444  loss=0.0193
  train [####################################----] 400/444  loss=0.0191
  train [####################################----] 404/444  loss=0.0191
  train [####################################----] 408/444  loss=0.0189
  train [#####################################---] 412/444  loss=0.0189
  train [#####################################---] 416/444  loss=0.0188
  train [#####################################---] 420/444  loss=0.0187
  train [######################################--] 424/444  loss=0.0186
  train [######################################--] 428/444  loss=0.0185
  train [######################################--] 432/444  loss=0.0184
  train [#######################################-] 436/444  loss=0.0183
  train [#######################################-] 440/444  loss=0.0182
  train [########################################] 444/444  loss=0.0182
  val   [----------------------------------------] 1/93
  val   [----------------------------------------] 2/93
  val   [#---------------------------------------] 3/93
  val   [#---------------------------------------] 4/93
  val   [##--------------------------------------] 5/93
  val   [##--------------------------------------] 6/93
  val   [###-------------------------------------] 7/93
  val   [###-------------------------------------] 8/93
  val   [###-------------------------------------] 9/93
  val   [####------------------------------------] 10/93
  val   [####------------------------------------] 11/93
  val   [#####-----------------------------------] 12/93
  val   [#####-----------------------------------] 13/93
  val   [######----------------------------------] 14/93
  val   [######----------------------------------] 15/93
  val   [######----------------------------------] 16/93
  val   [#######---------------------------------] 17/93
  val   [#######---------------------------------] 18/93
  val   [########--------------------------------] 19/93
  val   [########--------------------------------] 20/93
  val   [#########-------------------------------] 21/93
  val   [#########-------------------------------] 22/93
  val   [#########-------------------------------] 23/93
  val   [##########------------------------------] 24/93
  val   [##########------------------------------] 25/93
  val   [###########-----------------------------] 26/93
  val   [###########-----------------------------] 27/93
  val   [############----------------------------] 28/93
  val   [############----------------------------] 29/93
  val   [############----------------------------] 30/93
  val   [#############---------------------------] 31/93
  val   [#############---------------------------] 32/93
  val   [##############--------------------------] 33/93
  val   [##############--------------------------] 34/93
  val   [###############-------------------------] 35/93
  val   [###############-------------------------] 36/93
  val   [###############-------------------------] 37/93
  val   [################------------------------] 38/93
  val   [################------------------------] 39/93
  val   [#################-----------------------] 40/93
  val   [#################-----------------------] 41/93
  val   [##################----------------------] 42/93
  val   [##################----------------------] 43/93
  val   [##################----------------------] 44/93
  val   [###################---------------------] 45/93
  val   [###################---------------------] 46/93
  val   [####################--------------------] 47/93
  val   [####################--------------------] 48/93
  val   [#####################-------------------] 49/93
  val   [#####################-------------------] 50/93
  val   [#####################-------------------] 51/93
  val   [######################------------------] 52/93
  val   [######################------------------] 53/93
  val   [#######################-----------------] 54/93
  val   [#######################-----------------] 55/93
  val   [########################----------------] 56/93
  val   [########################----------------] 57/93
  val   [########################----------------] 58/93
  val   [#########################---------------] 59/93
  val   [#########################---------------] 60/93
  val   [##########################--------------] 61/93
  val   [##########################--------------] 62/93
  val   [###########################-------------] 63/93
  val   [###########################-------------] 64/93
  val   [###########################-------------] 65/93
  val   [############################------------] 66/93
  val   [############################------------] 67/93
  val   [#############################-----------] 68/93
  val   [#############################-----------] 69/93
  val   [##############################----------] 70/93
  val   [##############################----------] 71/93
  val   [##############################----------] 72/93
  val   [###############################---------] 73/93
  val   [###############################---------] 74/93
  val   [################################--------] 75/93
  val   [################################--------] 76/93
  val   [#################################-------] 77/93
  val   [#################################-------] 78/93
  val   [#################################-------] 79/93
  val   [##################################------] 80/93
  val   [##################################------] 81/93
  val   [###################################-----] 82/93
  val   [###################################-----] 83/93
  val   [####################################----] 84/93
  val   [####################################----] 85/93
  val   [####################################----] 86/93
  val   [#####################################---] 87/93
  val   [#####################################---] 88/93
  val   [######################################--] 89/93
  val   [######################################--] 90/93
  val   [#######################################-] 91/93
  val   [#######################################-] 92/93
  val   [########################################] 93/93
Epoch  12 | train_loss=0.0182 | val_loss=0.2879 | val_acc=0.9385
  train [----------------------------------------] 4/444  loss=0.0065
  train [----------------------------------------] 8/444  loss=0.0106
  train [#---------------------------------------] 12/444  loss=0.0116
  train [#---------------------------------------] 16/444  loss=0.0095
  train [#---------------------------------------] 20/444  loss=0.0091
  train [##--------------------------------------] 24/444  loss=0.0089
  train [##--------------------------------------] 28/444  loss=0.0082
  train [##--------------------------------------] 32/444  loss=0.0094
  train [###-------------------------------------] 36/444  loss=0.0098
  train [###-------------------------------------] 40/444  loss=0.0092
  train [###-------------------------------------] 44/444  loss=0.0101
  train [####------------------------------------] 48/444  loss=0.0096
  train [####------------------------------------] 52/444  loss=0.0105
  train [#####-----------------------------------] 56/444  loss=0.0105
  train [#####-----------------------------------] 60/444  loss=0.0101
  train [#####-----------------------------------] 64/444  loss=0.0099
  train [######----------------------------------] 68/444  loss=0.0097
  train [######----------------------------------] 72/444  loss=0.0094
  train [######----------------------------------] 76/444  loss=0.0094
  train [#######---------------------------------] 80/444  loss=0.0093
  train [#######---------------------------------] 84/444  loss=0.0097
  train [#######---------------------------------] 88/444  loss=0.0096
  train [########--------------------------------] 92/444  loss=0.0099
  train [########--------------------------------] 96/444  loss=0.0098
  train [#########-------------------------------] 100/444  loss=0.0097
  train [#########-------------------------------] 104/444  loss=0.0097
  train [#########-------------------------------] 108/444  loss=0.0095
  train [##########------------------------------] 112/444  loss=0.0096
  train [##########------------------------------] 116/444  loss=0.0095
  train [##########------------------------------] 120/444  loss=0.0097
  train [###########-----------------------------] 124/444  loss=0.0097
  train [###########-----------------------------] 128/444  loss=0.0096
  train [###########-----------------------------] 132/444  loss=0.0093
  train [############----------------------------] 136/444  loss=0.0094
  train [############----------------------------] 140/444  loss=0.0098
  train [############----------------------------] 144/444  loss=0.0097
  train [#############---------------------------] 148/444  loss=0.0099
  train [#############---------------------------] 152/444  loss=0.0100
  train [##############--------------------------] 156/444  loss=0.0099
  train [##############--------------------------] 160/444  loss=0.0100
  train [##############--------------------------] 164/444  loss=0.0099
  train [###############-------------------------] 168/444  loss=0.0098
  train [###############-------------------------] 172/444  loss=0.0101
  train [###############-------------------------] 176/444  loss=0.0099
  train [################------------------------] 180/444  loss=0.0099
  train [################------------------------] 184/444  loss=0.0099
  train [################------------------------] 188/444  loss=0.0098
  train [#################-----------------------] 192/444  loss=0.0099
  train [#################-----------------------] 196/444  loss=0.0100
  train [##################----------------------] 200/444  loss=0.0100
  train [##################----------------------] 204/444  loss=0.0101
  train [##################----------------------] 208/444  loss=0.0101
  train [###################---------------------] 212/444  loss=0.0101
  train [###################---------------------] 216/444  loss=0.0101
  train [###################---------------------] 220/444  loss=0.0100
  train [####################--------------------] 224/444  loss=0.0103
  train [####################--------------------] 228/444  loss=0.0102
  train [####################--------------------] 232/444  loss=0.0106
  train [#####################-------------------] 236/444  loss=0.0109
  train [#####################-------------------] 240/444  loss=0.0118
  train [#####################-------------------] 244/444  loss=0.0117
  train [######################------------------] 248/444  loss=0.0121
  train [######################------------------] 252/444  loss=0.0123
  train [#######################-----------------] 256/444  loss=0.0128
  train [#######################-----------------] 260/444  loss=0.0130
  train [#######################-----------------] 264/444  loss=0.0132
  train [########################----------------] 268/444  loss=0.0138
  train [########################----------------] 272/444  loss=0.0141
  train [########################----------------] 276/444  loss=0.0145
  train [#########################---------------] 280/444  loss=0.0146
  train [#########################---------------] 284/444  loss=0.0151
  train [#########################---------------] 288/444  loss=0.0153
  train [##########################--------------] 292/444  loss=0.0152
  train [##########################--------------] 296/444  loss=0.0152
  train [###########################-------------] 300/444  loss=0.0154
  train [###########################-------------] 304/444  loss=0.0155
  train [###########################-------------] 308/444  loss=0.0155
  train [############################------------] 312/444  loss=0.0156
  train [############################------------] 316/444  loss=0.0155
  train [############################------------] 320/444  loss=0.0156
  train [#############################-----------] 324/444  loss=0.0160
  train [#############################-----------] 328/444  loss=0.0160
  train [#############################-----------] 332/444  loss=0.0164
  train [##############################----------] 336/444  loss=0.0170
  train [##############################----------] 340/444  loss=0.0171
  train [##############################----------] 344/444  loss=0.0171
  train [###############################---------] 348/444  loss=0.0172
  train [###############################---------] 352/444  loss=0.0176
  train [################################--------] 356/444  loss=0.0175
  train [################################--------] 360/444  loss=0.0175
  train [################################--------] 364/444  loss=0.0175
  train [#################################-------] 368/444  loss=0.0175
  train [#################################-------] 372/444  loss=0.0175
  train [#################################-------] 376/444  loss=0.0174
  train [##################################------] 380/444  loss=0.0176
  train [##################################------] 384/444  loss=0.0175
  train [##################################------] 388/444  loss=0.0175
  train [###################################-----] 392/444  loss=0.0178
  train [###################################-----] 396/444  loss=0.0178
  train [####################################----] 400/444  loss=0.0177
  train [####################################----] 404/444  loss=0.0178
  train [####################################----] 408/444  loss=0.0182
  train [#####################################---] 412/444  loss=0.0181
  train [#####################################---] 416/444  loss=0.0181
  train [#####################################---] 420/444  loss=0.0180
  train [######################################--] 424/444  loss=0.0180
  train [######################################--] 428/444  loss=0.0179
  train [######################################--] 432/444  loss=0.0179
  train [#######################################-] 436/444  loss=0.0181
  train [#######################################-] 440/444  loss=0.0180
  train [########################################] 444/444  loss=0.0179
  val   [----------------------------------------] 1/93
  val   [----------------------------------------] 2/93
  val   [#---------------------------------------] 3/93
  val   [#---------------------------------------] 4/93
  val   [##--------------------------------------] 5/93
  val   [##--------------------------------------] 6/93
  val   [###-------------------------------------] 7/93
  val   [###-------------------------------------] 8/93
  val   [###-------------------------------------] 9/93
  val   [####------------------------------------] 10/93
  val   [####------------------------------------] 11/93
  val   [#####-----------------------------------] 12/93
  val   [#####-----------------------------------] 13/93
  val   [######----------------------------------] 14/93
  val   [######----------------------------------] 15/93
  val   [######----------------------------------] 16/93
  val   [#######---------------------------------] 17/93
  val   [#######---------------------------------] 18/93
  val   [########--------------------------------] 19/93
  val   [########--------------------------------] 20/93
  val   [#########-------------------------------] 21/93
  val   [#########-------------------------------] 22/93
  val   [#########-------------------------------] 23/93
  val   [##########------------------------------] 24/93
  val   [##########------------------------------] 25/93
  val   [###########-----------------------------] 26/93
  val   [###########-----------------------------] 27/93
  val   [############----------------------------] 28/93
  val   [############----------------------------] 29/93
  val   [############----------------------------] 30/93
  val   [#############---------------------------] 31/93
  val   [#############---------------------------] 32/93
  val   [##############--------------------------] 33/93
  val   [##############--------------------------] 34/93
  val   [###############-------------------------] 35/93
  val   [###############-------------------------] 36/93
  val   [###############-------------------------] 37/93
  val   [################------------------------] 38/93
  val   [################------------------------] 39/93
  val   [#################-----------------------] 40/93
  val   [#################-----------------------] 41/93
  val   [##################----------------------] 42/93
  val   [##################----------------------] 43/93
  val   [##################----------------------] 44/93
  val   [###################---------------------] 45/93
  val   [###################---------------------] 46/93
  val   [####################--------------------] 47/93
  val   [####################--------------------] 48/93
  val   [#####################-------------------] 49/93
  val   [#####################-------------------] 50/93
  val   [#####################-------------------] 51/93
  val   [######################------------------] 52/93
  val   [######################------------------] 53/93
  val   [#######################-----------------] 54/93
  val   [#######################-----------------] 55/93
  val   [########################----------------] 56/93
  val   [########################----------------] 57/93
  val   [########################----------------] 58/93
  val   [#########################---------------] 59/93
  val   [#########################---------------] 60/93
  val   [##########################--------------] 61/93
  val   [##########################--------------] 62/93
  val   [###########################-------------] 63/93
  val   [###########################-------------] 64/93
  val   [###########################-------------] 65/93
  val   [############################------------] 66/93
  val   [############################------------] 67/93
  val   [#############################-----------] 68/93
  val   [#############################-----------] 69/93
  val   [##############################----------] 70/93
  val   [##############################----------] 71/93
  val   [##############################----------] 72/93
  val   [###############################---------] 73/93
  val   [###############################---------] 74/93
  val   [################################--------] 75/93
  val   [################################--------] 76/93
  val   [#################################-------] 77/93
  val   [#################################-------] 78/93
  val   [#################################-------] 79/93
  val   [##################################------] 80/93
  val   [##################################------] 81/93
  val   [###################################-----] 82/93
  val   [###################################-----] 83/93
  val   [####################################----] 84/93
  val   [####################################----] 85/93
  val   [####################################----] 86/93
  val   [#####################################---] 87/93
  val   [#####################################---] 88/93
  val   [######################################--] 89/93
  val   [######################################--] 90/93
  val   [#######################################-] 91/93
  val   [#######################################-] 92/93
  val   [########################################] 93/93
Epoch  13 | train_loss=0.0179 | val_loss=0.3198 | val_acc=0.9336
Early stopping at epoch 13 (no improvement for 5 epochs)

Done. Results in /zfsstore/courses/2025-2026/4343MMEBX/Group6/results/baseline_bioclip/
Warning: You are sending unauthenticated requests to the HF Hub. Please set a HF_TOKEN to enable higher rate limits and faster downloads.
WARNING:huggingface_hub.utils._http:Warning: You are sending unauthenticated requests to the HF Hub. Please set a HF_TOKEN to enable higher rate limits and faster downloads.
Loading datasets...
Classes: 317, total samples: 40902
Discarded 247 species (1087 records) below MIN_GBIFIDS=10
Building model and loading best.pt...
Running inference on test set...
  inference [----------------------------------------] 1/104
  inference [----------------------------------------] 2/104
  inference [#---------------------------------------] 3/104
  inference [#---------------------------------------] 4/104
  inference [#---------------------------------------] 5/104
  inference [##--------------------------------------] 6/104
  inference [##--------------------------------------] 7/104
  inference [###-------------------------------------] 8/104
  inference [###-------------------------------------] 9/104
  inference [###-------------------------------------] 10/104
  inference [####------------------------------------] 11/104
  inference [####------------------------------------] 12/104
  inference [#####-----------------------------------] 13/104
  inference [#####-----------------------------------] 14/104
  inference [#####-----------------------------------] 15/104
  inference [######----------------------------------] 16/104
  inference [######----------------------------------] 17/104
  inference [######----------------------------------] 18/104
  inference [#######---------------------------------] 19/104
  inference [#######---------------------------------] 20/104
  inference [########--------------------------------] 21/104
  inference [########--------------------------------] 22/104
  inference [########--------------------------------] 23/104
  inference [#########-------------------------------] 24/104
  inference [#########-------------------------------] 25/104
  inference [##########------------------------------] 26/104
  inference [##########------------------------------] 27/104
  inference [##########------------------------------] 28/104
  inference [###########-----------------------------] 29/104
  inference [###########-----------------------------] 30/104
  inference [###########-----------------------------] 31/104
  inference [############----------------------------] 32/104
  inference [############----------------------------] 33/104
  inference [#############---------------------------] 34/104
  inference [#############---------------------------] 35/104
  inference [#############---------------------------] 36/104
  inference [##############--------------------------] 37/104
  inference [##############--------------------------] 38/104
  inference [###############-------------------------] 39/104
  inference [###############-------------------------] 40/104
  inference [###############-------------------------] 41/104
  inference [################------------------------] 42/104
  inference [################------------------------] 43/104
  inference [################------------------------] 44/104
  inference [#################-----------------------] 45/104
  inference [#################-----------------------] 46/104
  inference [##################----------------------] 47/104
  inference [##################----------------------] 48/104
  inference [##################----------------------] 49/104
  inference [###################---------------------] 50/104
  inference [###################---------------------] 51/104
  inference [####################--------------------] 52/104
  inference [####################--------------------] 53/104
  inference [####################--------------------] 54/104
  inference [#####################-------------------] 55/104
  inference [#####################-------------------] 56/104
  inference [#####################-------------------] 57/104
  inference [######################------------------] 58/104
  inference [######################------------------] 59/104
  inference [#######################-----------------] 60/104
  inference [#######################-----------------] 61/104
  inference [#######################-----------------] 62/104
  inference [########################----------------] 63/104
  inference [########################----------------] 64/104
  inference [#########################---------------] 65/104
  inference [#########################---------------] 66/104
  inference [#########################---------------] 67/104
  inference [##########################--------------] 68/104
  inference [##########################--------------] 69/104
  inference [##########################--------------] 70/104
  inference [###########################-------------] 71/104
  inference [###########################-------------] 72/104
  inference [############################------------] 73/104
  inference [############################------------] 74/104
  inference [############################------------] 75/104
  inference [#############################-----------] 76/104
  inference [#############################-----------] 77/104
  inference [##############################----------] 78/104
  inference [##############################----------] 79/104
  inference [##############################----------] 80/104
  inference [###############################---------] 81/104
  inference [###############################---------] 82/104
  inference [###############################---------] 83/104
  inference [################################--------] 84/104
  inference [################################--------] 85/104
  inference [#################################-------] 86/104
  inference [#################################-------] 87/104
  inference [#################################-------] 88/104
  inference [##################################------] 89/104
  inference [##################################------] 90/104
  inference [###################################-----] 91/104
  inference [###################################-----] 92/104
  inference [###################################-----] 93/104
  inference [####################################----] 94/104
  inference [####################################----] 95/104
  inference [####################################----] 96/104
  inference [#####################################---] 97/104
  inference [#####################################---] 98/104
  inference [######################################--] 99/104
  inference [######################################--] 100/104
  inference [######################################--] 101/104
  inference [#######################################-] 102/104
  inference [#######################################-] 103/104
  inference [########################################] 104/104
WARNING:matplotlib.font_manager:Matplotlib is building the font cache; this may take a moment.
Traceback (most recent call last):
  File "<frozen runpy>", line 198, in _run_module_as_main
  File "<frozen runpy>", line 88, in _run_code
  File "/zfsstore/courses/2025-2026/4343MMEBX/Group6/pipeline/test.py", line 245, in <module>
    main()
  File "/zfsstore/courses/2025-2026/4343MMEBX/Group6/pipeline/test.py", line 241, in main
    run_gradcam(model, test_ds, args.backbone, result_dir, preds, species_counts, device)
  File "/zfsstore/courses/2025-2026/4343MMEBX/Group6/pipeline/test.py", line 177, in run_gradcam
    grayscale_cam = cam(input_tensor=img_batch, targets=targets)[0]
                    ^^^^^^^^^^^^^^^^^^^^^^^^^^^^^^^^^^^^^^^^^^^^
  File "/zfsstore/courses/2025-2026/4343MMEBX/Group6/env/lib/python3.11/site-packages/pytorch_grad_cam/base_cam.py", line 209, in __call__
    return self.forward(input_tensor, targets, eigen_smooth)
           ^^^^^^^^^^^^^^^^^^^^^^^^^^^^^^^^^^^^^^^^^^^^^^^^^
  File "/zfsstore/courses/2025-2026/4343MMEBX/Group6/env/lib/python3.11/site-packages/pytorch_grad_cam/base_cam.py", line 101, in forward
    self.outputs = outputs = self.activations_and_grads(input_tensor)
                             ^^^^^^^^^^^^^^^^^^^^^^^^^^^^^^^^^^^^^^^^
  File "/zfsstore/courses/2025-2026/4343MMEBX/Group6/env/lib/python3.11/site-packages/pytorch_grad_cam/activations_and_gradients.py", line 48, in __call__
    return self.model(x)
           ^^^^^^^^^^^^^
  File "/zfsstore/courses/2025-2026/4343MMEBX/Group6/env/lib/python3.11/site-packages/torch/nn/modules/module.py", line 1736, in _wrapped_call_impl
    return self._call_impl(*args, **kwargs)
           ^^^^^^^^^^^^^^^^^^^^^^^^^^^^^^^^
  File "/zfsstore/courses/2025-2026/4343MMEBX/Group6/env/lib/python3.11/site-packages/torch/nn/modules/module.py", line 1747, in _call_impl
    return forward_call(*args, **kwargs)
           ^^^^^^^^^^^^^^^^^^^^^^^^^^^^^
TypeError: BaselineModel.forward() missing 1 required positional argument: 'loc'
Macro-F1 (overall): 0.8952
  rare  : 0.8852
  medium: 0.9403
  common: 0.9653
Metrics saved to /zfsstore/courses/2025-2026/4343MMEBX/Group6/results/baseline_bioclip/metrics.json
