  failed 3449987949_Preview001.jpg: <urlopen error timed out>
  failed 3449979074_Preview001.jpg: <urlopen error timed out>
  failed 3449953358_Preview001.jpg: <urlopen error timed out>
  failed 3449943128_Preview001.jpg: <urlopen error timed out>
  failed 3449934212_Preview001.jpg: <urlopen error timed out>
Loaded 32095 occurrence records
Total multimedia rows: 42152

Done. total=42006, downloaded=0, skipped=42001, errors=5
Warning: You are sending unauthenticated requests to the HF Hub. Please set a HF_TOKEN to enable higher rate limits and faster downloads.
WARNING:huggingface_hub.utils._http:Warning: You are sending unauthenticated requests to the HF Hub. Please set a HF_TOKEN to enable higher rate limits and faster downloads.
Device: cuda
Loading datasets...
Classes: 317, total samples: 40902
Discarded 247 species (1087 records) below MIN_GBIFIDS=10
Classes: 317 | train: 28370 | val: 5933
Building model...
Mixed precision (autocast + GradScaler) enabled
--resume set but no last.pt found; starting from scratch
BioCLIP backbone frozen for first 5 epochs
  train [----------------------------------------] 4/444  loss=5.7104
  train [----------------------------------------] 8/444  loss=5.6536
  train [#---------------------------------------] 12/444  loss=5.5800
  train [#---------------------------------------] 16/444  loss=5.5141
  train [#---------------------------------------] 20/444  loss=5.4422
  train [##--------------------------------------] 24/444  loss=5.4177
  train [##--------------------------------------] 28/444  loss=5.3406
  train [##--------------------------------------] 32/444  loss=5.2729
  train [###-------------------------------------] 36/444  loss=5.2021
  train [###-------------------------------------] 40/444  loss=5.1421
  train [###-------------------------------------] 44/444  loss=5.0707
  train [####------------------------------------] 48/444  loss=5.0088
  train [####------------------------------------] 52/444  loss=4.9553
  train [#####-----------------------------------] 56/444  loss=4.9153
  train [#####-----------------------------------] 60/444  loss=4.8551
  train [#####-----------------------------------] 64/444  loss=4.8153
  train [######----------------------------------] 68/444  loss=4.7504
  train [######----------------------------------] 72/444  loss=4.6906
  train [######----------------------------------] 76/444  loss=4.6446
  train [#######---------------------------------] 80/444  loss=4.5903
  train [#######---------------------------------] 84/444  loss=4.5470
  train [#######---------------------------------] 88/444  loss=4.5038
  train [########--------------------------------] 92/444  loss=4.4617
  train [########--------------------------------] 96/444  loss=4.4205
  train [#########-------------------------------] 100/444  loss=4.3689
  train [#########-------------------------------] 104/444  loss=4.3198
  train [#########-------------------------------] 108/444  loss=4.2836
  train [##########------------------------------] 112/444  loss=4.2454
  train [##########------------------------------] 116/444  loss=4.1992
  train [##########------------------------------] 120/444  loss=4.1474
  train [###########-----------------------------] 124/444  loss=4.1091
  train [###########-----------------------------] 128/444  loss=4.0713
  train [###########-----------------------------] 132/444  loss=4.0287
  train [############----------------------------] 136/444  loss=3.9936
  train [############----------------------------] 140/444  loss=3.9534
  train [############----------------------------] 144/444  loss=3.9145
  train [#############---------------------------] 148/444  loss=3.8838
  train [#############---------------------------] 152/444  loss=3.8475
  train [##############--------------------------] 156/444  loss=3.8081
  train [##############--------------------------] 160/444  loss=3.7749
  train [##############--------------------------] 164/444  loss=3.7458
  train [###############-------------------------] 168/444  loss=3.7124
  train [###############-------------------------] 172/444  loss=3.6802
  train [###############-------------------------] 176/444  loss=3.6517
  train [################------------------------] 180/444  loss=3.6219
  train [################------------------------] 184/444  loss=3.5966
  train [################------------------------] 188/444  loss=3.5622
  train [#################-----------------------] 192/444  loss=3.5366
  train [#################-----------------------] 196/444  loss=3.5086
  train [##################----------------------] 200/444  loss=3.4789
  train [##################----------------------] 204/444  loss=3.4478
  train [##################----------------------] 208/444  loss=3.4173
  train [###################---------------------] 212/444  loss=3.3886
  train [###################---------------------] 216/444  loss=3.3612
  train [###################---------------------] 220/444  loss=3.3358
  train [####################--------------------] 224/444  loss=3.3054
  train [####################--------------------] 228/444  loss=3.2802
  train [####################--------------------] 232/444  loss=3.2527
  train [#####################-------------------] 236/444  loss=3.2258
  train [#####################-------------------] 240/444  loss=3.2040
  train [#####################-------------------] 244/444  loss=3.1814
  train [######################------------------] 248/444  loss=3.1569
  train [######################------------------] 252/444  loss=3.1385
  train [#######################-----------------] 256/444  loss=3.1159
  train [#######################-----------------] 260/444  loss=3.0936
  train [#######################-----------------] 264/444  loss=3.0733
  train [########################----------------] 268/444  loss=3.0512
  train [########################----------------] 272/444  loss=3.0293
  train [########################----------------] 276/444  loss=3.0096
  train [#########################---------------] 280/444  loss=2.9879
  train [#########################---------------] 284/444  loss=2.9680
  train [#########################---------------] 288/444  loss=2.9459
  train [##########################--------------] 292/444  loss=2.9276
  train [##########################--------------] 296/444  loss=2.9084
  train [###########################-------------] 300/444  loss=2.8855
  train [###########################-------------] 304/444  loss=2.8647
  train [###########################-------------] 308/444  loss=2.8444
  train [############################------------] 312/444  loss=2.8241
  train [############################------------] 316/444  loss=2.8029
  train [############################------------] 320/444  loss=2.7867
  train [#############################-----------] 324/444  loss=2.7689
  train [#############################-----------] 328/444  loss=2.7509
  train [#############################-----------] 332/444  loss=2.7337
  train [##############################----------] 336/444  loss=2.7156
  train [##############################----------] 340/444  loss=2.6983
  train [##############################----------] 344/444  loss=2.6797
  train [###############################---------] 348/444  loss=2.6627
  train [###############################---------] 352/444  loss=2.6459
  train [################################--------] 356/444  loss=2.6300
  train [################################--------] 360/444  loss=2.6143
  train [################################--------] 364/444  loss=2.5979
  train [#################################-------] 368/444  loss=2.5817
  train [#################################-------] 372/444  loss=2.5671
  train [#################################-------] 376/444  loss=2.5548
  train [##################################------] 380/444  loss=2.5398
  train [##################################------] 384/444  loss=2.5248
  train [##################################------] 388/444  loss=2.5095
  train [###################################-----] 392/444  loss=2.4938
  train [###################################-----] 396/444  loss=2.4820
  train [####################################----] 400/444  loss=2.4676
  train [####################################----] 404/444  loss=2.4548
  train [####################################----] 408/444  loss=2.4415
  train [#####################################---] 412/444  loss=2.4289
  train [#####################################---] 416/444  loss=2.4145
  train [#####################################---] 420/444  loss=2.4024
  train [######################################--] 424/444  loss=2.3884
  train [######################################--] 428/444  loss=2.3746
  train [######################################--] 432/444  loss=2.3627
  train [#######################################-] 436/444  loss=2.3492
  train [#######################################-] 440/444  loss=2.3383
  train [########################################] 444/444  loss=2.3235
  val   [----------------------------------------] 1/93
  val   [----------------------------------------] 2/93
  val   [#---------------------------------------] 3/93
  val   [#---------------------------------------] 4/93
  val   [##--------------------------------------] 5/93
  val   [##--------------------------------------] 6/93
  val   [###-------------------------------------] 7/93
  val   [###-------------------------------------] 8/93
  val   [###-------------------------------------] 9/93
  val   [####------------------------------------] 10/93
  val   [####------------------------------------] 11/93
  val   [#####-----------------------------------] 12/93
  val   [#####-----------------------------------] 13/93
  val   [######----------------------------------] 14/93
  val   [######----------------------------------] 15/93
  val   [######----------------------------------] 16/93
  val   [#######---------------------------------] 17/93
  val   [#######---------------------------------] 18/93
  val   [########--------------------------------] 19/93
  val   [########--------------------------------] 20/93
  val   [#########-------------------------------] 21/93
  val   [#########-------------------------------] 22/93
  val   [#########-------------------------------] 23/93
  val   [##########------------------------------] 24/93
  val   [##########------------------------------] 25/93
  val   [###########-----------------------------] 26/93
  val   [###########-----------------------------] 27/93
  val   [############----------------------------] 28/93
  val   [############----------------------------] 29/93
  val   [############----------------------------] 30/93
  val   [#############---------------------------] 31/93
  val   [#############---------------------------] 32/93
  val   [##############--------------------------] 33/93
  val   [##############--------------------------] 34/93
  val   [###############-------------------------] 35/93
  val   [###############-------------------------] 36/93
  val   [###############-------------------------] 37/93
  val   [################------------------------] 38/93
  val   [################------------------------] 39/93
  val   [#################-----------------------] 40/93
  val   [#################-----------------------] 41/93
  val   [##################----------------------] 42/93
  val   [##################----------------------] 43/93
  val   [##################----------------------] 44/93
  val   [###################---------------------] 45/93
  val   [###################---------------------] 46/93
  val   [####################--------------------] 47/93
  val   [####################--------------------] 48/93
  val   [#####################-------------------] 49/93
  val   [#####################-------------------] 50/93
  val   [#####################-------------------] 51/93
  val   [######################------------------] 52/93
  val   [######################------------------] 53/93
  val   [#######################-----------------] 54/93
  val   [#######################-----------------] 55/93
  val   [########################----------------] 56/93
  val   [########################----------------] 57/93
  val   [########################----------------] 58/93
  val   [#########################---------------] 59/93
  val   [#########################---------------] 60/93
  val   [##########################--------------] 61/93
  val   [##########################--------------] 62/93
  val   [###########################-------------] 63/93
  val   [###########################-------------] 64/93
  val   [###########################-------------] 65/93
  val   [############################------------] 66/93
  val   [############################------------] 67/93
  val   [#############################-----------] 68/93
  val   [#############################-----------] 69/93
  val   [##############################----------] 70/93
  val   [##############################----------] 71/93
  val   [##############################----------] 72/93
  val   [###############################---------] 73/93
  val   [###############################---------] 74/93
  val   [################################--------] 75/93
  val   [################################--------] 76/93
  val   [#################################-------] 77/93
  val   [#################################-------] 78/93
  val   [#################################-------] 79/93
  val   [##################################------] 80/93
  val   [##################################------] 81/93
  val   [###################################-----] 82/93
  val   [###################################-----] 83/93
  val   [####################################----] 84/93
  val   [####################################----] 85/93
  val   [####################################----] 86/93
  val   [#####################################---] 87/93
  val   [#####################################---] 88/93
  val   [######################################--] 89/93
  val   [######################################--] 90/93
  val   [#######################################-] 91/93
  val   [#######################################-] 92/93
  val   [########################################] 93/93
Epoch   0 | train_loss=2.3273 | val_loss=0.8570 | val_acc=0.8864
  -> best model saved (val_loss=0.8570)
  train [----------------------------------------] 4/444  loss=0.8608
  train [----------------------------------------] 8/444  loss=0.9183
  train [#---------------------------------------] 12/444  loss=0.9058
  train [#---------------------------------------] 16/444  loss=0.8623
  train [#---------------------------------------] 20/444  loss=0.8715
  train [##--------------------------------------] 24/444  loss=0.8528
  train [##--------------------------------------] 28/444  loss=0.8553
  train [##--------------------------------------] 32/444  loss=0.8731
  train [###-------------------------------------] 36/444  loss=0.8494
  train [###-------------------------------------] 40/444  loss=0.8346
  train [###-------------------------------------] 44/444  loss=0.8381
  train [####------------------------------------] 48/444  loss=0.8365
  train [####------------------------------------] 52/444  loss=0.8364
  train [#####-----------------------------------] 56/444  loss=0.8321
  train [#####-----------------------------------] 60/444  loss=0.8258
  train [#####-----------------------------------] 64/444  loss=0.8252
  train [######----------------------------------] 68/444  loss=0.8155
  train [######----------------------------------] 72/444  loss=0.8143
  train [######----------------------------------] 76/444  loss=0.8063
  train [#######---------------------------------] 80/444  loss=0.8048
  train [#######---------------------------------] 84/444  loss=0.8008
  train [#######---------------------------------] 88/444  loss=0.8020
  train [########--------------------------------] 92/444  loss=0.7997
  train [########--------------------------------] 96/444  loss=0.8032
  train [#########-------------------------------] 100/444  loss=0.8009
  train [#########-------------------------------] 104/444  loss=0.7996
  train [#########-------------------------------] 108/444  loss=0.7960
  train [##########------------------------------] 112/444  loss=0.7995
  train [##########------------------------------] 116/444  loss=0.8007
  train [##########------------------------------] 120/444  loss=0.7979
  train [###########-----------------------------] 124/444  loss=0.7961
  train [###########-----------------------------] 128/444  loss=0.7982
  train [###########-----------------------------] 132/444  loss=0.7937
  train [############----------------------------] 136/444  loss=0.7934
  train [############----------------------------] 140/444  loss=0.7898
  train [############----------------------------] 144/444  loss=0.7887
  train [#############---------------------------] 148/444  loss=0.7900
  train [#############---------------------------] 152/444  loss=0.7883
  train [##############--------------------------] 156/444  loss=0.7879
  train [##############--------------------------] 160/444  loss=0.7835
  train [##############--------------------------] 164/444  loss=0.7832
  train [###############-------------------------] 168/444  loss=0.7804
  train [###############-------------------------] 172/444  loss=0.7783
  train [###############-------------------------] 176/444  loss=0.7740
  train [################------------------------] 180/444  loss=0.7711
  train [################------------------------] 184/444  loss=0.7702
  train [################------------------------] 188/444  loss=0.7668
  train [#################-----------------------] 192/444  loss=0.7632
  train [#################-----------------------] 196/444  loss=0.7590
  train [##################----------------------] 200/444  loss=0.7566
  train [##################----------------------] 204/444  loss=0.7553
  train [##################----------------------] 208/444  loss=0.7579
  train [###################---------------------] 212/444  loss=0.7549
  train [###################---------------------] 216/444  loss=0.7510
  train [###################---------------------] 220/444  loss=0.7491
  train [####################--------------------] 224/444  loss=0.7453
  train [####################--------------------] 228/444  loss=0.7447
  train [####################--------------------] 232/444  loss=0.7410
  train [#####################-------------------] 236/444  loss=0.7385
  train [#####################-------------------] 240/444  loss=0.7358
  train [#####################-------------------] 244/444  loss=0.7345
  train [######################------------------] 248/444  loss=0.7317
  train [######################------------------] 252/444  loss=0.7266
  train [#######################-----------------] 256/444  loss=0.7239
  train [#######################-----------------] 260/444  loss=0.7222
  train [#######################-----------------] 264/444  loss=0.7202
  train [########################----------------] 268/444  loss=0.7209
  train [########################----------------] 272/444  loss=0.7181
  train [########################----------------] 276/444  loss=0.7154
  train [#########################---------------] 280/444  loss=0.7154
  train [#########################---------------] 284/444  loss=0.7127
  train [#########################---------------] 288/444  loss=0.7108
  train [##########################--------------] 292/444  loss=0.7103
  train [##########################--------------] 296/444  loss=0.7084
  train [###########################-------------] 300/444  loss=0.7070
  train [###########################-------------] 304/444  loss=0.7048
  train [###########################-------------] 308/444  loss=0.7025
  train [############################------------] 312/444  loss=0.7001
  train [############################------------] 316/444  loss=0.6981
  train [############################------------] 320/444  loss=0.6969
  train [#############################-----------] 324/444  loss=0.6956
  train [#############################-----------] 328/444  loss=0.6942
  train [#############################-----------] 332/444  loss=0.6941
  train [##############################----------] 336/444  loss=0.6914
  train [##############################----------] 340/444  loss=0.6911
  train [##############################----------] 344/444  loss=0.6905
  train [###############################---------] 348/444  loss=0.6893
  train [###############################---------] 352/444  loss=0.6881
  train [################################--------] 356/444  loss=0.6856
  train [################################--------] 360/444  loss=0.6839
  train [################################--------] 364/444  loss=0.6826
  train [#################################-------] 368/444  loss=0.6841
  train [#################################-------] 372/444  loss=0.6821
  train [#################################-------] 376/444  loss=0.6815
  train [##################################------] 380/444  loss=0.6806
  train [##################################------] 384/444  loss=0.6784
  train [##################################------] 388/444  loss=0.6762
  train [###################################-----] 392/444  loss=0.6743
  train [###################################-----] 396/444  loss=0.6747
  train [####################################----] 400/444  loss=0.6733
  train [####################################----] 404/444  loss=0.6719
  train [####################################----] 408/444  loss=0.6701
  train [#####################################---] 412/444  loss=0.6690
  train [#####################################---] 416/444  loss=0.6674
  train [#####################################---] 420/444  loss=0.6657
  train [######################################--] 424/444  loss=0.6638
  train [######################################--] 428/444  loss=0.6620
  train [######################################--] 432/444  loss=0.6605
  train [#######################################-] 436/444  loss=0.6594
  train [#######################################-] 440/444  loss=0.6585
  train [########################################] 444/444  loss=0.6566
  val   [----------------------------------------] 1/93
  val   [----------------------------------------] 2/93
  val   [#---------------------------------------] 3/93
  val   [#---------------------------------------] 4/93
  val   [##--------------------------------------] 5/93
  val   [##--------------------------------------] 6/93
  val   [###-------------------------------------] 7/93
  val   [###-------------------------------------] 8/93
  val   [###-------------------------------------] 9/93
  val   [####------------------------------------] 10/93
  val   [####------------------------------------] 11/93
  val   [#####-----------------------------------] 12/93
  val   [#####-----------------------------------] 13/93
  val   [######----------------------------------] 14/93
  val   [######----------------------------------] 15/93
  val   [######----------------------------------] 16/93
  val   [#######---------------------------------] 17/93
  val   [#######---------------------------------] 18/93
  val   [########--------------------------------] 19/93
  val   [########--------------------------------] 20/93
  val   [#########-------------------------------] 21/93
  val   [#########-------------------------------] 22/93
  val   [#########-------------------------------] 23/93
  val   [##########------------------------------] 24/93
  val   [##########------------------------------] 25/93
  val   [###########-----------------------------] 26/93
  val   [###########-----------------------------] 27/93
  val   [############----------------------------] 28/93
  val   [############----------------------------] 29/93
  val   [############----------------------------] 30/93
  val   [#############---------------------------] 31/93
  val   [#############---------------------------] 32/93
  val   [##############--------------------------] 33/93
  val   [##############--------------------------] 34/93
  val   [###############-------------------------] 35/93
  val   [###############-------------------------] 36/93
  val   [###############-------------------------] 37/93
  val   [################------------------------] 38/93
  val   [################------------------------] 39/93
  val   [#################-----------------------] 40/93
  val   [#################-----------------------] 41/93
  val   [##################----------------------] 42/93
  val   [##################----------------------] 43/93
  val   [##################----------------------] 44/93
  val   [###################---------------------] 45/93
  val   [###################---------------------] 46/93
  val   [####################--------------------] 47/93
  val   [####################--------------------] 48/93
  val   [#####################-------------------] 49/93
  val   [#####################-------------------] 50/93
  val   [#####################-------------------] 51/93
  val   [######################------------------] 52/93
  val   [######################------------------] 53/93
  val   [#######################-----------------] 54/93
  val   [#######################-----------------] 55/93
  val   [########################----------------] 56/93
  val   [########################----------------] 57/93
  val   [########################----------------] 58/93
  val   [#########################---------------] 59/93
  val   [#########################---------------] 60/93
  val   [##########################--------------] 61/93
  val   [##########################--------------] 62/93
  val   [###########################-------------] 63/93
  val   [###########################-------------] 64/93
  val   [###########################-------------] 65/93
  val   [############################------------] 66/93
  val   [############################------------] 67/93
  val   [#############################-----------] 68/93
  val   [#############################-----------] 69/93
  val   [##############################----------] 70/93
  val   [##############################----------] 71/93
  val   [##############################----------] 72/93
  val   [###############################---------] 73/93
  val   [###############################---------] 74/93
  val   [################################--------] 75/93
  val   [################################--------] 76/93
  val   [#################################-------] 77/93
  val   [#################################-------] 78/93
  val   [#################################-------] 79/93
  val   [##################################------] 80/93
  val   [##################################------] 81/93
  val   [###################################-----] 82/93
  val   [###################################-----] 83/93
  val   [####################################----] 84/93
  val   [####################################----] 85/93
  val   [####################################----] 86/93
  val   [#####################################---] 87/93
  val   [#####################################---] 88/93
  val   [######################################--] 89/93
  val   [######################################--] 90/93
  val   [#######################################-] 91/93
  val   [#######################################-] 92/93
  val   [########################################] 93/93
Epoch   1 | train_loss=0.6577 | val_loss=0.5528 | val_acc=0.9054
  -> best model saved (val_loss=0.5528)
  train [----------------------------------------] 4/444  loss=0.4502
  train [----------------------------------------] 8/444  loss=0.4235
  train [#---------------------------------------] 12/444  loss=0.4403
  train [#---------------------------------------] 16/444  loss=0.4678
  train [#---------------------------------------] 20/444  loss=0.4662
  train [##--------------------------------------] 24/444  loss=0.4690
  train [##--------------------------------------] 28/444  loss=0.4659
  train [##--------------------------------------] 32/444  loss=0.4565
  train [###-------------------------------------] 36/444  loss=0.4558
  train [###-------------------------------------] 40/444  loss=0.4480
  train [###-------------------------------------] 44/444  loss=0.4557
  train [####------------------------------------] 48/444  loss=0.4490
  train [####------------------------------------] 52/444  loss=0.4496
  train [#####-----------------------------------] 56/444  loss=0.4457
  train [#####-----------------------------------] 60/444  loss=0.4415
  train [#####-----------------------------------] 64/444  loss=0.4434
  train [######----------------------------------] 68/444  loss=0.4431
  train [######----------------------------------] 72/444  loss=0.4392
  train [######----------------------------------] 76/444  loss=0.4401
  train [#######---------------------------------] 80/444  loss=0.4434
  train [#######---------------------------------] 84/444  loss=0.4417
  train [#######---------------------------------] 88/444  loss=0.4382
  train [########--------------------------------] 92/444  loss=0.4398
  train [########--------------------------------] 96/444  loss=0.4392
  train [#########-------------------------------] 100/444  loss=0.4407
  train [#########-------------------------------] 104/444  loss=0.4430
  train [#########-------------------------------] 108/444  loss=0.4418
  train [##########------------------------------] 112/444  loss=0.4401
  train [##########------------------------------] 116/444  loss=0.4395
  train [##########------------------------------] 120/444  loss=0.4380
  train [###########-----------------------------] 124/444  loss=0.4379
  train [###########-----------------------------] 128/444  loss=0.4392
  train [###########-----------------------------] 132/444  loss=0.4358
  train [############----------------------------] 136/444  loss=0.4380
  train [############----------------------------] 140/444  loss=0.4353
  train [############----------------------------] 144/444  loss=0.4335
  train [#############---------------------------] 148/444  loss=0.4318
  train [#############---------------------------] 152/444  loss=0.4322
  train [##############--------------------------] 156/444  loss=0.4309
  train [##############--------------------------] 160/444  loss=0.4311
  train [##############--------------------------] 164/444  loss=0.4300
  train [###############-------------------------] 168/444  loss=0.4316
  train [###############-------------------------] 172/444  loss=0.4322
  train [###############-------------------------] 176/444  loss=0.4318
  train [################------------------------] 180/444  loss=0.4297
  train [################------------------------] 184/444  loss=0.4279
  train [################------------------------] 188/444  loss=0.4278
  train [#################-----------------------] 192/444  loss=0.4290
  train [#################-----------------------] 196/444  loss=0.4289
  train [##################----------------------] 200/444  loss=0.4279
  train [##################----------------------] 204/444  loss=0.4267
  train [##################----------------------] 208/444  loss=0.4275
  train [###################---------------------] 212/444  loss=0.4272
  train [###################---------------------] 216/444  loss=0.4267
  train [###################---------------------] 220/444  loss=0.4277
  train [####################--------------------] 224/444  loss=0.4257
  train [####################--------------------] 228/444  loss=0.4252
  train [####################--------------------] 232/444  loss=0.4242
  train [#####################-------------------] 236/444  loss=0.4237
  train [#####################-------------------] 240/444  loss=0.4226
  train [#####################-------------------] 244/444  loss=0.4210
  train [######################------------------] 248/444  loss=0.4203
  train [######################------------------] 252/444  loss=0.4188
  train [#######################-----------------] 256/444  loss=0.4182
  train [#######################-----------------] 260/444  loss=0.4167
  train [#######################-----------------] 264/444  loss=0.4176
  train [########################----------------] 268/444  loss=0.4161
  train [########################----------------] 272/444  loss=0.4158
  train [########################----------------] 276/444  loss=0.4166
  train [#########################---------------] 280/444  loss=0.4158
  train [#########################---------------] 284/444  loss=0.4139
  train [#########################---------------] 288/444  loss=0.4128
  train [##########################--------------] 292/444  loss=0.4124
  train [##########################--------------] 296/444  loss=0.4131
  train [###########################-------------] 300/444  loss=0.4125
  train [###########################-------------] 304/444  loss=0.4111
  train [###########################-------------] 308/444  loss=0.4118
  train [############################------------] 312/444  loss=0.4118
  train [############################------------] 316/444  loss=0.4114
  train [############################------------] 320/444  loss=0.4109
  train [#############################-----------] 324/444  loss=0.4117
  train [#############################-----------] 328/444  loss=0.4113
  train [#############################-----------] 332/444  loss=0.4110
  train [##############################----------] 336/444  loss=0.4112
  train [##############################----------] 340/444  loss=0.4106
  train [##############################----------] 344/444  loss=0.4097
  train [###############################---------] 348/444  loss=0.4106
  train [###############################---------] 352/444  loss=0.4102
  train [################################--------] 356/444  loss=0.4096
  train [################################--------] 360/444  loss=0.4103
  train [################################--------] 364/444  loss=0.4102
  train [#################################-------] 368/444  loss=0.4103
  train [#################################-------] 372/444  loss=0.4099
  train [#################################-------] 376/444  loss=0.4095
  train [##################################------] 380/444  loss=0.4093
  train [##################################------] 384/444  loss=0.4088
  train [##################################------] 388/444  loss=0.4095
  train [###################################-----] 392/444  loss=0.4098
  train [###################################-----] 396/444  loss=0.4092
  train [####################################----] 400/444  loss=0.4087
  train [####################################----] 404/444  loss=0.4090
  train [####################################----] 408/444  loss=0.4092
  train [#####################################---] 412/444  loss=0.4089
  train [#####################################---] 416/444  loss=0.4092
  train [#####################################---] 420/444  loss=0.4090
  train [######################################--] 424/444  loss=0.4083
  train [######################################--] 428/444  loss=0.4082
  train [######################################--] 432/444  loss=0.4070
  train [#######################################-] 436/444  loss=0.4065
  train [#######################################-] 440/444  loss=0.4055
  train [########################################] 444/444  loss=0.4054
  val   [----------------------------------------] 1/93
  val   [----------------------------------------] 2/93
  val   [#---------------------------------------] 3/93
  val   [#---------------------------------------] 4/93
  val   [##--------------------------------------] 5/93
  val   [##--------------------------------------] 6/93
  val   [###-------------------------------------] 7/93
  val   [###-------------------------------------] 8/93
  val   [###-------------------------------------] 9/93
  val   [####------------------------------------] 10/93
  val   [####------------------------------------] 11/93
  val   [#####-----------------------------------] 12/93
  val   [#####-----------------------------------] 13/93
  val   [######----------------------------------] 14/93
  val   [######----------------------------------] 15/93
  val   [######----------------------------------] 16/93
  val   [#######---------------------------------] 17/93
  val   [#######---------------------------------] 18/93
  val   [########--------------------------------] 19/93
  val   [########--------------------------------] 20/93
  val   [#########-------------------------------] 21/93
  val   [#########-------------------------------] 22/93
  val   [#########-------------------------------] 23/93
  val   [##########------------------------------] 24/93
  val   [##########------------------------------] 25/93
  val   [###########-----------------------------] 26/93
  val   [###########-----------------------------] 27/93
  val   [############----------------------------] 28/93
  val   [############----------------------------] 29/93
  val   [############----------------------------] 30/93
  val   [#############---------------------------] 31/93
  val   [#############---------------------------] 32/93
  val   [##############--------------------------] 33/93
  val   [##############--------------------------] 34/93
  val   [###############-------------------------] 35/93
  val   [###############-------------------------] 36/93
  val   [###############-------------------------] 37/93
  val   [################------------------------] 38/93
  val   [################------------------------] 39/93
  val   [#################-----------------------] 40/93
  val   [#################-----------------------] 41/93
  val   [##################----------------------] 42/93
  val   [##################----------------------] 43/93
  val   [##################----------------------] 44/93
  val   [###################---------------------] 45/93
  val   [###################---------------------] 46/93
  val   [####################--------------------] 47/93
  val   [####################--------------------] 48/93
  val   [#####################-------------------] 49/93
  val   [#####################-------------------] 50/93
  val   [#####################-------------------] 51/93
  val   [######################------------------] 52/93
  val   [######################------------------] 53/93
  val   [#######################-----------------] 54/93
  val   [#######################-----------------] 55/93
  val   [########################----------------] 56/93
  val   [########################----------------] 57/93
  val   [########################----------------] 58/93
  val   [#########################---------------] 59/93
  val   [#########################---------------] 60/93
  val   [##########################--------------] 61/93
  val   [##########################--------------] 62/93
  val   [###########################-------------] 63/93
  val   [###########################-------------] 64/93
  val   [###########################-------------] 65/93
  val   [############################------------] 66/93
  val   [############################------------] 67/93
  val   [#############################-----------] 68/93
  val   [#############################-----------] 69/93
  val   [##############################----------] 70/93
  val   [##############################----------] 71/93
  val   [##############################----------] 72/93
  val   [###############################---------] 73/93
  val   [###############################---------] 74/93
  val   [################################--------] 75/93
  val   [################################--------] 76/93
  val   [#################################-------] 77/93
  val   [#################################-------] 78/93
  val   [#################################-------] 79/93
  val   [##################################------] 80/93
  val   [##################################------] 81/93
  val   [###################################-----] 82/93
  val   [###################################-----] 83/93
  val   [####################################----] 84/93
  val   [####################################----] 85/93
  val   [####################################----] 86/93
  val   [#####################################---] 87/93
  val   [#####################################---] 88/93
  val   [######################################--] 89/93
  val   [######################################--] 90/93
  val   [#######################################-] 91/93
  val   [#######################################-] 92/93
  val   [########################################] 93/93
Epoch   2 | train_loss=0.4060 | val_loss=0.4481 | val_acc=0.9129
  -> best model saved (val_loss=0.4481)
  train [----------------------------------------] 4/444  loss=0.2930
  train [----------------------------------------] 8/444  loss=0.3041
  train [#---------------------------------------] 12/444  loss=0.3287
  train [#---------------------------------------] 16/444  loss=0.3192
  train [#---------------------------------------] 20/444  loss=0.3094
  train [##--------------------------------------] 24/444  loss=0.3099
  train [##--------------------------------------] 28/444  loss=0.3017
  train [##--------------------------------------] 32/444  loss=0.3084
  train [###-------------------------------------] 36/444  loss=0.3055
  train [###-------------------------------------] 40/444  loss=0.3055
  train [###-------------------------------------] 44/444  loss=0.3031
  train [####------------------------------------] 48/444  loss=0.3018
  train [####------------------------------------] 52/444  loss=0.3051
  train [#####-----------------------------------] 56/444  loss=0.3057
  train [#####-----------------------------------] 60/444  loss=0.3060
  train [#####-----------------------------------] 64/444  loss=0.3070
  train [######----------------------------------] 68/444  loss=0.3089
  train [######----------------------------------] 72/444  loss=0.3101
  train [######----------------------------------] 76/444  loss=0.3115
  train [#######---------------------------------] 80/444  loss=0.3070
  train [#######---------------------------------] 84/444  loss=0.3065
  train [#######---------------------------------] 88/444  loss=0.3039
  train [########--------------------------------] 92/444  loss=0.3075
  train [########--------------------------------] 96/444  loss=0.3068
  train [#########-------------------------------] 100/444  loss=0.3054
  train [#########-------------------------------] 104/444  loss=0.3043
  train [#########-------------------------------] 108/444  loss=0.3061
  train [##########------------------------------] 112/444  loss=0.3067
  train [##########------------------------------] 116/444  loss=0.3083
  train [##########------------------------------] 120/444  loss=0.3103
  train [###########-----------------------------] 124/444  loss=0.3122
  train [###########-----------------------------] 128/444  loss=0.3131
  train [###########-----------------------------] 132/444  loss=0.3125
  train [############----------------------------] 136/444  loss=0.3115
  train [############----------------------------] 140/444  loss=0.3088
  train [############----------------------------] 144/444  loss=0.3077
  train [#############---------------------------] 148/444  loss=0.3091
  train [#############---------------------------] 152/444  loss=0.3102
  train [##############--------------------------] 156/444  loss=0.3104
  train [##############--------------------------] 160/444  loss=0.3107
  train [##############--------------------------] 164/444  loss=0.3110
  train [###############-------------------------] 168/444  loss=0.3107
  train [###############-------------------------] 172/444  loss=0.3110
  train [###############-------------------------] 176/444  loss=0.3104
  train [################------------------------] 180/444  loss=0.3091
  train [################------------------------] 184/444  loss=0.3091
  train [################------------------------] 188/444  loss=0.3098
  train [#################-----------------------] 192/444  loss=0.3100
  train [#################-----------------------] 196/444  loss=0.3092
  train [##################----------------------] 200/444  loss=0.3082
  train [##################----------------------] 204/444  loss=0.3078
  train [##################----------------------] 208/444  loss=0.3070
  train [###################---------------------] 212/444  loss=0.3056
  train [###################---------------------] 216/444  loss=0.3047
  train [###################---------------------] 220/444  loss=0.3040
  train [####################--------------------] 224/444  loss=0.3043
  train [####################--------------------] 228/444  loss=0.3041
  train [####################--------------------] 232/444  loss=0.3040
  train [#####################-------------------] 236/444  loss=0.3046
  train [#####################-------------------] 240/444  loss=0.3036
  train [#####################-------------------] 244/444  loss=0.3048
  train [######################------------------] 248/444  loss=0.3043
  train [######################------------------] 252/444  loss=0.3043
  train [#######################-----------------] 256/444  loss=0.3043
  train [#######################-----------------] 260/444  loss=0.3036
  train [#######################-----------------] 264/444  loss=0.3042
  train [########################----------------] 268/444  loss=0.3037
  train [########################----------------] 272/444  loss=0.3040
  train [########################----------------] 276/444  loss=0.3039
  train [#########################---------------] 280/444  loss=0.3031
  train [#########################---------------] 284/444  loss=0.3025
  train [#########################---------------] 288/444  loss=0.3029
  train [##########################--------------] 292/444  loss=0.3034
  train [##########################--------------] 296/444  loss=0.3042
  train [###########################-------------] 300/444  loss=0.3036
  train [###########################-------------] 304/444  loss=0.3040
  train [###########################-------------] 308/444  loss=0.3037
  train [############################------------] 312/444  loss=0.3037
  train [############################------------] 316/444  loss=0.3044
  train [############################------------] 320/444  loss=0.3041
  train [#############################-----------] 324/444  loss=0.3038
  train [#############################-----------] 328/444  loss=0.3048
  train [#############################-----------] 332/444  loss=0.3048
  train [##############################----------] 336/444  loss=0.3047
  train [##############################----------] 340/444  loss=0.3050
  train [##############################----------] 344/444  loss=0.3040
  train [###############################---------] 348/444  loss=0.3040
  train [###############################---------] 352/444  loss=0.3032
  train [################################--------] 356/444  loss=0.3031
  train [################################--------] 360/444  loss=0.3026
  train [################################--------] 364/444  loss=0.3021
  train [#################################-------] 368/444  loss=0.3023
  train [#################################-------] 372/444  loss=0.3026
  train [#################################-------] 376/444  loss=0.3026
  train [##################################------] 380/444  loss=0.3027
  train [##################################------] 384/444  loss=0.3022
  train [##################################------] 388/444  loss=0.3028
  train [###################################-----] 392/444  loss=0.3026
  train [###################################-----] 396/444  loss=0.3024
  train [####################################----] 400/444  loss=0.3022
  train [####################################----] 404/444  loss=0.3018
  train [####################################----] 408/444  loss=0.3009
  train [#####################################---] 412/444  loss=0.3012
  train [#####################################---] 416/444  loss=0.3004
  train [#####################################---] 420/444  loss=0.3006
  train [######################################--] 424/444  loss=0.3004
  train [######################################--] 428/444  loss=0.2998
  train [######################################--] 432/444  loss=0.3001
  train [#######################################-] 436/444  loss=0.3001
  train [#######################################-] 440/444  loss=0.3001
  train [########################################] 444/444  loss=0.2992
  val   [----------------------------------------] 1/93
  val   [----------------------------------------] 2/93
  val   [#---------------------------------------] 3/93
  val   [#---------------------------------------] 4/93
  val   [##--------------------------------------] 5/93
  val   [##--------------------------------------] 6/93
  val   [###-------------------------------------] 7/93
  val   [###-------------------------------------] 8/93
  val   [###-------------------------------------] 9/93
  val   [####------------------------------------] 10/93
  val   [####------------------------------------] 11/93
  val   [#####-----------------------------------] 12/93
  val   [#####-----------------------------------] 13/93
  val   [######----------------------------------] 14/93
  val   [######----------------------------------] 15/93
  val   [######----------------------------------] 16/93
  val   [#######---------------------------------] 17/93
  val   [#######---------------------------------] 18/93
  val   [########--------------------------------] 19/93
  val   [########--------------------------------] 20/93
  val   [#########-------------------------------] 21/93
  val   [#########-------------------------------] 22/93
  val   [#########-------------------------------] 23/93
  val   [##########------------------------------] 24/93
  val   [##########------------------------------] 25/93
  val   [###########-----------------------------] 26/93
  val   [###########-----------------------------] 27/93
  val   [############----------------------------] 28/93
  val   [############----------------------------] 29/93
  val   [############----------------------------] 30/93
  val   [#############---------------------------] 31/93
  val   [#############---------------------------] 32/93
  val   [##############--------------------------] 33/93
  val   [##############--------------------------] 34/93
  val   [###############-------------------------] 35/93
  val   [###############-------------------------] 36/93
  val   [###############-------------------------] 37/93
  val   [################------------------------] 38/93
  val   [################------------------------] 39/93
  val   [#################-----------------------] 40/93
  val   [#################-----------------------] 41/93
  val   [##################----------------------] 42/93
  val   [##################----------------------] 43/93
  val   [##################----------------------] 44/93
  val   [###################---------------------] 45/93
  val   [###################---------------------] 46/93
  val   [####################--------------------] 47/93
  val   [####################--------------------] 48/93
  val   [#####################-------------------] 49/93
  val   [#####################-------------------] 50/93
  val   [#####################-------------------] 51/93
  val   [######################------------------] 52/93
  val   [######################------------------] 53/93
  val   [#######################-----------------] 54/93
  val   [#######################-----------------] 55/93
  val   [########################----------------] 56/93
  val   [########################----------------] 57/93
  val   [########################----------------] 58/93
  val   [#########################---------------] 59/93
  val   [#########################---------------] 60/93
  val   [##########################--------------] 61/93
  val   [##########################--------------] 62/93
  val   [###########################-------------] 63/93
  val   [###########################-------------] 64/93
  val   [###########################-------------] 65/93
  val   [############################------------] 66/93
  val   [############################------------] 67/93
  val   [#############################-----------] 68/93
  val   [#############################-----------] 69/93
  val   [##############################----------] 70/93
  val   [##############################----------] 71/93
  val   [##############################----------] 72/93
  val   [###############################---------] 73/93
  val   [###############################---------] 74/93
  val   [################################--------] 75/93
  val   [################################--------] 76/93
  val   [#################################-------] 77/93
  val   [#################################-------] 78/93
  val   [#################################-------] 79/93
  val   [##################################------] 80/93
  val   [##################################------] 81/93
  val   [###################################-----] 82/93
  val   [###################################-----] 83/93
  val   [####################################----] 84/93
  val   [####################################----] 85/93
  val   [####################################----] 86/93
  val   [#####################################---] 87/93
  val   [#####################################---] 88/93
  val   [######################################--] 89/93
  val   [######################################--] 90/93
  val   [#######################################-] 91/93
  val   [#######################################-] 92/93
  val   [########################################] 93/93
Epoch   3 | train_loss=0.2997 | val_loss=0.4033 | val_acc=0.9201
  -> best model saved (val_loss=0.4033)
  train [----------------------------------------] 4/444  loss=0.1838
  train [----------------------------------------] 8/444  loss=0.2070
  train [#---------------------------------------] 12/444  loss=0.2332
  train [#---------------------------------------] 16/444  loss=0.2246
  train [#---------------------------------------] 20/444  loss=0.2258
  train [##--------------------------------------] 24/444  loss=0.2205
  train [##--------------------------------------] 28/444  loss=0.2237
  train [##--------------------------------------] 32/444  loss=0.2283
  train [###-------------------------------------] 36/444  loss=0.2332
  train [###-------------------------------------] 40/444  loss=0.2389
  train [###-------------------------------------] 44/444  loss=0.2421
  train [####------------------------------------] 48/444  loss=0.2389
  train [####------------------------------------] 52/444  loss=0.2432
  train [#####-----------------------------------] 56/444  loss=0.2430
  train [#####-----------------------------------] 60/444  loss=0.2415
  train [#####-----------------------------------] 64/444  loss=0.2432
  train [######----------------------------------] 68/444  loss=0.2394
  train [######----------------------------------] 72/444  loss=0.2363
  train [######----------------------------------] 76/444  loss=0.2357
  train [#######---------------------------------] 80/444  loss=0.2384
  train [#######---------------------------------] 84/444  loss=0.2377
  train [#######---------------------------------] 88/444  loss=0.2369
  train [########--------------------------------] 92/444  loss=0.2372
  train [########--------------------------------] 96/444  loss=0.2368
  train [#########-------------------------------] 100/444  loss=0.2385
  train [#########-------------------------------] 104/444  loss=0.2369
  train [#########-------------------------------] 108/444  loss=0.2358
  train [##########------------------------------] 112/444  loss=0.2377
  train [##########------------------------------] 116/444  loss=0.2407
  train [##########------------------------------] 120/444  loss=0.2396
  train [###########-----------------------------] 124/444  loss=0.2398
  train [###########-----------------------------] 128/444  loss=0.2398
  train [###########-----------------------------] 132/444  loss=0.2413
  train [############----------------------------] 136/444  loss=0.2402
  train [############----------------------------] 140/444  loss=0.2403
  train [############----------------------------] 144/444  loss=0.2408
  train [#############---------------------------] 148/444  loss=0.2418
  train [#############---------------------------] 152/444  loss=0.2424
  train [##############--------------------------] 156/444  loss=0.2429
  train [##############--------------------------] 160/444  loss=0.2424
  train [##############--------------------------] 164/444  loss=0.2429
  train [###############-------------------------] 168/444  loss=0.2430
  train [###############-------------------------] 172/444  loss=0.2434
  train [###############-------------------------] 176/444  loss=0.2433
  train [################------------------------] 180/444  loss=0.2437
  train [################------------------------] 184/444  loss=0.2445
  train [################------------------------] 188/444  loss=0.2430
  train [#################-----------------------] 192/444  loss=0.2440
  train [#################-----------------------] 196/444  loss=0.2444
  train [##################----------------------] 200/444  loss=0.2440
  train [##################----------------------] 204/444  loss=0.2430
  train [##################----------------------] 208/444  loss=0.2440
  train [###################---------------------] 212/444  loss=0.2433
  train [###################---------------------] 216/444  loss=0.2425
  train [###################---------------------] 220/444  loss=0.2427
  train [####################--------------------] 224/444  loss=0.2426
  train [####################--------------------] 228/444  loss=0.2422
  train [####################--------------------] 232/444  loss=0.2427
  train [#####################-------------------] 236/444  loss=0.2431
  train [#####################-------------------] 240/444  loss=0.2436
  train [#####################-------------------] 244/444  loss=0.2437
  train [######################------------------] 248/444  loss=0.2442
  train [######################------------------] 252/444  loss=0.2443
  train [#######################-----------------] 256/444  loss=0.2444
  train [#######################-----------------] 260/444  loss=0.2444
  train [#######################-----------------] 264/444  loss=0.2449
  train [########################----------------] 268/444  loss=0.2443
  train [########################----------------] 272/444  loss=0.2443
  train [########################----------------] 276/444  loss=0.2445
  train [#########################---------------] 280/444  loss=0.2437
  train [#########################---------------] 284/444  loss=0.2434
  train [#########################---------------] 288/444  loss=0.2433
  train [##########################--------------] 292/444  loss=0.2438
  train [##########################--------------] 296/444  loss=0.2440
  train [###########################-------------] 300/444  loss=0.2443
  train [###########################-------------] 304/444  loss=0.2441
  train [###########################-------------] 308/444  loss=0.2438
  train [############################------------] 312/444  loss=0.2438
  train [############################------------] 316/444  loss=0.2448
  train [############################------------] 320/444  loss=0.2443
  train [#############################-----------] 324/444  loss=0.2438
  train [#############################-----------] 328/444  loss=0.2439
  train [#############################-----------] 332/444  loss=0.2436
  train [##############################----------] 336/444  loss=0.2427
  train [##############################----------] 340/444  loss=0.2426
  train [##############################----------] 344/444  loss=0.2420
  train [###############################---------] 348/444  loss=0.2412
  train [###############################---------] 352/444  loss=0.2409
  train [################################--------] 356/444  loss=0.2406
  train [################################--------] 360/444  loss=0.2412
  train [################################--------] 364/444  loss=0.2405
  train [#################################-------] 368/444  loss=0.2402
  train [#################################-------] 372/444  loss=0.2399
  train [#################################-------] 376/444  loss=0.2402
  train [##################################------] 380/444  loss=0.2403
  train [##################################------] 384/444  loss=0.2395
  train [##################################------] 388/444  loss=0.2395
  train [###################################-----] 392/444  loss=0.2391
  train [###################################-----] 396/444  loss=0.2388
  train [####################################----] 400/444  loss=0.2387
  train [####################################----] 404/444  loss=0.2390
  train [####################################----] 408/444  loss=0.2386
  train [#####################################---] 412/444  loss=0.2385
  train [#####################################---] 416/444  loss=0.2386
  train [#####################################---] 420/444  loss=0.2387
  train [######################################--] 424/444  loss=0.2389
  train [######################################--] 428/444  loss=0.2387
  train [######################################--] 432/444  loss=0.2384
  train [#######################################-] 436/444  loss=0.2388
  train [#######################################-] 440/444  loss=0.2391
  train [########################################] 444/444  loss=0.2384
  val   [----------------------------------------] 1/93
  val   [----------------------------------------] 2/93
  val   [#---------------------------------------] 3/93
  val   [#---------------------------------------] 4/93
  val   [##--------------------------------------] 5/93
  val   [##--------------------------------------] 6/93
  val   [###-------------------------------------] 7/93
  val   [###-------------------------------------] 8/93
  val   [###-------------------------------------] 9/93
  val   [####------------------------------------] 10/93
  val   [####------------------------------------] 11/93
  val   [#####-----------------------------------] 12/93
  val   [#####-----------------------------------] 13/93
  val   [######----------------------------------] 14/93
  val   [######----------------------------------] 15/93
  val   [######----------------------------------] 16/93
  val   [#######---------------------------------] 17/93
  val   [#######---------------------------------] 18/93
  val   [########--------------------------------] 19/93
  val   [########--------------------------------] 20/93
  val   [#########-------------------------------] 21/93
  val   [#########-------------------------------] 22/93
  val   [#########-------------------------------] 23/93
  val   [##########------------------------------] 24/93
  val   [##########------------------------------] 25/93
  val   [###########-----------------------------] 26/93
  val   [###########-----------------------------] 27/93
  val   [############----------------------------] 28/93
  val   [############----------------------------] 29/93
  val   [############----------------------------] 30/93
  val   [#############---------------------------] 31/93
  val   [#############---------------------------] 32/93
  val   [##############--------------------------] 33/93
  val   [##############--------------------------] 34/93
  val   [###############-------------------------] 35/93
  val   [###############-------------------------] 36/93
  val   [###############-------------------------] 37/93
  val   [################------------------------] 38/93
  val   [################------------------------] 39/93
  val   [#################-----------------------] 40/93
  val   [#################-----------------------] 41/93
  val   [##################----------------------] 42/93
  val   [##################----------------------] 43/93
  val   [##################----------------------] 44/93
  val   [###################---------------------] 45/93
  val   [###################---------------------] 46/93
  val   [####################--------------------] 47/93
  val   [####################--------------------] 48/93
  val   [#####################-------------------] 49/93
  val   [#####################-------------------] 50/93
  val   [#####################-------------------] 51/93
  val   [######################------------------] 52/93
  val   [######################------------------] 53/93
  val   [#######################-----------------] 54/93
  val   [#######################-----------------] 55/93
  val   [########################----------------] 56/93
  val   [########################----------------] 57/93
  val   [########################----------------] 58/93
  val   [#########################---------------] 59/93
  val   [#########################---------------] 60/93
  val   [##########################--------------] 61/93
  val   [##########################--------------] 62/93
  val   [###########################-------------] 63/93
  val   [###########################-------------] 64/93
  val   [###########################-------------] 65/93
  val   [############################------------] 66/93
  val   [############################------------] 67/93
  val   [#############################-----------] 68/93
  val   [#############################-----------] 69/93
  val   [##############################----------] 70/93
  val   [##############################----------] 71/93
  val   [##############################----------] 72/93
  val   [###############################---------] 73/93
  val   [###############################---------] 74/93
  val   [################################--------] 75/93
  val   [################################--------] 76/93
  val   [#################################-------] 77/93
  val   [#################################-------] 78/93
  val   [#################################-------] 79/93
  val   [##################################------] 80/93
  val   [##################################------] 81/93
  val   [###################################-----] 82/93
  val   [###################################-----] 83/93
  val   [####################################----] 84/93
  val   [####################################----] 85/93
  val   [####################################----] 86/93
  val   [#####################################---] 87/93
  val   [#####################################---] 88/93
  val   [######################################--] 89/93
  val   [######################################--] 90/93
  val   [#######################################-] 91/93
  val   [#######################################-] 92/93
  val   [########################################] 93/93
Epoch   4 | train_loss=0.2388 | val_loss=0.3727 | val_acc=0.9228
  -> best model saved (val_loss=0.3727)
Epoch 5: BioCLIP backbone unfrozen
  train [----------------------------------------] 4/444  loss=0.1705
  train [----------------------------------------] 8/444  loss=0.2118
  train [#---------------------------------------] 12/444  loss=0.2044
  train [#---------------------------------------] 16/444  loss=0.2060
  train [#---------------------------------------] 20/444  loss=0.2175
  train [##--------------------------------------] 24/444  loss=0.2214
  train [##--------------------------------------] 28/444  loss=0.2164
  train [##--------------------------------------] 32/444  loss=0.2141
  train [###-------------------------------------] 36/444  loss=0.2018
  train [###-------------------------------------] 40/444  loss=0.2041
  train [###-------------------------------------] 44/444  loss=0.2030
  train [####------------------------------------] 48/444  loss=0.2017
  train [####------------------------------------] 52/444  loss=0.1987
  train [#####-----------------------------------] 56/444  loss=0.1997
  train [#####-----------------------------------] 60/444  loss=0.2010
  train [#####-----------------------------------] 64/444  loss=0.1991
  train [######----------------------------------] 68/444  loss=0.1952
  train [######----------------------------------] 72/444  loss=0.1930
  train [######----------------------------------] 76/444  loss=0.1926
  train [#######---------------------------------] 80/444  loss=0.1916
  train [#######---------------------------------] 84/444  loss=0.1909
  train [#######---------------------------------] 88/444  loss=0.1907
  train [########--------------------------------] 92/444  loss=0.1880
  train [########--------------------------------] 96/444  loss=0.1866
  train [#########-------------------------------] 100/444  loss=0.1861
  train [#########-------------------------------] 104/444  loss=0.1856
  train [#########-------------------------------] 108/444  loss=0.1855
  train [##########------------------------------] 112/444  loss=0.1870
  train [##########------------------------------] 116/444  loss=0.1876
  train [##########------------------------------] 120/444  loss=0.1874
  train [###########-----------------------------] 124/444  loss=0.1881
  train [###########-----------------------------] 128/444  loss=0.1857
  train [###########-----------------------------] 132/444  loss=0.1862
  train [############----------------------------] 136/444  loss=0.1881
  train [############----------------------------] 140/444  loss=0.1878
  train [############----------------------------] 144/444  loss=0.1877
  train [#############---------------------------] 148/444  loss=0.1890
  train [#############---------------------------] 152/444  loss=0.1887
  train [##############--------------------------] 156/444  loss=0.1895
  train [##############--------------------------] 160/444  loss=0.1881
  train [##############--------------------------] 164/444  loss=0.1869
  train [###############-------------------------] 168/444  loss=0.1862
  train [###############-------------------------] 172/444  loss=0.1867
  train [###############-------------------------] 176/444  loss=0.1853
  train [################------------------------] 180/444  loss=0.1840
  train [################------------------------] 184/444  loss=0.1840
  train [################------------------------] 188/444  loss=0.1837
  train [#################-----------------------] 192/444  loss=0.1835
  train [#################-----------------------] 196/444  loss=0.1826
  train [##################----------------------] 200/444  loss=0.1821
  train [##################----------------------] 204/444  loss=0.1816
  train [##################----------------------] 208/444  loss=0.1817
  train [###################---------------------] 212/444  loss=0.1819
  train [###################---------------------] 216/444  loss=0.1815
  train [###################---------------------] 220/444  loss=0.1834
  train [####################--------------------] 224/444  loss=0.1827
  train [####################--------------------] 228/444  loss=0.1823
  train [####################--------------------] 232/444  loss=0.1845
  train [#####################-------------------] 236/444  loss=0.1847
  train [#####################-------------------] 240/444  loss=0.1835
  train [#####################-------------------] 244/444  loss=0.1832
  train [######################------------------] 248/444  loss=0.1824
  train [######################------------------] 252/444  loss=0.1827
  train [#######################-----------------] 256/444  loss=0.1829
  train [#######################-----------------] 260/444  loss=0.1828
  train [#######################-----------------] 264/444  loss=0.1822
  train [########################----------------] 268/444  loss=0.1824
  train [########################----------------] 272/444  loss=0.1817
  train [########################----------------] 276/444  loss=0.1827
  train [#########################---------------] 280/444  loss=0.1823
  train [#########################---------------] 284/444  loss=0.1823
  train [#########################---------------] 288/444  loss=0.1822
  train [##########################--------------] 292/444  loss=0.1830
  train [##########################--------------] 296/444  loss=0.1825
  train [###########################-------------] 300/444  loss=0.1829
  train [###########################-------------] 304/444  loss=0.1821
  train [###########################-------------] 308/444  loss=0.1820
  train [############################------------] 312/444  loss=0.1815
  train [############################------------] 316/444  loss=0.1825
  train [############################------------] 320/444  loss=0.1821
  train [#############################-----------] 324/444  loss=0.1819
  train [#############################-----------] 328/444  loss=0.1816
  train [#############################-----------] 332/444  loss=0.1816
  train [##############################----------] 336/444  loss=0.1819
  train [##############################----------] 340/444  loss=0.1821
  train [##############################----------] 344/444  loss=0.1823
  train [###############################---------] 348/444  loss=0.1820
  train [###############################---------] 352/444  loss=0.1817
  train [################################--------] 356/444  loss=0.1816
  train [################################--------] 360/444  loss=0.1812
  train [################################--------] 364/444  loss=0.1806
  train [#################################-------] 368/444  loss=0.1802
  train [#################################-------] 372/444  loss=0.1801
  train [#################################-------] 376/444  loss=0.1798
  train [##################################------] 380/444  loss=0.1805
  train [##################################------] 384/444  loss=0.1801
  train [##################################------] 388/444  loss=0.1802
  train [###################################-----] 392/444  loss=0.1800
  train [###################################-----] 396/444  loss=0.1801
  train [####################################----] 400/444  loss=0.1798
  train [####################################----] 404/444  loss=0.1793
  train [####################################----] 408/444  loss=0.1795
  train [#####################################---] 412/444  loss=0.1789
  train [#####################################---] 416/444  loss=0.1790
  train [#####################################---] 420/444  loss=0.1785
  train [######################################--] 424/444  loss=0.1787
  train [######################################--] 428/444  loss=0.1786
  train [######################################--] 432/444  loss=0.1783
  train [#######################################-] 436/444  loss=0.1791
  train [#######################################-] 440/444  loss=0.1789
  train [########################################] 444/444  loss=0.1785
  val   [----------------------------------------] 1/93
  val   [----------------------------------------] 2/93
  val   [#---------------------------------------] 3/93
  val   [#---------------------------------------] 4/93
  val   [##--------------------------------------] 5/93
  val   [##--------------------------------------] 6/93
  val   [###-------------------------------------] 7/93
  val   [###-------------------------------------] 8/93
  val   [###-------------------------------------] 9/93
  val   [####------------------------------------] 10/93
  val   [####------------------------------------] 11/93
  val   [#####-----------------------------------] 12/93
  val   [#####-----------------------------------] 13/93
  val   [######----------------------------------] 14/93
  val   [######----------------------------------] 15/93
  val   [######----------------------------------] 16/93
  val   [#######---------------------------------] 17/93
  val   [#######---------------------------------] 18/93
  val   [########--------------------------------] 19/93
  val   [########--------------------------------] 20/93
  val   [#########-------------------------------] 21/93
  val   [#########-------------------------------] 22/93
  val   [#########-------------------------------] 23/93
  val   [##########------------------------------] 24/93
  val   [##########------------------------------] 25/93
  val   [###########-----------------------------] 26/93
  val   [###########-----------------------------] 27/93
  val   [############----------------------------] 28/93
  val   [############----------------------------] 29/93
  val   [############----------------------------] 30/93
  val   [#############---------------------------] 31/93
  val   [#############---------------------------] 32/93
  val   [##############--------------------------] 33/93
  val   [##############--------------------------] 34/93
  val   [###############-------------------------] 35/93
  val   [###############-------------------------] 36/93
  val   [###############-------------------------] 37/93
  val   [################------------------------] 38/93
  val   [################------------------------] 39/93
  val   [#################-----------------------] 40/93
  val   [#################-----------------------] 41/93
  val   [##################----------------------] 42/93
  val   [##################----------------------] 43/93
  val   [##################----------------------] 44/93
  val   [###################---------------------] 45/93
  val   [###################---------------------] 46/93
  val   [####################--------------------] 47/93
  val   [####################--------------------] 48/93
  val   [#####################-------------------] 49/93
  val   [#####################-------------------] 50/93
  val   [#####################-------------------] 51/93
  val   [######################------------------] 52/93
  val   [######################------------------] 53/93
  val   [#######################-----------------] 54/93
  val   [#######################-----------------] 55/93
  val   [########################----------------] 56/93
  val   [########################----------------] 57/93
  val   [########################----------------] 58/93
  val   [#########################---------------] 59/93
  val   [#########################---------------] 60/93
  val   [##########################--------------] 61/93
  val   [##########################--------------] 62/93
  val   [###########################-------------] 63/93
  val   [###########################-------------] 64/93
  val   [###########################-------------] 65/93
  val   [############################------------] 66/93
  val   [############################------------] 67/93
  val   [#############################-----------] 68/93
  val   [#############################-----------] 69/93
  val   [##############################----------] 70/93
  val   [##############################----------] 71/93
  val   [##############################----------] 72/93
  val   [###############################---------] 73/93
  val   [###############################---------] 74/93
  val   [################################--------] 75/93
  val   [################################--------] 76/93
  val   [#################################-------] 77/93
  val   [#################################-------] 78/93
  val   [#################################-------] 79/93
  val   [##################################------] 80/93
  val   [##################################------] 81/93
  val   [###################################-----] 82/93
  val   [###################################-----] 83/93
  val   [####################################----] 84/93
  val   [####################################----] 85/93
  val   [####################################----] 86/93
  val   [#####################################---] 87/93
  val   [#####################################---] 88/93
  val   [######################################--] 89/93
  val   [######################################--] 90/93
  val   [#######################################-] 91/93
  val   [#######################################-] 92/93
  val   [########################################] 93/93
Epoch   5 | train_loss=0.1788 | val_loss=0.2741 | val_acc=0.9375
  -> best model saved (val_loss=0.2741)
  train [----------------------------------------] 4/444  loss=0.0706
  train [----------------------------------------] 8/444  loss=0.1008
  train [#---------------------------------------] 12/444  loss=0.0991
  train [#---------------------------------------] 16/444  loss=0.0981
  train [#---------------------------------------] 20/444  loss=0.0921
  train [##--------------------------------------] 24/444  loss=0.0923
  train [##--------------------------------------] 28/444  loss=0.0970
  train [##--------------------------------------] 32/444  loss=0.0957
  train [###-------------------------------------] 36/444  loss=0.0908
  train [###-------------------------------------] 40/444  loss=0.0880
  train [###-------------------------------------] 44/444  loss=0.0873
  train [####------------------------------------] 48/444  loss=0.0838
  train [####------------------------------------] 52/444  loss=0.0860
  train [#####-----------------------------------] 56/444  loss=0.0854
  train [#####-----------------------------------] 60/444  loss=0.0842
  train [#####-----------------------------------] 64/444  loss=0.0833
  train [######----------------------------------] 68/444  loss=0.0816
  train [######----------------------------------] 72/444  loss=0.0798
  train [######----------------------------------] 76/444  loss=0.0784
  train [#######---------------------------------] 80/444  loss=0.0778
  train [#######---------------------------------] 84/444  loss=0.0797
  train [#######---------------------------------] 88/444  loss=0.0782
  train [########--------------------------------] 92/444  loss=0.0770
  train [########--------------------------------] 96/444  loss=0.0764
  train [#########-------------------------------] 100/444  loss=0.0757
  train [#########-------------------------------] 104/444  loss=0.0754
  train [#########-------------------------------] 108/444  loss=0.0743
  train [##########------------------------------] 112/444  loss=0.0735
  train [##########------------------------------] 116/444  loss=0.0735
  train [##########------------------------------] 120/444  loss=0.0730
  train [###########-----------------------------] 124/444  loss=0.0720
  train [###########-----------------------------] 128/444  loss=0.0709
  train [###########-----------------------------] 132/444  loss=0.0703
  train [############----------------------------] 136/444  loss=0.0694
  train [############----------------------------] 140/444  loss=0.0689
  train [############----------------------------] 144/444  loss=0.0687
  train [#############---------------------------] 148/444  loss=0.0688
  train [#############---------------------------] 152/444  loss=0.0688
  train [##############--------------------------] 156/444  loss=0.0680
  train [##############--------------------------] 160/444  loss=0.0677
  train [##############--------------------------] 164/444  loss=0.0676
  train [###############-------------------------] 168/444  loss=0.0672
  train [###############-------------------------] 172/444  loss=0.0666
  train [###############-------------------------] 176/444  loss=0.0660
  train [################------------------------] 180/444  loss=0.0661
  train [################------------------------] 184/444  loss=0.0659
  train [################------------------------] 188/444  loss=0.0652
  train [#################-----------------------] 192/444  loss=0.0650
  train [#################-----------------------] 196/444  loss=0.0646
  train [##################----------------------] 200/444  loss=0.0640
  train [##################----------------------] 204/444  loss=0.0633
  train [##################----------------------] 208/444  loss=0.0631
  train [###################---------------------] 212/444  loss=0.0626
  train [###################---------------------] 216/444  loss=0.0622
  train [###################---------------------] 220/444  loss=0.0616
  train [####################--------------------] 224/444  loss=0.0616
  train [####################--------------------] 228/444  loss=0.0609
  train [####################--------------------] 232/444  loss=0.0604
  train [#####################-------------------] 236/444  loss=0.0600
  train [#####################-------------------] 240/444  loss=0.0594
  train [#####################-------------------] 244/444  loss=0.0596
  train [######################------------------] 248/444  loss=0.0596
  train [######################------------------] 252/444  loss=0.0592
  train [#######################-----------------] 256/444  loss=0.0590
  train [#######################-----------------] 260/444  loss=0.0586
  train [#######################-----------------] 264/444  loss=0.0587
  train [########################----------------] 268/444  loss=0.0594
  train [########################----------------] 272/444  loss=0.0591
  train [########################----------------] 276/444  loss=0.0591
  train [#########################---------------] 280/444  loss=0.0595
  train [#########################---------------] 284/444  loss=0.0596
  train [#########################---------------] 288/444  loss=0.0599
  train [##########################--------------] 292/444  loss=0.0597
  train [##########################--------------] 296/444  loss=0.0594
  train [###########################-------------] 300/444  loss=0.0597
  train [###########################-------------] 304/444  loss=0.0597
  train [###########################-------------] 308/444  loss=0.0593
  train [############################------------] 312/444  loss=0.0591
  train [############################------------] 316/444  loss=0.0594
  train [############################------------] 320/444  loss=0.0593
  train [#############################-----------] 324/444  loss=0.0598
  train [#############################-----------] 328/444  loss=0.0597
  train [#############################-----------] 332/444  loss=0.0601
  train [##############################----------] 336/444  loss=0.0601
  train [##############################----------] 340/444  loss=0.0599
  train [##############################----------] 344/444  loss=0.0601
  train [###############################---------] 348/444  loss=0.0598
  train [###############################---------] 352/444  loss=0.0599
  train [################################--------] 356/444  loss=0.0599
  train [################################--------] 360/444  loss=0.0598
  train [################################--------] 364/444  loss=0.0597
  train [#################################-------] 368/444  loss=0.0597
  train [#################################-------] 372/444  loss=0.0596
  train [#################################-------] 376/444  loss=0.0594
  train [##################################------] 380/444  loss=0.0595
  train [##################################------] 384/444  loss=0.0595
  train [##################################------] 388/444  loss=0.0594
  train [###################################-----] 392/444  loss=0.0594
  train [###################################-----] 396/444  loss=0.0595
  train [####################################----] 400/444  loss=0.0597
  train [####################################----] 404/444  loss=0.0597
  train [####################################----] 408/444  loss=0.0596
  train [#####################################---] 412/444  loss=0.0596
  train [#####################################---] 416/444  loss=0.0595
  train [#####################################---] 420/444  loss=0.0595
  train [######################################--] 424/444  loss=0.0598
  train [######################################--] 428/444  loss=0.0596
  train [######################################--] 432/444  loss=0.0596
  train [#######################################-] 436/444  loss=0.0597
  train [#######################################-] 440/444  loss=0.0602
  train [########################################] 444/444  loss=0.0602
  val   [----------------------------------------] 1/93
  val   [----------------------------------------] 2/93
  val   [#---------------------------------------] 3/93
  val   [#---------------------------------------] 4/93
  val   [##--------------------------------------] 5/93
  val   [##--------------------------------------] 6/93
  val   [###-------------------------------------] 7/93
  val   [###-------------------------------------] 8/93
  val   [###-------------------------------------] 9/93
  val   [####------------------------------------] 10/93
  val   [####------------------------------------] 11/93
  val   [#####-----------------------------------] 12/93
  val   [#####-----------------------------------] 13/93
  val   [######----------------------------------] 14/93
  val   [######----------------------------------] 15/93
  val   [######----------------------------------] 16/93
  val   [#######---------------------------------] 17/93
  val   [#######---------------------------------] 18/93
  val   [########--------------------------------] 19/93
  val   [########--------------------------------] 20/93
  val   [#########-------------------------------] 21/93
  val   [#########-------------------------------] 22/93
  val   [#########-------------------------------] 23/93
  val   [##########------------------------------] 24/93
  val   [##########------------------------------] 25/93
  val   [###########-----------------------------] 26/93
  val   [###########-----------------------------] 27/93
  val   [############----------------------------] 28/93
  val   [############----------------------------] 29/93
  val   [############----------------------------] 30/93
  val   [#############---------------------------] 31/93
  val   [#############---------------------------] 32/93
  val   [##############--------------------------] 33/93
  val   [##############--------------------------] 34/93
  val   [###############-------------------------] 35/93
  val   [###############-------------------------] 36/93
  val   [###############-------------------------] 37/93
  val   [################------------------------] 38/93
  val   [################------------------------] 39/93
  val   [#################-----------------------] 40/93
  val   [#################-----------------------] 41/93
  val   [##################----------------------] 42/93
  val   [##################----------------------] 43/93
  val   [##################----------------------] 44/93
  val   [###################---------------------] 45/93
  val   [###################---------------------] 46/93
  val   [####################--------------------] 47/93
  val   [####################--------------------] 48/93
  val   [#####################-------------------] 49/93
  val   [#####################-------------------] 50/93
  val   [#####################-------------------] 51/93
  val   [######################------------------] 52/93
  val   [######################------------------] 53/93
  val   [#######################-----------------] 54/93
  val   [#######################-----------------] 55/93
  val   [########################----------------] 56/93
  val   [########################----------------] 57/93
  val   [########################----------------] 58/93
  val   [#########################---------------] 59/93
  val   [#########################---------------] 60/93
  val   [##########################--------------] 61/93
  val   [##########################--------------] 62/93
  val   [###########################-------------] 63/93
  val   [###########################-------------] 64/93
  val   [###########################-------------] 65/93
  val   [############################------------] 66/93
  val   [############################------------] 67/93
  val   [#############################-----------] 68/93
  val   [#############################-----------] 69/93
  val   [##############################----------] 70/93
  val   [##############################----------] 71/93
  val   [##############################----------] 72/93
  val   [###############################---------] 73/93
  val   [###############################---------] 74/93
  val   [################################--------] 75/93
  val   [################################--------] 76/93
  val   [#################################-------] 77/93
  val   [#################################-------] 78/93
  val   [#################################-------] 79/93
  val   [##################################------] 80/93
  val   [##################################------] 81/93
  val   [###################################-----] 82/93
  val   [###################################-----] 83/93
  val   [####################################----] 84/93
  val   [####################################----] 85/93
  val   [####################################----] 86/93
  val   [#####################################---] 87/93
  val   [#####################################---] 88/93
  val   [######################################--] 89/93
  val   [######################################--] 90/93
  val   [#######################################-] 91/93
  val   [#######################################-] 92/93
  val   [########################################] 93/93
Epoch   6 | train_loss=0.0603 | val_loss=0.2600 | val_acc=0.9373
  -> best model saved (val_loss=0.2600)
  train [----------------------------------------] 4/444  loss=0.0493
  train [----------------------------------------] 8/444  loss=0.0421
  train [#---------------------------------------] 12/444  loss=0.0374
  train [#---------------------------------------] 16/444  loss=0.0443
  train [#---------------------------------------] 20/444  loss=0.0391
  train [##--------------------------------------] 24/444  loss=0.0385
  train [##--------------------------------------] 28/444  loss=0.0376
  train [##--------------------------------------] 32/444  loss=0.0358
  train [###-------------------------------------] 36/444  loss=0.0345
  train [###-------------------------------------] 40/444  loss=0.0332
  train [###-------------------------------------] 44/444  loss=0.0331
  train [####------------------------------------] 48/444  loss=0.0322
  train [####------------------------------------] 52/444  loss=0.0315
  train [#####-----------------------------------] 56/444  loss=0.0320
  train [#####-----------------------------------] 60/444  loss=0.0325
  train [#####-----------------------------------] 64/444  loss=0.0331
  train [######----------------------------------] 68/444  loss=0.0319
  train [######----------------------------------] 72/444  loss=0.0324
  train [######----------------------------------] 76/444  loss=0.0326
  train [#######---------------------------------] 80/444  loss=0.0325
  train [#######---------------------------------] 84/444  loss=0.0325
  train [#######---------------------------------] 88/444  loss=0.0323
  train [########--------------------------------] 92/444  loss=0.0328
  train [########--------------------------------] 96/444  loss=0.0328
  train [#########-------------------------------] 100/444  loss=0.0322
  train [#########-------------------------------] 104/444  loss=0.0320
  train [#########-------------------------------] 108/444  loss=0.0319
  train [##########------------------------------] 112/444  loss=0.0314
  train [##########------------------------------] 116/444  loss=0.0315
  train [##########------------------------------] 120/444  loss=0.0310
  train [###########-----------------------------] 124/444  loss=0.0311
  train [###########-----------------------------] 128/444  loss=0.0307
  train [###########-----------------------------] 132/444  loss=0.0309
  train [############----------------------------] 136/444  loss=0.0306
  train [############----------------------------] 140/444  loss=0.0303
  train [############----------------------------] 144/444  loss=0.0301
  train [#############---------------------------] 148/444  loss=0.0300
  train [#############---------------------------] 152/444  loss=0.0301
  train [##############--------------------------] 156/444  loss=0.0300
  train [##############--------------------------] 160/444  loss=0.0302
  train [##############--------------------------] 164/444  loss=0.0299
  train [###############-------------------------] 168/444  loss=0.0298
  train [###############-------------------------] 172/444  loss=0.0296
  train [###############-------------------------] 176/444  loss=0.0310
  train [################------------------------] 180/444  loss=0.0312
  train [################------------------------] 184/444  loss=0.0313
  train [################------------------------] 188/444  loss=0.0316
  train [#################-----------------------] 192/444  loss=0.0317
  train [#################-----------------------] 196/444  loss=0.0317
  train [##################----------------------] 200/444  loss=0.0317
  train [##################----------------------] 204/444  loss=0.0318
  train [##################----------------------] 208/444  loss=0.0317
  train [###################---------------------] 212/444  loss=0.0316
  train [###################---------------------] 216/444  loss=0.0317
  train [###################---------------------] 220/444  loss=0.0316
  train [####################--------------------] 224/444  loss=0.0318
  train [####################--------------------] 228/444  loss=0.0317
  train [####################--------------------] 232/444  loss=0.0315
  train [#####################-------------------] 236/444  loss=0.0314
  train [#####################-------------------] 240/444  loss=0.0312
  train [#####################-------------------] 244/444  loss=0.0312
  train [######################------------------] 248/444  loss=0.0311
  train [######################------------------] 252/444  loss=0.0309
  train [#######################-----------------] 256/444  loss=0.0314
  train [#######################-----------------] 260/444  loss=0.0312
  train [#######################-----------------] 264/444  loss=0.0313
  train [########################----------------] 268/444  loss=0.0313
  train [########################----------------] 272/444  loss=0.0313
  train [########################----------------] 276/444  loss=0.0313
  train [#########################---------------] 280/444  loss=0.0310
  train [#########################---------------] 284/444  loss=0.0310
  train [#########################---------------] 288/444  loss=0.0313
  train [##########################--------------] 292/444  loss=0.0310
  train [##########################--------------] 296/444  loss=0.0311
  train [###########################-------------] 300/444  loss=0.0311
  train [###########################-------------] 304/444  loss=0.0312
  train [###########################-------------] 308/444  loss=0.0310
  train [############################------------] 312/444  loss=0.0308
  train [############################------------] 316/444  loss=0.0307
  train [############################------------] 320/444  loss=0.0308
  train [#############################-----------] 324/444  loss=0.0308
  train [#############################-----------] 328/444  loss=0.0309
  train [#############################-----------] 332/444  loss=0.0309
  train [##############################----------] 336/444  loss=0.0309
  train [##############################----------] 340/444  loss=0.0308
  train [##############################----------] 344/444  loss=0.0312
  train [###############################---------] 348/444  loss=0.0312
  train [###############################---------] 352/444  loss=0.0317
  train [################################--------] 356/444  loss=0.0318
  train [################################--------] 360/444  loss=0.0318
  train [################################--------] 364/444  loss=0.0318
  train [#################################-------] 368/444  loss=0.0319
  train [#################################-------] 372/444  loss=0.0318
  train [#################################-------] 376/444  loss=0.0318
  train [##################################------] 380/444  loss=0.0318
  train [##################################------] 384/444  loss=0.0318
  train [##################################------] 388/444  loss=0.0319
  train [###################################-----] 392/444  loss=0.0319
  train [###################################-----] 396/444  loss=0.0317
  train [####################################----] 400/444  loss=0.0317
  train [####################################----] 404/444  loss=0.0318
  train [####################################----] 408/444  loss=0.0321
  train [#####################################---] 412/444  loss=0.0321
  train [#####################################---] 416/444  loss=0.0321
  train [#####################################---] 420/444  loss=0.0321
  train [######################################--] 424/444  loss=0.0321
  train [######################################--] 428/444  loss=0.0321
  train [######################################--] 432/444  loss=0.0320
  train [#######################################-] 436/444  loss=0.0321
  train [#######################################-] 440/444  loss=0.0321
  train [########################################] 444/444  loss=0.0322
  val   [----------------------------------------] 1/93
  val   [----------------------------------------] 2/93
  val   [#---------------------------------------] 3/93
  val   [#---------------------------------------] 4/93
  val   [##--------------------------------------] 5/93
  val   [##--------------------------------------] 6/93
  val   [###-------------------------------------] 7/93
  val   [###-------------------------------------] 8/93
  val   [###-------------------------------------] 9/93
  val   [####------------------------------------] 10/93
  val   [####------------------------------------] 11/93
  val   [#####-----------------------------------] 12/93
  val   [#####-----------------------------------] 13/93
  val   [######----------------------------------] 14/93
  val   [######----------------------------------] 15/93
  val   [######----------------------------------] 16/93
  val   [#######---------------------------------] 17/93
  val   [#######---------------------------------] 18/93
  val   [########--------------------------------] 19/93
  val   [########--------------------------------] 20/93
  val   [#########-------------------------------] 21/93
  val   [#########-------------------------------] 22/93
  val   [#########-------------------------------] 23/93
  val   [##########------------------------------] 24/93
  val   [##########------------------------------] 25/93
  val   [###########-----------------------------] 26/93
  val   [###########-----------------------------] 27/93
  val   [############----------------------------] 28/93
  val   [############----------------------------] 29/93
  val   [############----------------------------] 30/93
  val   [#############---------------------------] 31/93
  val   [#############---------------------------] 32/93
  val   [##############--------------------------] 33/93
  val   [##############--------------------------] 34/93
  val   [###############-------------------------] 35/93
  val   [###############-------------------------] 36/93
  val   [###############-------------------------] 37/93
  val   [################------------------------] 38/93
  val   [################------------------------] 39/93
  val   [#################-----------------------] 40/93
  val   [#################-----------------------] 41/93
  val   [##################----------------------] 42/93
  val   [##################----------------------] 43/93
  val   [##################----------------------] 44/93
  val   [###################---------------------] 45/93
  val   [###################---------------------] 46/93
  val   [####################--------------------] 47/93
  val   [####################--------------------] 48/93
  val   [#####################-------------------] 49/93
  val   [#####################-------------------] 50/93
  val   [#####################-------------------] 51/93
  val   [######################------------------] 52/93
  val   [######################------------------] 53/93
  val   [#######################-----------------] 54/93
  val   [#######################-----------------] 55/93
  val   [########################----------------] 56/93
  val   [########################----------------] 57/93
  val   [########################----------------] 58/93
  val   [#########################---------------] 59/93
  val   [#########################---------------] 60/93
  val   [##########################--------------] 61/93
  val   [##########################--------------] 62/93
  val   [###########################-------------] 63/93
  val   [###########################-------------] 64/93
  val   [###########################-------------] 65/93
  val   [############################------------] 66/93
  val   [############################------------] 67/93
  val   [#############################-----------] 68/93
  val   [#############################-----------] 69/93
  val   [##############################----------] 70/93
  val   [##############################----------] 71/93
  val   [##############################----------] 72/93
  val   [###############################---------] 73/93
  val   [###############################---------] 74/93
  val   [################################--------] 75/93
  val   [################################--------] 76/93
  val   [#################################-------] 77/93
  val   [#################################-------] 78/93
  val   [#################################-------] 79/93
  val   [##################################------] 80/93
  val   [##################################------] 81/93
  val   [###################################-----] 82/93
  val   [###################################-----] 83/93
  val   [####################################----] 84/93
  val   [####################################----] 85/93
  val   [####################################----] 86/93
  val   [#####################################---] 87/93
  val   [#####################################---] 88/93
  val   [######################################--] 89/93
  val   [######################################--] 90/93
  val   [#######################################-] 91/93
  val   [#######################################-] 92/93
  val   [########################################] 93/93
Epoch   7 | train_loss=0.0322 | val_loss=0.2302 | val_acc=0.9494
  -> best model saved (val_loss=0.2302)
  train [----------------------------------------] 4/444  loss=0.0287
  train [----------------------------------------] 8/444  loss=0.0218
  train [#---------------------------------------] 12/444  loss=0.0248
  train [#---------------------------------------] 16/444  loss=0.0222
  train [#---------------------------------------] 20/444  loss=0.0204
  train [##--------------------------------------] 24/444  loss=0.0199
  train [##--------------------------------------] 28/444  loss=0.0195
  train [##--------------------------------------] 32/444  loss=0.0191
  train [###-------------------------------------] 36/444  loss=0.0201
  train [###-------------------------------------] 40/444  loss=0.0195
  train [###-------------------------------------] 44/444  loss=0.0197
  train [####------------------------------------] 48/444  loss=0.0199
  train [####------------------------------------] 52/444  loss=0.0196
  train [#####-----------------------------------] 56/444  loss=0.0195
  train [#####-----------------------------------] 60/444  loss=0.0191
  train [#####-----------------------------------] 64/444  loss=0.0189
  train [######----------------------------------] 68/444  loss=0.0190
  train [######----------------------------------] 72/444  loss=0.0188
  train [######----------------------------------] 76/444  loss=0.0188
  train [#######---------------------------------] 80/444  loss=0.0184
  train [#######---------------------------------] 84/444  loss=0.0181
  train [#######---------------------------------] 88/444  loss=0.0182
  train [########--------------------------------] 92/444  loss=0.0185
  train [########--------------------------------] 96/444  loss=0.0182
  train [#########-------------------------------] 100/444  loss=0.0184
  train [#########-------------------------------] 104/444  loss=0.0181
  train [#########-------------------------------] 108/444  loss=0.0184
  train [##########------------------------------] 112/444  loss=0.0191
  train [##########------------------------------] 116/444  loss=0.0188
  train [##########------------------------------] 120/444  loss=0.0188
  train [###########-----------------------------] 124/444  loss=0.0186
  train [###########-----------------------------] 128/444  loss=0.0186
  train [###########-----------------------------] 132/444  loss=0.0186
  train [############----------------------------] 136/444  loss=0.0185
  train [############----------------------------] 140/444  loss=0.0187
  train [############----------------------------] 144/444  loss=0.0185
  train [#############---------------------------] 148/444  loss=0.0185
  train [#############---------------------------] 152/444  loss=0.0185
  train [##############--------------------------] 156/444  loss=0.0194
  train [##############--------------------------] 160/444  loss=0.0193
  train [##############--------------------------] 164/444  loss=0.0195
  train [###############-------------------------] 168/444  loss=0.0195
  train [###############-------------------------] 172/444  loss=0.0196
  train [###############-------------------------] 176/444  loss=0.0194
  train [################------------------------] 180/444  loss=0.0194
  train [################------------------------] 184/444  loss=0.0194
  train [################------------------------] 188/444  loss=0.0193
  train [#################-----------------------] 192/444  loss=0.0194
  train [#################-----------------------] 196/444  loss=0.0194
  train [##################----------------------] 200/444  loss=0.0194
  train [##################----------------------] 204/444  loss=0.0194
  train [##################----------------------] 208/444  loss=0.0194
  train [###################---------------------] 212/444  loss=0.0195
  train [###################---------------------] 216/444  loss=0.0199
  train [###################---------------------] 220/444  loss=0.0200
  train [####################--------------------] 224/444  loss=0.0200
  train [####################--------------------] 228/444  loss=0.0198
  train [####################--------------------] 232/444  loss=0.0199
  train [#####################-------------------] 236/444  loss=0.0198
  train [#####################-------------------] 240/444  loss=0.0197
  train [#####################-------------------] 244/444  loss=0.0195
  train [######################------------------] 248/444  loss=0.0196
  train [######################------------------] 252/444  loss=0.0195
  train [#######################-----------------] 256/444  loss=0.0195
  train [#######################-----------------] 260/444  loss=0.0195
  train [#######################-----------------] 264/444  loss=0.0195
  train [########################----------------] 268/444  loss=0.0194
  train [########################----------------] 272/444  loss=0.0193
  train [########################----------------] 276/444  loss=0.0192
  train [#########################---------------] 280/444  loss=0.0191
  train [#########################---------------] 284/444  loss=0.0190
  train [#########################---------------] 288/444  loss=0.0192
  train [##########################--------------] 292/444  loss=0.0191
  train [##########################--------------] 296/444  loss=0.0192
  train [###########################-------------] 300/444  loss=0.0193
  train [###########################-------------] 304/444  loss=0.0192
  train [###########################-------------] 308/444  loss=0.0191
  train [############################------------] 312/444  loss=0.0193
  train [############################------------] 316/444  loss=0.0193
  train [############################------------] 320/444  loss=0.0191
  train [#############################-----------] 324/444  loss=0.0191
  train [#############################-----------] 328/444  loss=0.0191
  train [#############################-----------] 332/444  loss=0.0191
  train [##############################----------] 336/444  loss=0.0190
  train [##############################----------] 340/444  loss=0.0190
  train [##############################----------] 344/444  loss=0.0189
  train [###############################---------] 348/444  loss=0.0189
  train [###############################---------] 352/444  loss=0.0188
  train [################################--------] 356/444  loss=0.0190
  train [################################--------] 360/444  loss=0.0189
  train [################################--------] 364/444  loss=0.0189
  train [#################################-------] 368/444  loss=0.0189
  train [#################################-------] 372/444  loss=0.0190
  train [#################################-------] 376/444  loss=0.0190
  train [##################################------] 380/444  loss=0.0190
  train [##################################------] 384/444  loss=0.0190
  train [##################################------] 388/444  loss=0.0190
  train [###################################-----] 392/444  loss=0.0190
  train [###################################-----] 396/444  loss=0.0191
  train [####################################----] 400/444  loss=0.0191
  train [####################################----] 404/444  loss=0.0191
  train [####################################----] 408/444  loss=0.0191
  train [#####################################---] 412/444  loss=0.0191
  train [#####################################---] 416/444  loss=0.0190
  train [#####################################---] 420/444  loss=0.0190
  train [######################################--] 424/444  loss=0.0191
  train [######################################--] 428/444  loss=0.0191
  train [######################################--] 432/444  loss=0.0191
  train [#######################################-] 436/444  loss=0.0192
  train [#######################################-] 440/444  loss=0.0192
  train [########################################] 444/444  loss=0.0195
  val   [----------------------------------------] 1/93
  val   [----------------------------------------] 2/93
  val   [#---------------------------------------] 3/93
  val   [#---------------------------------------] 4/93
  val   [##--------------------------------------] 5/93
  val   [##--------------------------------------] 6/93
  val   [###-------------------------------------] 7/93
  val   [###-------------------------------------] 8/93
  val   [###-------------------------------------] 9/93
  val   [####------------------------------------] 10/93
  val   [####------------------------------------] 11/93
  val   [#####-----------------------------------] 12/93
  val   [#####-----------------------------------] 13/93
  val   [######----------------------------------] 14/93
  val   [######----------------------------------] 15/93
  val   [######----------------------------------] 16/93
  val   [#######---------------------------------] 17/93
  val   [#######---------------------------------] 18/93
  val   [########--------------------------------] 19/93
  val   [########--------------------------------] 20/93
  val   [#########-------------------------------] 21/93
  val   [#########-------------------------------] 22/93
  val   [#########-------------------------------] 23/93
  val   [##########------------------------------] 24/93
  val   [##########------------------------------] 25/93
  val   [###########-----------------------------] 26/93
  val   [###########-----------------------------] 27/93
  val   [############----------------------------] 28/93
  val   [############----------------------------] 29/93
  val   [############----------------------------] 30/93
  val   [#############---------------------------] 31/93
  val   [#############---------------------------] 32/93
  val   [##############--------------------------] 33/93
  val   [##############--------------------------] 34/93
  val   [###############-------------------------] 35/93
  val   [###############-------------------------] 36/93
  val   [###############-------------------------] 37/93
  val   [################------------------------] 38/93
  val   [################------------------------] 39/93
  val   [#################-----------------------] 40/93
  val   [#################-----------------------] 41/93
  val   [##################----------------------] 42/93
  val   [##################----------------------] 43/93
  val   [##################----------------------] 44/93
  val   [###################---------------------] 45/93
  val   [###################---------------------] 46/93
  val   [####################--------------------] 47/93
  val   [####################--------------------] 48/93
  val   [#####################-------------------] 49/93
  val   [#####################-------------------] 50/93
  val   [#####################-------------------] 51/93
  val   [######################------------------] 52/93
  val   [######################------------------] 53/93
  val   [#######################-----------------] 54/93
  val   [#######################-----------------] 55/93
  val   [########################----------------] 56/93
  val   [########################----------------] 57/93
  val   [########################----------------] 58/93
  val   [#########################---------------] 59/93
  val   [#########################---------------] 60/93
  val   [##########################--------------] 61/93
  val   [##########################--------------] 62/93
  val   [###########################-------------] 63/93
  val   [###########################-------------] 64/93
  val   [###########################-------------] 65/93
  val   [############################------------] 66/93
  val   [############################------------] 67/93
  val   [#############################-----------] 68/93
  val   [#############################-----------] 69/93
  val   [##############################----------] 70/93
  val   [##############################----------] 71/93
  val   [##############################----------] 72/93
  val   [###############################---------] 73/93
  val   [###############################---------] 74/93
  val   [################################--------] 75/93
  val   [################################--------] 76/93
  val   [#################################-------] 77/93
  val   [#################################-------] 78/93
  val   [#################################-------] 79/93
  val   [##################################------] 80/93
  val   [##################################------] 81/93
  val   [###################################-----] 82/93
  val   [###################################-----] 83/93
  val   [####################################----] 84/93
  val   [####################################----] 85/93
  val   [####################################----] 86/93
  val   [#####################################---] 87/93
  val   [#####################################---] 88/93
  val   [######################################--] 89/93
  val   [######################################--] 90/93
  val   [#######################################-] 91/93
  val   [#######################################-] 92/93
  val   [########################################] 93/93
Epoch   8 | train_loss=0.0195 | val_loss=0.2791 | val_acc=0.9388
  train [----------------------------------------] 4/444  loss=0.0150
  train [----------------------------------------] 8/444  loss=0.0178
  train [#---------------------------------------] 12/444  loss=0.0189
  train [#---------------------------------------] 16/444  loss=0.0211
  train [#---------------------------------------] 20/444  loss=0.0220
  train [##--------------------------------------] 24/444  loss=0.0205
  train [##--------------------------------------] 28/444  loss=0.0208
  train [##--------------------------------------] 32/444  loss=0.0205
  train [###-------------------------------------] 36/444  loss=0.0205
  train [###-------------------------------------] 40/444  loss=0.0201
  train [###-------------------------------------] 44/444  loss=0.0208
  train [####------------------------------------] 48/444  loss=0.0205
  train [####------------------------------------] 52/444  loss=0.0205
  train [#####-----------------------------------] 56/444  loss=0.0207
  train [#####-----------------------------------] 60/444  loss=0.0210
  train [#####-----------------------------------] 64/444  loss=0.0206
  train [######----------------------------------] 68/444  loss=0.0202
  train [######----------------------------------] 72/444  loss=0.0202
  train [######----------------------------------] 76/444  loss=0.0203
  train [#######---------------------------------] 80/444  loss=0.0197
  train [#######---------------------------------] 84/444  loss=0.0194
  train [#######---------------------------------] 88/444  loss=0.0191
  train [########--------------------------------] 92/444  loss=0.0187
  train [########--------------------------------] 96/444  loss=0.0192
  train [#########-------------------------------] 100/444  loss=0.0189
  train [#########-------------------------------] 104/444  loss=0.0192
  train [#########-------------------------------] 108/444  loss=0.0189
  train [##########------------------------------] 112/444  loss=0.0184
  train [##########------------------------------] 116/444  loss=0.0184
  train [##########------------------------------] 120/444  loss=0.0188
  train [###########-----------------------------] 124/444  loss=0.0190
  train [###########-----------------------------] 128/444  loss=0.0192
  train [###########-----------------------------] 132/444  loss=0.0189
  train [############----------------------------] 136/444  loss=0.0188
  train [############----------------------------] 140/444  loss=0.0185
  train [############----------------------------] 144/444  loss=0.0182
  train [#############---------------------------] 148/444  loss=0.0184
  train [#############---------------------------] 152/444  loss=0.0183
  train [##############--------------------------] 156/444  loss=0.0180
  train [##############--------------------------] 160/444  loss=0.0181
  train [##############--------------------------] 164/444  loss=0.0179
  train [###############-------------------------] 168/444  loss=0.0178
  train [###############-------------------------] 172/444  loss=0.0177
  train [###############-------------------------] 176/444  loss=0.0180
  train [################------------------------] 180/444  loss=0.0180
  train [################------------------------] 184/444  loss=0.0184
  train [################------------------------] 188/444  loss=0.0183
  train [#################-----------------------] 192/444  loss=0.0185
  train [#################-----------------------] 196/444  loss=0.0185
  train [##################----------------------] 200/444  loss=0.0184
  train [##################----------------------] 204/444  loss=0.0185
  train [##################----------------------] 208/444  loss=0.0188
  train [###################---------------------] 212/444  loss=0.0188
  train [###################---------------------] 216/444  loss=0.0187
  train [###################---------------------] 220/444  loss=0.0187
  train [####################--------------------] 224/444  loss=0.0186
  train [####################--------------------] 228/444  loss=0.0190
  train [####################--------------------] 232/444  loss=0.0191
  train [#####################-------------------] 236/444  loss=0.0190
  train [#####################-------------------] 240/444  loss=0.0191
  train [#####################-------------------] 244/444  loss=0.0190
  train [######################------------------] 248/444  loss=0.0189
  train [######################------------------] 252/444  loss=0.0189
  train [#######################-----------------] 256/444  loss=0.0188
  train [#######################-----------------] 260/444  loss=0.0191
  train [#######################-----------------] 264/444  loss=0.0189
  train [########################----------------] 268/444  loss=0.0189
  train [########################----------------] 272/444  loss=0.0189
  train [########################----------------] 276/444  loss=0.0188
  train [#########################---------------] 280/444  loss=0.0187
  train [#########################---------------] 284/444  loss=0.0188
  train [#########################---------------] 288/444  loss=0.0188
  train [##########################--------------] 292/444  loss=0.0188
  train [##########################--------------] 296/444  loss=0.0188
  train [###########################-------------] 300/444  loss=0.0187
  train [###########################-------------] 304/444  loss=0.0188
  train [###########################-------------] 308/444  loss=0.0189
  train [############################------------] 312/444  loss=0.0192
  train [############################------------] 316/444  loss=0.0191
  train [############################------------] 320/444  loss=0.0191
  train [#############################-----------] 324/444  loss=0.0190
  train [#############################-----------] 328/444  loss=0.0191
  train [#############################-----------] 332/444  loss=0.0190
  train [##############################----------] 336/444  loss=0.0190
  train [##############################----------] 340/444  loss=0.0191
  train [##############################----------] 344/444  loss=0.0192
  train [###############################---------] 348/444  loss=0.0192
  train [###############################---------] 352/444  loss=0.0192
  train [################################--------] 356/444  loss=0.0192
  train [################################--------] 360/444  loss=0.0192
  train [################################--------] 364/444  loss=0.0195
  train [#################################-------] 368/444  loss=0.0196
  train [#################################-------] 372/444  loss=0.0199
  train [#################################-------] 376/444  loss=0.0208
  train [##################################------] 380/444  loss=0.0208
  train [##################################------] 384/444  loss=0.0210
  train [##################################------] 388/444  loss=0.0210
  train [###################################-----] 392/444  loss=0.0210
  train [###################################-----] 396/444  loss=0.0212
  train [####################################----] 400/444  loss=0.0217
  train [####################################----] 404/444  loss=0.0217
  train [####################################----] 408/444  loss=0.0221
  train [#####################################---] 412/444  loss=0.0222
  train [#####################################---] 416/444  loss=0.0225
  train [#####################################---] 420/444  loss=0.0226
  train [######################################--] 424/444  loss=0.0227
  train [######################################--] 428/444  loss=0.0227
  train [######################################--] 432/444  loss=0.0227
  train [#######################################-] 436/444  loss=0.0226
  train [#######################################-] 440/444  loss=0.0227
  train [########################################] 444/444  loss=0.0226
  val   [----------------------------------------] 1/93
  val   [----------------------------------------] 2/93
  val   [#---------------------------------------] 3/93
  val   [#---------------------------------------] 4/93
  val   [##--------------------------------------] 5/93
  val   [##--------------------------------------] 6/93
  val   [###-------------------------------------] 7/93
  val   [###-------------------------------------] 8/93
  val   [###-------------------------------------] 9/93
  val   [####------------------------------------] 10/93
  val   [####------------------------------------] 11/93
  val   [#####-----------------------------------] 12/93
  val   [#####-----------------------------------] 13/93
  val   [######----------------------------------] 14/93
  val   [######----------------------------------] 15/93
  val   [######----------------------------------] 16/93
  val   [#######---------------------------------] 17/93
  val   [#######---------------------------------] 18/93
  val   [########--------------------------------] 19/93
  val   [########--------------------------------] 20/93
  val   [#########-------------------------------] 21/93
  val   [#########-------------------------------] 22/93
  val   [#########-------------------------------] 23/93
  val   [##########------------------------------] 24/93
  val   [##########------------------------------] 25/93
  val   [###########-----------------------------] 26/93
  val   [###########-----------------------------] 27/93
  val   [############----------------------------] 28/93
  val   [############----------------------------] 29/93
  val   [############----------------------------] 30/93
  val   [#############---------------------------] 31/93
  val   [#############---------------------------] 32/93
  val   [##############--------------------------] 33/93
  val   [##############--------------------------] 34/93
  val   [###############-------------------------] 35/93
  val   [###############-------------------------] 36/93
  val   [###############-------------------------] 37/93
  val   [################------------------------] 38/93
  val   [################------------------------] 39/93
  val   [#################-----------------------] 40/93
  val   [#################-----------------------] 41/93
  val   [##################----------------------] 42/93
  val   [##################----------------------] 43/93
  val   [##################----------------------] 44/93
  val   [###################---------------------] 45/93
  val   [###################---------------------] 46/93
  val   [####################--------------------] 47/93
  val   [####################--------------------] 48/93
  val   [#####################-------------------] 49/93
  val   [#####################-------------------] 50/93
  val   [#####################-------------------] 51/93
  val   [######################------------------] 52/93
  val   [######################------------------] 53/93
  val   [#######################-----------------] 54/93
  val   [#######################-----------------] 55/93
  val   [########################----------------] 56/93
  val   [########################----------------] 57/93
  val   [########################----------------] 58/93
  val   [#########################---------------] 59/93
  val   [#########################---------------] 60/93
  val   [##########################--------------] 61/93
  val   [##########################--------------] 62/93
  val   [###########################-------------] 63/93
  val   [###########################-------------] 64/93
  val   [###########################-------------] 65/93
  val   [############################------------] 66/93
  val   [############################------------] 67/93
  val   [#############################-----------] 68/93
  val   [#############################-----------] 69/93
  val   [##############################----------] 70/93
  val   [##############################----------] 71/93
  val   [##############################----------] 72/93
  val   [###############################---------] 73/93
  val   [###############################---------] 74/93
  val   [################################--------] 75/93
  val   [################################--------] 76/93
  val   [#################################-------] 77/93
  val   [#################################-------] 78/93
  val   [#################################-------] 79/93
  val   [##################################------] 80/93
  val   [##################################------] 81/93
  val   [###################################-----] 82/93
  val   [###################################-----] 83/93
  val   [####################################----] 84/93
  val   [####################################----] 85/93
  val   [####################################----] 86/93
  val   [#####################################---] 87/93
  val   [#####################################---] 88/93
  val   [######################################--] 89/93
  val   [######################################--] 90/93
  val   [#######################################-] 91/93
  val   [#######################################-] 92/93
  val   [########################################] 93/93
Epoch   9 | train_loss=0.0227 | val_loss=0.2617 | val_acc=0.9447
  train [----------------------------------------] 4/444  loss=0.0107
  train [----------------------------------------] 8/444  loss=0.0163
  train [#---------------------------------------] 12/444  loss=0.0167
  train [#---------------------------------------] 16/444  loss=0.0224
  train [#---------------------------------------] 20/444  loss=0.0197
  train [##--------------------------------------] 24/444  loss=0.0185
  train [##--------------------------------------] 28/444  loss=0.0182
  train [##--------------------------------------] 32/444  loss=0.0212
  train [###-------------------------------------] 36/444  loss=0.0222
  train [###-------------------------------------] 40/444  loss=0.0215
  train [###-------------------------------------] 44/444  loss=0.0216
  train [####------------------------------------] 48/444  loss=0.0209
  train [####------------------------------------] 52/444  loss=0.0223
  train [#####-----------------------------------] 56/444  loss=0.0216
  train [#####-----------------------------------] 60/444  loss=0.0214
  train [#####-----------------------------------] 64/444  loss=0.0229
  train [######----------------------------------] 68/444  loss=0.0221
  train [######----------------------------------] 72/444  loss=0.0221
  train [######----------------------------------] 76/444  loss=0.0222
  train [#######---------------------------------] 80/444  loss=0.0220
  train [#######---------------------------------] 84/444  loss=0.0214
  train [#######---------------------------------] 88/444  loss=0.0217
  train [########--------------------------------] 92/444  loss=0.0212
  train [########--------------------------------] 96/444  loss=0.0211
  train [#########-------------------------------] 100/444  loss=0.0228
  train [#########-------------------------------] 104/444  loss=0.0233
  train [#########-------------------------------] 108/444  loss=0.0229
  train [##########------------------------------] 112/444  loss=0.0244
  train [##########------------------------------] 116/444  loss=0.0251
  train [##########------------------------------] 120/444  loss=0.0251
  train [###########-----------------------------] 124/444  loss=0.0266
  train [###########-----------------------------] 128/444  loss=0.0276
  train [###########-----------------------------] 132/444  loss=0.0285
  train [############----------------------------] 136/444  loss=0.0282
  train [############----------------------------] 140/444  loss=0.0284
  train [############----------------------------] 144/444  loss=0.0294
  train [#############---------------------------] 148/444  loss=0.0294
  train [#############---------------------------] 152/444  loss=0.0298
  train [##############--------------------------] 156/444  loss=0.0299
  train [##############--------------------------] 160/444  loss=0.0301
  train [##############--------------------------] 164/444  loss=0.0300
  train [###############-------------------------] 168/444  loss=0.0299
  train [###############-------------------------] 172/444  loss=0.0298
  train [###############-------------------------] 176/444  loss=0.0301
  train [################------------------------] 180/444  loss=0.0300
  train [################------------------------] 184/444  loss=0.0300
  train [################------------------------] 188/444  loss=0.0297
  train [#################-----------------------] 192/444  loss=0.0295
  train [#################-----------------------] 196/444  loss=0.0302
  train [##################----------------------] 200/444  loss=0.0300
  train [##################----------------------] 204/444  loss=0.0300
  train [##################----------------------] 208/444  loss=0.0303
  train [###################---------------------] 212/444  loss=0.0299
  train [###################---------------------] 216/444  loss=0.0301
  train [###################---------------------] 220/444  loss=0.0300
  train [####################--------------------] 224/444  loss=0.0298
  train [####################--------------------] 228/444  loss=0.0296
  train [####################--------------------] 232/444  loss=0.0294
  train [#####################-------------------] 236/444  loss=0.0292
  train [#####################-------------------] 240/444  loss=0.0292
  train [#####################-------------------] 244/444  loss=0.0289
  train [######################------------------] 248/444  loss=0.0287
  train [######################------------------] 252/444  loss=0.0285
  train [#######################-----------------] 256/444  loss=0.0283
  train [#######################-----------------] 260/444  loss=0.0286
  train [#######################-----------------] 264/444  loss=0.0284
  train [########################----------------] 268/444  loss=0.0283
  train [########################----------------] 272/444  loss=0.0282
  train [########################----------------] 276/444  loss=0.0283
  train [#########################---------------] 280/444  loss=0.0285
  train [#########################---------------] 284/444  loss=0.0283
  train [#########################---------------] 288/444  loss=0.0284
  train [##########################--------------] 292/444  loss=0.0283
  train [##########################--------------] 296/444  loss=0.0282
  train [###########################-------------] 300/444  loss=0.0280
  train [###########################-------------] 304/444  loss=0.0281
  train [###########################-------------] 308/444  loss=0.0279
  train [############################------------] 312/444  loss=0.0283
  train [############################------------] 316/444  loss=0.0282
  train [############################------------] 320/444  loss=0.0281
  train [#############################-----------] 324/444  loss=0.0287
  train [#############################-----------] 328/444  loss=0.0289
  train [#############################-----------] 332/444  loss=0.0288
  train [##############################----------] 336/444  loss=0.0290
  train [##############################----------] 340/444  loss=0.0288
  train [##############################----------] 344/444  loss=0.0285
  train [###############################---------] 348/444  loss=0.0284
  train [###############################---------] 352/444  loss=0.0283
  train [################################--------] 356/444  loss=0.0282
  train [################################--------] 360/444  loss=0.0281
  train [################################--------] 364/444  loss=0.0279
  train [#################################-------] 368/444  loss=0.0280
  train [#################################-------] 372/444  loss=0.0279
  train [#################################-------] 376/444  loss=0.0278
  train [##################################------] 380/444  loss=0.0276
  train [##################################------] 384/444  loss=0.0277
  train [##################################------] 388/444  loss=0.0276
  train [###################################-----] 392/444  loss=0.0274
  train [###################################-----] 396/444  loss=0.0275
  train [####################################----] 400/444  loss=0.0273
  train [####################################----] 404/444  loss=0.0272
  train [####################################----] 408/444  loss=0.0271
  train [#####################################---] 412/444  loss=0.0271
  train [#####################################---] 416/444  loss=0.0270
  train [#####################################---] 420/444  loss=0.0272
  train [######################################--] 424/444  loss=0.0272
  train [######################################--] 428/444  loss=0.0271
  train [######################################--] 432/444  loss=0.0271
  train [#######################################-] 436/444  loss=0.0270
  train [#######################################-] 440/444  loss=0.0272
  train [########################################] 444/444  loss=0.0271
  val   [----------------------------------------] 1/93
  val   [----------------------------------------] 2/93
  val   [#---------------------------------------] 3/93
  val   [#---------------------------------------] 4/93
  val   [##--------------------------------------] 5/93
  val   [##--------------------------------------] 6/93
  val   [###-------------------------------------] 7/93
  val   [###-------------------------------------] 8/93
  val   [###-------------------------------------] 9/93
  val   [####------------------------------------] 10/93
  val   [####------------------------------------] 11/93
  val   [#####-----------------------------------] 12/93
  val   [#####-----------------------------------] 13/93
  val   [######----------------------------------] 14/93
  val   [######----------------------------------] 15/93
  val   [######----------------------------------] 16/93
  val   [#######---------------------------------] 17/93
  val   [#######---------------------------------] 18/93
  val   [########--------------------------------] 19/93
  val   [########--------------------------------] 20/93
  val   [#########-------------------------------] 21/93
  val   [#########-------------------------------] 22/93
  val   [#########-------------------------------] 23/93
  val   [##########------------------------------] 24/93
  val   [##########------------------------------] 25/93
  val   [###########-----------------------------] 26/93
  val   [###########-----------------------------] 27/93
  val   [############----------------------------] 28/93
  val   [############----------------------------] 29/93
  val   [############----------------------------] 30/93
  val   [#############---------------------------] 31/93
  val   [#############---------------------------] 32/93
  val   [##############--------------------------] 33/93
  val   [##############--------------------------] 34/93
  val   [###############-------------------------] 35/93
  val   [###############-------------------------] 36/93
  val   [###############-------------------------] 37/93
  val   [################------------------------] 38/93
  val   [################------------------------] 39/93
  val   [#################-----------------------] 40/93
  val   [#################-----------------------] 41/93
  val   [##################----------------------] 42/93
  val   [##################----------------------] 43/93
  val   [##################----------------------] 44/93
  val   [###################---------------------] 45/93
  val   [###################---------------------] 46/93
  val   [####################--------------------] 47/93
  val   [####################--------------------] 48/93
  val   [#####################-------------------] 49/93
  val   [#####################-------------------] 50/93
  val   [#####################-------------------] 51/93
  val   [######################------------------] 52/93
  val   [######################------------------] 53/93
  val   [#######################-----------------] 54/93
  val   [#######################-----------------] 55/93
  val   [########################----------------] 56/93
  val   [########################----------------] 57/93
  val   [########################----------------] 58/93
  val   [#########################---------------] 59/93
  val   [#########################---------------] 60/93
  val   [##########################--------------] 61/93
  val   [##########################--------------] 62/93
  val   [###########################-------------] 63/93
  val   [###########################-------------] 64/93
  val   [###########################-------------] 65/93
  val   [############################------------] 66/93
  val   [############################------------] 67/93
  val   [#############################-----------] 68/93
  val   [#############################-----------] 69/93
  val   [##############################----------] 70/93
  val   [##############################----------] 71/93
  val   [##############################----------] 72/93
  val   [###############################---------] 73/93
  val   [###############################---------] 74/93
  val   [################################--------] 75/93
  val   [################################--------] 76/93
  val   [#################################-------] 77/93
  val   [#################################-------] 78/93
  val   [#################################-------] 79/93
  val   [##################################------] 80/93
  val   [##################################------] 81/93
  val   [###################################-----] 82/93
  val   [###################################-----] 83/93
  val   [####################################----] 84/93
  val   [####################################----] 85/93
  val   [####################################----] 86/93
  val   [#####################################---] 87/93
  val   [#####################################---] 88/93
  val   [######################################--] 89/93
  val   [######################################--] 90/93
  val   [#######################################-] 91/93
  val   [#######################################-] 92/93
  val   [########################################] 93/93
Epoch  10 | train_loss=0.0271 | val_loss=0.2854 | val_acc=0.9376
  train [----------------------------------------] 4/444  loss=0.0303
  train [----------------------------------------] 8/444  loss=0.0384
  train [#---------------------------------------] 12/444  loss=0.0352
  train [#---------------------------------------] 16/444  loss=0.0330
  train [#---------------------------------------] 20/444  loss=0.0367
  train [##--------------------------------------] 24/444  loss=0.0325
  train [##--------------------------------------] 28/444  loss=0.0307
  train [##--------------------------------------] 32/444  loss=0.0288
  train [###-------------------------------------] 36/444  loss=0.0284
  train [###-------------------------------------] 40/444  loss=0.0267
  train [###-------------------------------------] 44/444  loss=0.0319
  train [####------------------------------------] 48/444  loss=0.0303
  train [####------------------------------------] 52/444  loss=0.0309
  train [#####-----------------------------------] 56/444  loss=0.0328
  train [#####-----------------------------------] 60/444  loss=0.0329
  train [#####-----------------------------------] 64/444  loss=0.0324
  train [######----------------------------------] 68/444  loss=0.0324
  train [######----------------------------------] 72/444  loss=0.0383
  train [######----------------------------------] 76/444  loss=0.0393
  train [#######---------------------------------] 80/444  loss=0.0403
  train [#######---------------------------------] 84/444  loss=0.0401
  train [#######---------------------------------] 88/444  loss=0.0412
  train [########--------------------------------] 92/444  loss=0.0415
  train [########--------------------------------] 96/444  loss=0.0416
  train [#########-------------------------------] 100/444  loss=0.0416
  train [#########-------------------------------] 104/444  loss=0.0419
  train [#########-------------------------------] 108/444  loss=0.0412
  train [##########------------------------------] 112/444  loss=0.0404
  train [##########------------------------------] 116/444  loss=0.0402
  train [##########------------------------------] 120/444  loss=0.0398
  train [###########-----------------------------] 124/444  loss=0.0400
  train [###########-----------------------------] 128/444  loss=0.0394
  train [###########-----------------------------] 132/444  loss=0.0388
  train [############----------------------------] 136/444  loss=0.0381
  train [############----------------------------] 140/444  loss=0.0373
  train [############----------------------------] 144/444  loss=0.0368
  train [#############---------------------------] 148/444  loss=0.0364
  train [#############---------------------------] 152/444  loss=0.0359
  train [##############--------------------------] 156/444  loss=0.0354
  train [##############--------------------------] 160/444  loss=0.0349
  train [##############--------------------------] 164/444  loss=0.0343
  train [###############-------------------------] 168/444  loss=0.0338
  train [###############-------------------------] 172/444  loss=0.0332
  train [###############-------------------------] 176/444  loss=0.0329
  train [################------------------------] 180/444  loss=0.0328
  train [################------------------------] 184/444  loss=0.0325
  train [################------------------------] 188/444  loss=0.0319
  train [#################-----------------------] 192/444  loss=0.0317
  train [#################-----------------------] 196/444  loss=0.0312
  train [##################----------------------] 200/444  loss=0.0309
  train [##################----------------------] 204/444  loss=0.0308
  train [##################----------------------] 208/444  loss=0.0305
  train [###################---------------------] 212/444  loss=0.0303
  train [###################---------------------] 216/444  loss=0.0302
  train [###################---------------------] 220/444  loss=0.0302
  train [####################--------------------] 224/444  loss=0.0303
  train [####################--------------------] 228/444  loss=0.0302
  train [####################--------------------] 232/444  loss=0.0299
  train [#####################-------------------] 236/444  loss=0.0296
  train [#####################-------------------] 240/444  loss=0.0297
  train [#####################-------------------] 244/444  loss=0.0296
  train [######################------------------] 248/444  loss=0.0293
  train [######################------------------] 252/444  loss=0.0292
  train [#######################-----------------] 256/444  loss=0.0289
  train [#######################-----------------] 260/444  loss=0.0289
  train [#######################-----------------] 264/444  loss=0.0288
  train [########################----------------] 268/444  loss=0.0288
  train [########################----------------] 272/444  loss=0.0286
  train [########################----------------] 276/444  loss=0.0287
  train [#########################---------------] 280/444  loss=0.0285
  train [#########################---------------] 284/444  loss=0.0282
  train [#########################---------------] 288/444  loss=0.0281
  train [##########################--------------] 292/444  loss=0.0279
  train [##########################--------------] 296/444  loss=0.0277
  train [###########################-------------] 300/444  loss=0.0278
  train [###########################-------------] 304/444  loss=0.0276
  train [###########################-------------] 308/444  loss=0.0277
  train [############################------------] 312/444  loss=0.0278
  train [############################------------] 316/444  loss=0.0276
  train [############################------------] 320/444  loss=0.0274
  train [#############################-----------] 324/444  loss=0.0272
  train [#############################-----------] 328/444  loss=0.0270
  train [#############################-----------] 332/444  loss=0.0268
  train [##############################----------] 336/444  loss=0.0267
  train [##############################----------] 340/444  loss=0.0267
  train [##############################----------] 344/444  loss=0.0267
  train [###############################---------] 348/444  loss=0.0267
  train [###############################---------] 352/444  loss=0.0266
  train [################################--------] 356/444  loss=0.0265
  train [################################--------] 360/444  loss=0.0266
  train [################################--------] 364/444  loss=0.0264
  train [#################################-------] 368/444  loss=0.0264
  train [#################################-------] 372/444  loss=0.0262
  train [#################################-------] 376/444  loss=0.0260
  train [##################################------] 380/444  loss=0.0259
  train [##################################------] 384/444  loss=0.0257
  train [##################################------] 388/444  loss=0.0257
  train [###################################-----] 392/444  loss=0.0256
  train [###################################-----] 396/444  loss=0.0255
  train [####################################----] 400/444  loss=0.0254
  train [####################################----] 404/444  loss=0.0254
  train [####################################----] 408/444  loss=0.0253
  train [#####################################---] 412/444  loss=0.0253
  train [#####################################---] 416/444  loss=0.0253
  train [#####################################---] 420/444  loss=0.0252
  train [######################################--] 424/444  loss=0.0253
  train [######################################--] 428/444  loss=0.0253
  train [######################################--] 432/444  loss=0.0254
  train [#######################################-] 436/444  loss=0.0252
  train [#######################################-] 440/444  loss=0.0251
  train [########################################] 444/444  loss=0.0249
  val   [----------------------------------------] 1/93
  val   [----------------------------------------] 2/93
  val   [#---------------------------------------] 3/93
  val   [#---------------------------------------] 4/93
  val   [##--------------------------------------] 5/93
  val   [##--------------------------------------] 6/93
  val   [###-------------------------------------] 7/93
  val   [###-------------------------------------] 8/93
  val   [###-------------------------------------] 9/93
  val   [####------------------------------------] 10/93
  val   [####------------------------------------] 11/93
  val   [#####-----------------------------------] 12/93
  val   [#####-----------------------------------] 13/93
  val   [######----------------------------------] 14/93
  val   [######----------------------------------] 15/93
  val   [######----------------------------------] 16/93
  val   [#######---------------------------------] 17/93
  val   [#######---------------------------------] 18/93
  val   [########--------------------------------] 19/93
  val   [########--------------------------------] 20/93
  val   [#########-------------------------------] 21/93
  val   [#########-------------------------------] 22/93
  val   [#########-------------------------------] 23/93
  val   [##########------------------------------] 24/93
  val   [##########------------------------------] 25/93
  val   [###########-----------------------------] 26/93
  val   [###########-----------------------------] 27/93
  val   [############----------------------------] 28/93
  val   [############----------------------------] 29/93
  val   [############----------------------------] 30/93
  val   [#############---------------------------] 31/93
  val   [#############---------------------------] 32/93
  val   [##############--------------------------] 33/93
  val   [##############--------------------------] 34/93
  val   [###############-------------------------] 35/93
  val   [###############-------------------------] 36/93
  val   [###############-------------------------] 37/93
  val   [################------------------------] 38/93
  val   [################------------------------] 39/93
  val   [#################-----------------------] 40/93
  val   [#################-----------------------] 41/93
  val   [##################----------------------] 42/93
  val   [##################----------------------] 43/93
  val   [##################----------------------] 44/93
  val   [###################---------------------] 45/93
  val   [###################---------------------] 46/93
  val   [####################--------------------] 47/93
  val   [####################--------------------] 48/93
  val   [#####################-------------------] 49/93
  val   [#####################-------------------] 50/93
  val   [#####################-------------------] 51/93
  val   [######################------------------] 52/93
  val   [######################------------------] 53/93
  val   [#######################-----------------] 54/93
  val   [#######################-----------------] 55/93
  val   [########################----------------] 56/93
  val   [########################----------------] 57/93
  val   [########################----------------] 58/93
  val   [#########################---------------] 59/93
  val   [#########################---------------] 60/93
  val   [##########################--------------] 61/93
  val   [##########################--------------] 62/93
  val   [###########################-------------] 63/93
  val   [###########################-------------] 64/93
  val   [###########################-------------] 65/93
  val   [############################------------] 66/93
  val   [############################------------] 67/93
  val   [#############################-----------] 68/93
  val   [#############################-----------] 69/93
  val   [##############################----------] 70/93
  val   [##############################----------] 71/93
  val   [##############################----------] 72/93
  val   [###############################---------] 73/93
  val   [###############################---------] 74/93
  val   [################################--------] 75/93
  val   [################################--------] 76/93
  val   [#################################-------] 77/93
  val   [#################################-------] 78/93
  val   [#################################-------] 79/93
  val   [##################################------] 80/93
  val   [##################################------] 81/93
  val   [###################################-----] 82/93
  val   [###################################-----] 83/93
  val   [####################################----] 84/93
  val   [####################################----] 85/93
  val   [####################################----] 86/93
  val   [#####################################---] 87/93
  val   [#####################################---] 88/93
  val   [######################################--] 89/93
  val   [######################################--] 90/93
  val   [#######################################-] 91/93
  val   [#######################################-] 92/93
  val   [########################################] 93/93
Epoch  11 | train_loss=0.0249 | val_loss=0.2718 | val_acc=0.9435
  train [----------------------------------------] 4/444  loss=0.0103
  train [----------------------------------------] 8/444  loss=0.0076
  train [#---------------------------------------] 12/444  loss=0.0077
  train [#---------------------------------------] 16/444  loss=0.0081
  train [#---------------------------------------] 20/444  loss=0.0076
  train [##--------------------------------------] 24/444  loss=0.0072
  train [##--------------------------------------] 28/444  loss=0.0072
  train [##--------------------------------------] 32/444  loss=0.0072
  train [###-------------------------------------] 36/444  loss=0.0070
  train [###-------------------------------------] 40/444  loss=0.0072
  train [###-------------------------------------] 44/444  loss=0.0070
  train [####------------------------------------] 48/444  loss=0.0072
  train [####------------------------------------] 52/444  loss=0.0071
  train [#####-----------------------------------] 56/444  loss=0.0072
  train [#####-----------------------------------] 60/444  loss=0.0071
  train [#####-----------------------------------] 64/444  loss=0.0073
  train [######----------------------------------] 68/444  loss=0.0071
  train [######----------------------------------] 72/444  loss=0.0072
  train [######----------------------------------] 76/444  loss=0.0070
  train [#######---------------------------------] 80/444  loss=0.0068
  train [#######---------------------------------] 84/444  loss=0.0067
  train [#######---------------------------------] 88/444  loss=0.0072
  train [########--------------------------------] 92/444  loss=0.0076
  train [########--------------------------------] 96/444  loss=0.0079
  train [#########-------------------------------] 100/444  loss=0.0078
  train [#########-------------------------------] 104/444  loss=0.0078
  train [#########-------------------------------] 108/444  loss=0.0082
  train [##########------------------------------] 112/444  loss=0.0083
  train [##########------------------------------] 116/444  loss=0.0098
  train [##########------------------------------] 120/444  loss=0.0098
  train [###########-----------------------------] 124/444  loss=0.0097
  train [###########-----------------------------] 128/444  loss=0.0100
  train [###########-----------------------------] 132/444  loss=0.0099
  train [############----------------------------] 136/444  loss=0.0099
  train [############----------------------------] 140/444  loss=0.0098
  train [############----------------------------] 144/444  loss=0.0097
  train [#############---------------------------] 148/444  loss=0.0096
  train [#############---------------------------] 152/444  loss=0.0095
  train [##############--------------------------] 156/444  loss=0.0096
  train [##############--------------------------] 160/444  loss=0.0095
  train [##############--------------------------] 164/444  loss=0.0094
  train [###############-------------------------] 168/444  loss=0.0094
  train [###############-------------------------] 172/444  loss=0.0094
  train [###############-------------------------] 176/444  loss=0.0093
  train [################------------------------] 180/444  loss=0.0092
  train [################------------------------] 184/444  loss=0.0093
  train [################------------------------] 188/444  loss=0.0092
  train [#################-----------------------] 192/444  loss=0.0092
  train [#################-----------------------] 196/444  loss=0.0092
  train [##################----------------------] 200/444  loss=0.0092
  train [##################----------------------] 204/444  loss=0.0091
  train [##################----------------------] 208/444  loss=0.0091
  train [###################---------------------] 212/444  loss=0.0090
  train [###################---------------------] 216/444  loss=0.0089
  train [###################---------------------] 220/444  loss=0.0089
  train [####################--------------------] 224/444  loss=0.0092
  train [####################--------------------] 228/444  loss=0.0091
  train [####################--------------------] 232/444  loss=0.0092
  train [#####################-------------------] 236/444  loss=0.0091
  train [#####################-------------------] 240/444  loss=0.0091
  train [#####################-------------------] 244/444  loss=0.0090
  train [######################------------------] 248/444  loss=0.0091
  train [######################------------------] 252/444  loss=0.0090
  train [#######################-----------------] 256/444  loss=0.0090
  train [#######################-----------------] 260/444  loss=0.0090
  train [#######################-----------------] 264/444  loss=0.0089
  train [########################----------------] 268/444  loss=0.0089
  train [########################----------------] 272/444  loss=0.0088
  train [########################----------------] 276/444  loss=0.0088
  train [#########################---------------] 280/444  loss=0.0088
  train [#########################---------------] 284/444  loss=0.0088
  train [#########################---------------] 288/444  loss=0.0087
  train [##########################--------------] 292/444  loss=0.0088
  train [##########################--------------] 296/444  loss=0.0087
  train [###########################-------------] 300/444  loss=0.0087
  train [###########################-------------] 304/444  loss=0.0087
  train [###########################-------------] 308/444  loss=0.0087
  train [############################------------] 312/444  loss=0.0086
  train [############################------------] 316/444  loss=0.0086
  train [############################------------] 320/444  loss=0.0087
  train [#############################-----------] 324/444  loss=0.0089
  train [#############################-----------] 328/444  loss=0.0089
  train [#############################-----------] 332/444  loss=0.0091
  train [##############################----------] 336/444  loss=0.0090
  train [##############################----------] 340/444  loss=0.0091
  train [##############################----------] 344/444  loss=0.0090
  train [###############################---------] 348/444  loss=0.0090
  train [###############################---------] 352/444  loss=0.0090
  train [################################--------] 356/444  loss=0.0090
  train [################################--------] 360/444  loss=0.0090
  train [################################--------] 364/444  loss=0.0090
  train [#################################-------] 368/444  loss=0.0090
  train [#################################-------] 372/444  loss=0.0089
  train [#################################-------] 376/444  loss=0.0090
  train [##################################------] 380/444  loss=0.0091
  train [##################################------] 384/444  loss=0.0091
  train [##################################------] 388/444  loss=0.0093
  train [###################################-----] 392/444  loss=0.0094
  train [###################################-----] 396/444  loss=0.0093
  train [####################################----] 400/444  loss=0.0094
  train [####################################----] 404/444  loss=0.0093
  train [####################################----] 408/444  loss=0.0093
  train [#####################################---] 412/444  loss=0.0093
  train [#####################################---] 416/444  loss=0.0093
  train [#####################################---] 420/444  loss=0.0094
  train [######################################--] 424/444  loss=0.0094
  train [######################################--] 428/444  loss=0.0093
  train [######################################--] 432/444  loss=0.0094
  train [#######################################-] 436/444  loss=0.0093
  train [#######################################-] 440/444  loss=0.0093
  train [########################################] 444/444  loss=0.0093
  val   [----------------------------------------] 1/93
  val   [----------------------------------------] 2/93
  val   [#---------------------------------------] 3/93
  val   [#---------------------------------------] 4/93
  val   [##--------------------------------------] 5/93
  val   [##--------------------------------------] 6/93
  val   [###-------------------------------------] 7/93
  val   [###-------------------------------------] 8/93
  val   [###-------------------------------------] 9/93
  val   [####------------------------------------] 10/93
  val   [####------------------------------------] 11/93
  val   [#####-----------------------------------] 12/93
  val   [#####-----------------------------------] 13/93
  val   [######----------------------------------] 14/93
  val   [######----------------------------------] 15/93
  val   [######----------------------------------] 16/93
  val   [#######---------------------------------] 17/93
  val   [#######---------------------------------] 18/93
  val   [########--------------------------------] 19/93
  val   [########--------------------------------] 20/93
  val   [#########-------------------------------] 21/93
  val   [#########-------------------------------] 22/93
  val   [#########-------------------------------] 23/93
  val   [##########------------------------------] 24/93
  val   [##########------------------------------] 25/93
  val   [###########-----------------------------] 26/93
  val   [###########-----------------------------] 27/93
  val   [############----------------------------] 28/93
  val   [############----------------------------] 29/93
  val   [############----------------------------] 30/93
  val   [#############---------------------------] 31/93
  val   [#############---------------------------] 32/93
  val   [##############--------------------------] 33/93
  val   [##############--------------------------] 34/93
  val   [###############-------------------------] 35/93
  val   [###############-------------------------] 36/93
  val   [###############-------------------------] 37/93
  val   [################------------------------] 38/93
  val   [################------------------------] 39/93
  val   [#################-----------------------] 40/93
  val   [#################-----------------------] 41/93
  val   [##################----------------------] 42/93
  val   [##################----------------------] 43/93
  val   [##################----------------------] 44/93
  val   [###################---------------------] 45/93
  val   [###################---------------------] 46/93
  val   [####################--------------------] 47/93
  val   [####################--------------------] 48/93
  val   [#####################-------------------] 49/93
  val   [#####################-------------------] 50/93
  val   [#####################-------------------] 51/93
  val   [######################------------------] 52/93
  val   [######################------------------] 53/93
  val   [#######################-----------------] 54/93
  val   [#######################-----------------] 55/93
  val   [########################----------------] 56/93
  val   [########################----------------] 57/93
  val   [########################----------------] 58/93
  val   [#########################---------------] 59/93
  val   [#########################---------------] 60/93
  val   [##########################--------------] 61/93
  val   [##########################--------------] 62/93
  val   [###########################-------------] 63/93
  val   [###########################-------------] 64/93
  val   [###########################-------------] 65/93
  val   [############################------------] 66/93
  val   [############################------------] 67/93
  val   [#############################-----------] 68/93
  val   [#############################-----------] 69/93
  val   [##############################----------] 70/93
  val   [##############################----------] 71/93
  val   [##############################----------] 72/93
  val   [###############################---------] 73/93
  val   [###############################---------] 74/93
  val   [################################--------] 75/93
  val   [################################--------] 76/93
  val   [#################################-------] 77/93
  val   [#################################-------] 78/93
  val   [#################################-------] 79/93
  val   [##################################------] 80/93
  val   [##################################------] 81/93
  val   [###################################-----] 82/93
  val   [###################################-----] 83/93
  val   [####################################----] 84/93
  val   [####################################----] 85/93
  val   [####################################----] 86/93
  val   [#####################################---] 87/93
  val   [#####################################---] 88/93
  val   [######################################--] 89/93
  val   [######################################--] 90/93
  val   [#######################################-] 91/93
  val   [#######################################-] 92/93
  val   [########################################] 93/93
Epoch  12 | train_loss=0.0093 | val_loss=0.2584 | val_acc=0.9457
Early stopping at epoch 12 (no improvement for 5 epochs)

Done. Results in /zfsstore/courses/2025-2026/4343MMEBX/Group6/results/late_fusion_bioclip/
Warning: You are sending unauthenticated requests to the HF Hub. Please set a HF_TOKEN to enable higher rate limits and faster downloads.
WARNING:huggingface_hub.utils._http:Warning: You are sending unauthenticated requests to the HF Hub. Please set a HF_TOKEN to enable higher rate limits and faster downloads.
Loading datasets...
Classes: 317, total samples: 40902
Discarded 247 species (1087 records) below MIN_GBIFIDS=10
Building model and loading best.pt...
Running inference on test set...
  inference [----------------------------------------] 1/104
  inference [----------------------------------------] 2/104
  inference [#---------------------------------------] 3/104
  inference [#---------------------------------------] 4/104
  inference [#---------------------------------------] 5/104
  inference [##--------------------------------------] 6/104
  inference [##--------------------------------------] 7/104
  inference [###-------------------------------------] 8/104
  inference [###-------------------------------------] 9/104
  inference [###-------------------------------------] 10/104
  inference [####------------------------------------] 11/104
  inference [####------------------------------------] 12/104
  inference [#####-----------------------------------] 13/104
  inference [#####-----------------------------------] 14/104
  inference [#####-----------------------------------] 15/104
  inference [######----------------------------------] 16/104
  inference [######----------------------------------] 17/104
  inference [######----------------------------------] 18/104
  inference [#######---------------------------------] 19/104
  inference [#######---------------------------------] 20/104
  inference [########--------------------------------] 21/104
  inference [########--------------------------------] 22/104
  inference [########--------------------------------] 23/104
  inference [#########-------------------------------] 24/104
  inference [#########-------------------------------] 25/104
  inference [##########------------------------------] 26/104
  inference [##########------------------------------] 27/104
  inference [##########------------------------------] 28/104
  inference [###########-----------------------------] 29/104
  inference [###########-----------------------------] 30/104
  inference [###########-----------------------------] 31/104
  inference [############----------------------------] 32/104
  inference [############----------------------------] 33/104
  inference [#############---------------------------] 34/104
  inference [#############---------------------------] 35/104
  inference [#############---------------------------] 36/104
  inference [##############--------------------------] 37/104
  inference [##############--------------------------] 38/104
  inference [###############-------------------------] 39/104
  inference [###############-------------------------] 40/104
  inference [###############-------------------------] 41/104
  inference [################------------------------] 42/104
  inference [################------------------------] 43/104
  inference [################------------------------] 44/104
  inference [#################-----------------------] 45/104
  inference [#################-----------------------] 46/104
  inference [##################----------------------] 47/104
  inference [##################----------------------] 48/104
  inference [##################----------------------] 49/104
  inference [###################---------------------] 50/104
  inference [###################---------------------] 51/104
  inference [####################--------------------] 52/104
  inference [####################--------------------] 53/104
  inference [####################--------------------] 54/104
  inference [#####################-------------------] 55/104
  inference [#####################-------------------] 56/104
  inference [#####################-------------------] 57/104
  inference [######################------------------] 58/104
  inference [######################------------------] 59/104
  inference [#######################-----------------] 60/104
  inference [#######################-----------------] 61/104
  inference [#######################-----------------] 62/104
  inference [########################----------------] 63/104
  inference [########################----------------] 64/104
  inference [#########################---------------] 65/104
  inference [#########################---------------] 66/104
  inference [#########################---------------] 67/104
  inference [##########################--------------] 68/104
  inference [##########################--------------] 69/104
  inference [##########################--------------] 70/104
  inference [###########################-------------] 71/104
  inference [###########################-------------] 72/104
  inference [############################------------] 73/104
  inference [############################------------] 74/104
  inference [############################------------] 75/104
  inference [#############################-----------] 76/104
  inference [#############################-----------] 77/104
  inference [##############################----------] 78/104
  inference [##############################----------] 79/104
  inference [##############################----------] 80/104
  inference [###############################---------] 81/104
  inference [###############################---------] 82/104
  inference [###############################---------] 83/104
  inference [################################--------] 84/104
  inference [################################--------] 85/104
  inference [#################################-------] 86/104
  inference [#################################-------] 87/104
  inference [#################################-------] 88/104
  inference [##################################------] 89/104
  inference [##################################------] 90/104
  inference [###################################-----] 91/104
  inference [###################################-----] 92/104
  inference [###################################-----] 93/104
  inference [####################################----] 94/104
  inference [####################################----] 95/104
  inference [####################################----] 96/104
  inference [#####################################---] 97/104
  inference [#####################################---] 98/104
  inference [######################################--] 99/104
  inference [######################################--] 100/104
  inference [######################################--] 101/104
  inference [#######################################-] 102/104
  inference [#######################################-] 103/104
  inference [########################################] 104/104
Macro-F1 (overall): 0.9190
  rare  : 0.9371
  medium: 0.9431
  common: 0.9668
Metrics saved to /zfsstore/courses/2025-2026/4343MMEBX/Group6/results/late_fusion_bioclip/metrics.json
