  failed 3449987949_Preview001.jpg: <urlopen error timed out>
  failed 3449979074_Preview001.jpg: <urlopen error timed out>
  failed 3449953358_Preview001.jpg: <urlopen error timed out>
  failed 3449943128_Preview001.jpg: <urlopen error timed out>
  failed 3449934212_Preview001.jpg: <urlopen error timed out>
Loaded 32095 occurrence records
Total multimedia rows: 42152

Done. total=42006, downloaded=0, skipped=42001, errors=5
Warning: You are sending unauthenticated requests to the HF Hub. Please set a HF_TOKEN to enable higher rate limits and faster downloads.
WARNING:huggingface_hub.utils._http:Warning: You are sending unauthenticated requests to the HF Hub. Please set a HF_TOKEN to enable higher rate limits and faster downloads.
Device: cuda
Loading datasets...
Classes: 317, total samples: 40902
Discarded 247 species (1087 records) below MIN_GBIFIDS=10
Classes: 317 | train: 28370 | val: 5933
Building model...
Mixed precision (autocast + GradScaler) enabled
--resume set but no last.pt found; starting from scratch
BioCLIP backbone frozen for first 5 epochs
  train [----------------------------------------] 4/444  loss=5.7259
  train [----------------------------------------] 8/444  loss=5.6766
  train [#---------------------------------------] 12/444  loss=5.6166
  train [#---------------------------------------] 16/444  loss=5.5459
  train [#---------------------------------------] 20/444  loss=5.4609
  train [##--------------------------------------] 24/444  loss=5.3805
  train [##--------------------------------------] 28/444  loss=5.3004
  train [##--------------------------------------] 32/444  loss=5.1900
  train [###-------------------------------------] 36/444  loss=5.1183
  train [###-------------------------------------] 40/444  loss=4.9907
  train [###-------------------------------------] 44/444  loss=4.8965
  train [####------------------------------------] 48/444  loss=4.7720
  train [####------------------------------------] 52/444  loss=4.6545
  train [#####-----------------------------------] 56/444  loss=4.5371
  train [#####-----------------------------------] 60/444  loss=4.4344
  train [#####-----------------------------------] 64/444  loss=4.3518
  train [######----------------------------------] 68/444  loss=4.2582
  train [######----------------------------------] 72/444  loss=4.1635
  train [######----------------------------------] 76/444  loss=4.0739
  train [#######---------------------------------] 80/444  loss=4.0046
  train [#######---------------------------------] 84/444  loss=3.9266
  train [#######---------------------------------] 88/444  loss=3.8388
  train [########--------------------------------] 92/444  loss=3.7665
  train [########--------------------------------] 96/444  loss=3.7005
  train [#########-------------------------------] 100/444  loss=3.6248
  train [#########-------------------------------] 104/444  loss=3.5664
  train [#########-------------------------------] 108/444  loss=3.5096
  train [##########------------------------------] 112/444  loss=3.4499
  train [##########------------------------------] 116/444  loss=3.4010
  train [##########------------------------------] 120/444  loss=3.3419
  train [###########-----------------------------] 124/444  loss=3.2921
  train [###########-----------------------------] 128/444  loss=3.2372
  train [###########-----------------------------] 132/444  loss=3.1865
  train [############----------------------------] 136/444  loss=3.1397
  train [############----------------------------] 140/444  loss=3.0873
  train [############----------------------------] 144/444  loss=3.0469
  train [#############---------------------------] 148/444  loss=3.0013
  train [#############---------------------------] 152/444  loss=2.9652
  train [##############--------------------------] 156/444  loss=2.9230
  train [##############--------------------------] 160/444  loss=2.8884
  train [##############--------------------------] 164/444  loss=2.8515
  train [###############-------------------------] 168/444  loss=2.8172
  train [###############-------------------------] 172/444  loss=2.7827
  train [###############-------------------------] 176/444  loss=2.7450
  train [################------------------------] 180/444  loss=2.7154
  train [################------------------------] 184/444  loss=2.6862
  train [################------------------------] 188/444  loss=2.6570
  train [#################-----------------------] 192/444  loss=2.6313
  train [#################-----------------------] 196/444  loss=2.5987
  train [##################----------------------] 200/444  loss=2.5686
  train [##################----------------------] 204/444  loss=2.5360
  train [##################----------------------] 208/444  loss=2.5125
  train [###################---------------------] 212/444  loss=2.4863
  train [###################---------------------] 216/444  loss=2.4596
  train [###################---------------------] 220/444  loss=2.4317
  train [####################--------------------] 224/444  loss=2.4086
  train [####################--------------------] 228/444  loss=2.3862
  train [####################--------------------] 232/444  loss=2.3690
  train [#####################-------------------] 236/444  loss=2.3443
  train [#####################-------------------] 240/444  loss=2.3249
  train [#####################-------------------] 244/444  loss=2.3041
  train [######################------------------] 248/444  loss=2.2829
  train [######################------------------] 252/444  loss=2.2637
  train [#######################-----------------] 256/444  loss=2.2423
  train [#######################-----------------] 260/444  loss=2.2253
  train [#######################-----------------] 264/444  loss=2.2037
  train [########################----------------] 268/444  loss=2.1842
  train [########################----------------] 272/444  loss=2.1636
  train [########################----------------] 276/444  loss=2.1455
  train [#########################---------------] 280/444  loss=2.1274
  train [#########################---------------] 284/444  loss=2.1096
  train [#########################---------------] 288/444  loss=2.0923
  train [##########################--------------] 292/444  loss=2.0760
  train [##########################--------------] 296/444  loss=2.0631
  train [###########################-------------] 300/444  loss=2.0449
  train [###########################-------------] 304/444  loss=2.0316
  train [###########################-------------] 308/444  loss=2.0166
  train [############################------------] 312/444  loss=2.0014
  train [############################------------] 316/444  loss=1.9871
  train [############################------------] 320/444  loss=1.9698
  train [#############################-----------] 324/444  loss=1.9553
  train [#############################-----------] 328/444  loss=1.9425
  train [#############################-----------] 332/444  loss=1.9288
  train [##############################----------] 336/444  loss=1.9153
  train [##############################----------] 340/444  loss=1.9006
  train [##############################----------] 344/444  loss=1.8879
  train [###############################---------] 348/444  loss=1.8746
  train [###############################---------] 352/444  loss=1.8615
  train [################################--------] 356/444  loss=1.8492
  train [################################--------] 360/444  loss=1.8350
  train [################################--------] 364/444  loss=1.8224
  train [#################################-------] 368/444  loss=1.8101
  train [#################################-------] 372/444  loss=1.7991
  train [#################################-------] 376/444  loss=1.7865
  train [##################################------] 380/444  loss=1.7765
  train [##################################------] 384/444  loss=1.7655
  train [##################################------] 388/444  loss=1.7544
  train [###################################-----] 392/444  loss=1.7445
  train [###################################-----] 396/444  loss=1.7342
  train [####################################----] 400/444  loss=1.7213
  train [####################################----] 404/444  loss=1.7117
  train [####################################----] 408/444  loss=1.7016
  train [#####################################---] 412/444  loss=1.6920
  train [#####################################---] 416/444  loss=1.6827
  train [#####################################---] 420/444  loss=1.6729
  train [######################################--] 424/444  loss=1.6630
  train [######################################--] 428/444  loss=1.6530
  train [######################################--] 432/444  loss=1.6445
  train [#######################################-] 436/444  loss=1.6350
  train [#######################################-] 440/444  loss=1.6255
  train [########################################] 444/444  loss=1.6158
  val   [----------------------------------------] 1/93
  val   [----------------------------------------] 2/93
  val   [#---------------------------------------] 3/93
  val   [#---------------------------------------] 4/93
  val   [##--------------------------------------] 5/93
  val   [##--------------------------------------] 6/93
  val   [###-------------------------------------] 7/93
  val   [###-------------------------------------] 8/93
  val   [###-------------------------------------] 9/93
  val   [####------------------------------------] 10/93
  val   [####------------------------------------] 11/93
  val   [#####-----------------------------------] 12/93
  val   [#####-----------------------------------] 13/93
  val   [######----------------------------------] 14/93
  val   [######----------------------------------] 15/93
  val   [######----------------------------------] 16/93
  val   [#######---------------------------------] 17/93
  val   [#######---------------------------------] 18/93
  val   [########--------------------------------] 19/93
  val   [########--------------------------------] 20/93
  val   [#########-------------------------------] 21/93
  val   [#########-------------------------------] 22/93
  val   [#########-------------------------------] 23/93
  val   [##########------------------------------] 24/93
  val   [##########------------------------------] 25/93
  val   [###########-----------------------------] 26/93
  val   [###########-----------------------------] 27/93
  val   [############----------------------------] 28/93
  val   [############----------------------------] 29/93
  val   [############----------------------------] 30/93
  val   [#############---------------------------] 31/93
  val   [#############---------------------------] 32/93
  val   [##############--------------------------] 33/93
  val   [##############--------------------------] 34/93
  val   [###############-------------------------] 35/93
  val   [###############-------------------------] 36/93
  val   [###############-------------------------] 37/93
  val   [################------------------------] 38/93
  val   [################------------------------] 39/93
  val   [#################-----------------------] 40/93
  val   [#################-----------------------] 41/93
  val   [##################----------------------] 42/93
  val   [##################----------------------] 43/93
  val   [##################----------------------] 44/93
  val   [###################---------------------] 45/93
  val   [###################---------------------] 46/93
  val   [####################--------------------] 47/93
  val   [####################--------------------] 48/93
  val   [#####################-------------------] 49/93
  val   [#####################-------------------] 50/93
  val   [#####################-------------------] 51/93
  val   [######################------------------] 52/93
  val   [######################------------------] 53/93
  val   [#######################-----------------] 54/93
  val   [#######################-----------------] 55/93
  val   [########################----------------] 56/93
  val   [########################----------------] 57/93
  val   [########################----------------] 58/93
  val   [#########################---------------] 59/93
  val   [#########################---------------] 60/93
  val   [##########################--------------] 61/93
  val   [##########################--------------] 62/93
  val   [###########################-------------] 63/93
  val   [###########################-------------] 64/93
  val   [###########################-------------] 65/93
  val   [############################------------] 66/93
  val   [############################------------] 67/93
  val   [#############################-----------] 68/93
  val   [#############################-----------] 69/93
  val   [##############################----------] 70/93
  val   [##############################----------] 71/93
  val   [##############################----------] 72/93
  val   [###############################---------] 73/93
  val   [###############################---------] 74/93
  val   [################################--------] 75/93
  val   [################################--------] 76/93
  val   [#################################-------] 77/93
  val   [#################################-------] 78/93
  val   [#################################-------] 79/93
  val   [##################################------] 80/93
  val   [##################################------] 81/93
  val   [###################################-----] 82/93
  val   [###################################-----] 83/93
  val   [####################################----] 84/93
  val   [####################################----] 85/93
  val   [####################################----] 86/93
  val   [#####################################---] 87/93
  val   [#####################################---] 88/93
  val   [######################################--] 89/93
  val   [######################################--] 90/93
  val   [#######################################-] 91/93
  val   [#######################################-] 92/93
  val   [########################################] 93/93
Epoch   0 | train_loss=1.6184 | val_loss=0.5745 | val_acc=0.8781
  -> best model saved (val_loss=0.5745)
  train [----------------------------------------] 4/444  loss=0.4790
  train [----------------------------------------] 8/444  loss=0.5284
  train [#---------------------------------------] 12/444  loss=0.5090
  train [#---------------------------------------] 16/444  loss=0.5244
  train [#---------------------------------------] 20/444  loss=0.5059
  train [##--------------------------------------] 24/444  loss=0.4964
  train [##--------------------------------------] 28/444  loss=0.4891
  train [##--------------------------------------] 32/444  loss=0.4826
  train [###-------------------------------------] 36/444  loss=0.4871
  train [###-------------------------------------] 40/444  loss=0.4881
  train [###-------------------------------------] 44/444  loss=0.4883
  train [####------------------------------------] 48/444  loss=0.4961
  train [####------------------------------------] 52/444  loss=0.4959
  train [#####-----------------------------------] 56/444  loss=0.5015
  train [#####-----------------------------------] 60/444  loss=0.4987
  train [#####-----------------------------------] 64/444  loss=0.5070
  train [######----------------------------------] 68/444  loss=0.5049
  train [######----------------------------------] 72/444  loss=0.5018
  train [######----------------------------------] 76/444  loss=0.4959
  train [#######---------------------------------] 80/444  loss=0.4996
  train [#######---------------------------------] 84/444  loss=0.5011
  train [#######---------------------------------] 88/444  loss=0.4994
  train [########--------------------------------] 92/444  loss=0.5023
  train [########--------------------------------] 96/444  loss=0.4983
  train [#########-------------------------------] 100/444  loss=0.4964
  train [#########-------------------------------] 104/444  loss=0.4943
  train [#########-------------------------------] 108/444  loss=0.4909
  train [##########------------------------------] 112/444  loss=0.4925
  train [##########------------------------------] 116/444  loss=0.4943
  train [##########------------------------------] 120/444  loss=0.4921
  train [###########-----------------------------] 124/444  loss=0.4940
  train [###########-----------------------------] 128/444  loss=0.4942
  train [###########-----------------------------] 132/444  loss=0.4937
  train [############----------------------------] 136/444  loss=0.4897
  train [############----------------------------] 140/444  loss=0.4881
  train [############----------------------------] 144/444  loss=0.4866
  train [#############---------------------------] 148/444  loss=0.4838
  train [#############---------------------------] 152/444  loss=0.4821
  train [##############--------------------------] 156/444  loss=0.4820
  train [##############--------------------------] 160/444  loss=0.4771
  train [##############--------------------------] 164/444  loss=0.4753
  train [###############-------------------------] 168/444  loss=0.4753
  train [###############-------------------------] 172/444  loss=0.4785
  train [###############-------------------------] 176/444  loss=0.4778
  train [################------------------------] 180/444  loss=0.4798
  train [################------------------------] 184/444  loss=0.4783
  train [################------------------------] 188/444  loss=0.4810
  train [#################-----------------------] 192/444  loss=0.4798
  train [#################-----------------------] 196/444  loss=0.4763
  train [##################----------------------] 200/444  loss=0.4735
  train [##################----------------------] 204/444  loss=0.4728
  train [##################----------------------] 208/444  loss=0.4734
  train [###################---------------------] 212/444  loss=0.4722
  train [###################---------------------] 216/444  loss=0.4714
  train [###################---------------------] 220/444  loss=0.4716
  train [####################--------------------] 224/444  loss=0.4699
  train [####################--------------------] 228/444  loss=0.4705
  train [####################--------------------] 232/444  loss=0.4718
  train [#####################-------------------] 236/444  loss=0.4710
  train [#####################-------------------] 240/444  loss=0.4724
  train [#####################-------------------] 244/444  loss=0.4746
  train [######################------------------] 248/444  loss=0.4724
  train [######################------------------] 252/444  loss=0.4699
  train [#######################-----------------] 256/444  loss=0.4686
  train [#######################-----------------] 260/444  loss=0.4684
  train [#######################-----------------] 264/444  loss=0.4666
  train [########################----------------] 268/444  loss=0.4655
  train [########################----------------] 272/444  loss=0.4647
  train [########################----------------] 276/444  loss=0.4646
  train [#########################---------------] 280/444  loss=0.4633
  train [#########################---------------] 284/444  loss=0.4607
  train [#########################---------------] 288/444  loss=0.4601
  train [##########################--------------] 292/444  loss=0.4604
  train [##########################--------------] 296/444  loss=0.4597
  train [###########################-------------] 300/444  loss=0.4589
  train [###########################-------------] 304/444  loss=0.4556
  train [###########################-------------] 308/444  loss=0.4525
  train [############################------------] 312/444  loss=0.4515
  train [############################------------] 316/444  loss=0.4502
  train [############################------------] 320/444  loss=0.4492
  train [#############################-----------] 324/444  loss=0.4492
  train [#############################-----------] 328/444  loss=0.4486
  train [#############################-----------] 332/444  loss=0.4471
  train [##############################----------] 336/444  loss=0.4465
  train [##############################----------] 340/444  loss=0.4455
  train [##############################----------] 344/444  loss=0.4437
  train [###############################---------] 348/444  loss=0.4430
  train [###############################---------] 352/444  loss=0.4416
  train [################################--------] 356/444  loss=0.4410
  train [################################--------] 360/444  loss=0.4408
  train [################################--------] 364/444  loss=0.4397
  train [#################################-------] 368/444  loss=0.4412
  train [#################################-------] 372/444  loss=0.4397
  train [#################################-------] 376/444  loss=0.4416
  train [##################################------] 380/444  loss=0.4403
  train [##################################------] 384/444  loss=0.4403
  train [##################################------] 388/444  loss=0.4403
  train [###################################-----] 392/444  loss=0.4394
  train [###################################-----] 396/444  loss=0.4380
  train [####################################----] 400/444  loss=0.4374
  train [####################################----] 404/444  loss=0.4380
  train [####################################----] 408/444  loss=0.4375
  train [#####################################---] 412/444  loss=0.4372
  train [#####################################---] 416/444  loss=0.4382
  train [#####################################---] 420/444  loss=0.4377
  train [######################################--] 424/444  loss=0.4377
  train [######################################--] 428/444  loss=0.4362
  train [######################################--] 432/444  loss=0.4353
  train [#######################################-] 436/444  loss=0.4350
  train [#######################################-] 440/444  loss=0.4333
  train [########################################] 444/444  loss=0.4324
  val   [----------------------------------------] 1/93
  val   [----------------------------------------] 2/93
  val   [#---------------------------------------] 3/93
  val   [#---------------------------------------] 4/93
  val   [##--------------------------------------] 5/93
  val   [##--------------------------------------] 6/93
  val   [###-------------------------------------] 7/93
  val   [###-------------------------------------] 8/93
  val   [###-------------------------------------] 9/93
  val   [####------------------------------------] 10/93
  val   [####------------------------------------] 11/93
  val   [#####-----------------------------------] 12/93
  val   [#####-----------------------------------] 13/93
  val   [######----------------------------------] 14/93
  val   [######----------------------------------] 15/93
  val   [######----------------------------------] 16/93
  val   [#######---------------------------------] 17/93
  val   [#######---------------------------------] 18/93
  val   [########--------------------------------] 19/93
  val   [########--------------------------------] 20/93
  val   [#########-------------------------------] 21/93
  val   [#########-------------------------------] 22/93
  val   [#########-------------------------------] 23/93
  val   [##########------------------------------] 24/93
  val   [##########------------------------------] 25/93
  val   [###########-----------------------------] 26/93
  val   [###########-----------------------------] 27/93
  val   [############----------------------------] 28/93
  val   [############----------------------------] 29/93
  val   [############----------------------------] 30/93
  val   [#############---------------------------] 31/93
  val   [#############---------------------------] 32/93
  val   [##############--------------------------] 33/93
  val   [##############--------------------------] 34/93
  val   [###############-------------------------] 35/93
  val   [###############-------------------------] 36/93
  val   [###############-------------------------] 37/93
  val   [################------------------------] 38/93
  val   [################------------------------] 39/93
  val   [#################-----------------------] 40/93
  val   [#################-----------------------] 41/93
  val   [##################----------------------] 42/93
  val   [##################----------------------] 43/93
  val   [##################----------------------] 44/93
  val   [###################---------------------] 45/93
  val   [###################---------------------] 46/93
  val   [####################--------------------] 47/93
  val   [####################--------------------] 48/93
  val   [#####################-------------------] 49/93
  val   [#####################-------------------] 50/93
  val   [#####################-------------------] 51/93
  val   [######################------------------] 52/93
  val   [######################------------------] 53/93
  val   [#######################-----------------] 54/93
  val   [#######################-----------------] 55/93
  val   [########################----------------] 56/93
  val   [########################----------------] 57/93
  val   [########################----------------] 58/93
  val   [#########################---------------] 59/93
  val   [#########################---------------] 60/93
  val   [##########################--------------] 61/93
  val   [##########################--------------] 62/93
  val   [###########################-------------] 63/93
  val   [###########################-------------] 64/93
  val   [###########################-------------] 65/93
  val   [############################------------] 66/93
  val   [############################------------] 67/93
  val   [#############################-----------] 68/93
  val   [#############################-----------] 69/93
  val   [##############################----------] 70/93
  val   [##############################----------] 71/93
  val   [##############################----------] 72/93
  val   [###############################---------] 73/93
  val   [###############################---------] 74/93
  val   [################################--------] 75/93
  val   [################################--------] 76/93
  val   [#################################-------] 77/93
  val   [#################################-------] 78/93
  val   [#################################-------] 79/93
  val   [##################################------] 80/93
  val   [##################################------] 81/93
  val   [###################################-----] 82/93
  val   [###################################-----] 83/93
  val   [####################################----] 84/93
  val   [####################################----] 85/93
  val   [####################################----] 86/93
  val   [#####################################---] 87/93
  val   [#####################################---] 88/93
  val   [######################################--] 89/93
  val   [######################################--] 90/93
  val   [#######################################-] 91/93
  val   [#######################################-] 92/93
  val   [########################################] 93/93
Epoch   1 | train_loss=0.4331 | val_loss=0.4041 | val_acc=0.9009
  -> best model saved (val_loss=0.4041)
  train [----------------------------------------] 4/444  loss=0.3237
  train [----------------------------------------] 8/444  loss=0.3025
  train [#---------------------------------------] 12/444  loss=0.2928
  train [#---------------------------------------] 16/444  loss=0.2765
  train [#---------------------------------------] 20/444  loss=0.2682
  train [##--------------------------------------] 24/444  loss=0.2757
  train [##--------------------------------------] 28/444  loss=0.2694
  train [##--------------------------------------] 32/444  loss=0.2665
  train [###-------------------------------------] 36/444  loss=0.2642
  train [###-------------------------------------] 40/444  loss=0.2674
  train [###-------------------------------------] 44/444  loss=0.2676
  train [####------------------------------------] 48/444  loss=0.2720
  train [####------------------------------------] 52/444  loss=0.2846
  train [#####-----------------------------------] 56/444  loss=0.2797
  train [#####-----------------------------------] 60/444  loss=0.2786
  train [#####-----------------------------------] 64/444  loss=0.2761
  train [######----------------------------------] 68/444  loss=0.2794
  train [######----------------------------------] 72/444  loss=0.2775
  train [######----------------------------------] 76/444  loss=0.2731
  train [#######---------------------------------] 80/444  loss=0.2711
  train [#######---------------------------------] 84/444  loss=0.2692
  train [#######---------------------------------] 88/444  loss=0.2709
  train [########--------------------------------] 92/444  loss=0.2717
  train [########--------------------------------] 96/444  loss=0.2742
  train [#########-------------------------------] 100/444  loss=0.2742
  train [#########-------------------------------] 104/444  loss=0.2781
  train [#########-------------------------------] 108/444  loss=0.2828
  train [##########------------------------------] 112/444  loss=0.2812
  train [##########------------------------------] 116/444  loss=0.2842
  train [##########------------------------------] 120/444  loss=0.2849
  train [###########-----------------------------] 124/444  loss=0.2844
  train [###########-----------------------------] 128/444  loss=0.2858
  train [###########-----------------------------] 132/444  loss=0.2860
  train [############----------------------------] 136/444  loss=0.2839
  train [############----------------------------] 140/444  loss=0.2863
  train [############----------------------------] 144/444  loss=0.2865
  train [#############---------------------------] 148/444  loss=0.2858
  train [#############---------------------------] 152/444  loss=0.2835
  train [##############--------------------------] 156/444  loss=0.2825
  train [##############--------------------------] 160/444  loss=0.2819
  train [##############--------------------------] 164/444  loss=0.2827
  train [###############-------------------------] 168/444  loss=0.2832
  train [###############-------------------------] 172/444  loss=0.2854
  train [###############-------------------------] 176/444  loss=0.2857
  train [################------------------------] 180/444  loss=0.2836
  train [################------------------------] 184/444  loss=0.2838
  train [################------------------------] 188/444  loss=0.2841
  train [#################-----------------------] 192/444  loss=0.2837
  train [#################-----------------------] 196/444  loss=0.2831
  train [##################----------------------] 200/444  loss=0.2823
  train [##################----------------------] 204/444  loss=0.2825
  train [##################----------------------] 208/444  loss=0.2845
  train [###################---------------------] 212/444  loss=0.2846
  train [###################---------------------] 216/444  loss=0.2841
  train [###################---------------------] 220/444  loss=0.2833
  train [####################--------------------] 224/444  loss=0.2825
  train [####################--------------------] 228/444  loss=0.2820
  train [####################--------------------] 232/444  loss=0.2811
  train [#####################-------------------] 236/444  loss=0.2825
  train [#####################-------------------] 240/444  loss=0.2819
  train [#####################-------------------] 244/444  loss=0.2820
  train [######################------------------] 248/444  loss=0.2824
  train [######################------------------] 252/444  loss=0.2826
  train [#######################-----------------] 256/444  loss=0.2822
  train [#######################-----------------] 260/444  loss=0.2814
  train [#######################-----------------] 264/444  loss=0.2807
  train [########################----------------] 268/444  loss=0.2798
  train [########################----------------] 272/444  loss=0.2797
  train [########################----------------] 276/444  loss=0.2789
  train [#########################---------------] 280/444  loss=0.2797
  train [#########################---------------] 284/444  loss=0.2788
  train [#########################---------------] 288/444  loss=0.2777
  train [##########################--------------] 292/444  loss=0.2785
  train [##########################--------------] 296/444  loss=0.2787
  train [###########################-------------] 300/444  loss=0.2782
  train [###########################-------------] 304/444  loss=0.2785
  train [###########################-------------] 308/444  loss=0.2771
  train [############################------------] 312/444  loss=0.2772
  train [############################------------] 316/444  loss=0.2762
  train [############################------------] 320/444  loss=0.2757
  train [#############################-----------] 324/444  loss=0.2759
  train [#############################-----------] 328/444  loss=0.2771
  train [#############################-----------] 332/444  loss=0.2769
  train [##############################----------] 336/444  loss=0.2760
  train [##############################----------] 340/444  loss=0.2766
  train [##############################----------] 344/444  loss=0.2761
  train [###############################---------] 348/444  loss=0.2752
  train [###############################---------] 352/444  loss=0.2756
  train [################################--------] 356/444  loss=0.2752
  train [################################--------] 360/444  loss=0.2768
  train [################################--------] 364/444  loss=0.2759
  train [#################################-------] 368/444  loss=0.2753
  train [#################################-------] 372/444  loss=0.2752
  train [#################################-------] 376/444  loss=0.2746
  train [##################################------] 380/444  loss=0.2745
  train [##################################------] 384/444  loss=0.2745
  train [##################################------] 388/444  loss=0.2746
  train [###################################-----] 392/444  loss=0.2746
  train [###################################-----] 396/444  loss=0.2748
  train [####################################----] 400/444  loss=0.2747
  train [####################################----] 404/444  loss=0.2749
  train [####################################----] 408/444  loss=0.2743
  train [#####################################---] 412/444  loss=0.2741
  train [#####################################---] 416/444  loss=0.2745
  train [#####################################---] 420/444  loss=0.2748
  train [######################################--] 424/444  loss=0.2750
  train [######################################--] 428/444  loss=0.2754
  train [######################################--] 432/444  loss=0.2755
  train [#######################################-] 436/444  loss=0.2752
  train [#######################################-] 440/444  loss=0.2751
  train [########################################] 444/444  loss=0.2741
  val   [----------------------------------------] 1/93
  val   [----------------------------------------] 2/93
  val   [#---------------------------------------] 3/93
  val   [#---------------------------------------] 4/93
  val   [##--------------------------------------] 5/93
  val   [##--------------------------------------] 6/93
  val   [###-------------------------------------] 7/93
  val   [###-------------------------------------] 8/93
  val   [###-------------------------------------] 9/93
  val   [####------------------------------------] 10/93
  val   [####------------------------------------] 11/93
  val   [#####-----------------------------------] 12/93
  val   [#####-----------------------------------] 13/93
  val   [######----------------------------------] 14/93
  val   [######----------------------------------] 15/93
  val   [######----------------------------------] 16/93
  val   [#######---------------------------------] 17/93
  val   [#######---------------------------------] 18/93
  val   [########--------------------------------] 19/93
  val   [########--------------------------------] 20/93
  val   [#########-------------------------------] 21/93
  val   [#########-------------------------------] 22/93
  val   [#########-------------------------------] 23/93
  val   [##########------------------------------] 24/93
  val   [##########------------------------------] 25/93
  val   [###########-----------------------------] 26/93
  val   [###########-----------------------------] 27/93
  val   [############----------------------------] 28/93
  val   [############----------------------------] 29/93
  val   [############----------------------------] 30/93
  val   [#############---------------------------] 31/93
  val   [#############---------------------------] 32/93
  val   [##############--------------------------] 33/93
  val   [##############--------------------------] 34/93
  val   [###############-------------------------] 35/93
  val   [###############-------------------------] 36/93
  val   [###############-------------------------] 37/93
  val   [################------------------------] 38/93
  val   [################------------------------] 39/93
  val   [#################-----------------------] 40/93
  val   [#################-----------------------] 41/93
  val   [##################----------------------] 42/93
  val   [##################----------------------] 43/93
  val   [##################----------------------] 44/93
  val   [###################---------------------] 45/93
  val   [###################---------------------] 46/93
  val   [####################--------------------] 47/93
  val   [####################--------------------] 48/93
  val   [#####################-------------------] 49/93
  val   [#####################-------------------] 50/93
  val   [#####################-------------------] 51/93
  val   [######################------------------] 52/93
  val   [######################------------------] 53/93
  val   [#######################-----------------] 54/93
  val   [#######################-----------------] 55/93
  val   [########################----------------] 56/93
  val   [########################----------------] 57/93
  val   [########################----------------] 58/93
  val   [#########################---------------] 59/93
  val   [#########################---------------] 60/93
  val   [##########################--------------] 61/93
  val   [##########################--------------] 62/93
  val   [###########################-------------] 63/93
  val   [###########################-------------] 64/93
  val   [###########################-------------] 65/93
  val   [############################------------] 66/93
  val   [############################------------] 67/93
  val   [#############################-----------] 68/93
  val   [#############################-----------] 69/93
  val   [##############################----------] 70/93
  val   [##############################----------] 71/93
  val   [##############################----------] 72/93
  val   [###############################---------] 73/93
  val   [###############################---------] 74/93
  val   [################################--------] 75/93
  val   [################################--------] 76/93
  val   [#################################-------] 77/93
  val   [#################################-------] 78/93
  val   [#################################-------] 79/93
  val   [##################################------] 80/93
  val   [##################################------] 81/93
  val   [###################################-----] 82/93
  val   [###################################-----] 83/93
  val   [####################################----] 84/93
  val   [####################################----] 85/93
  val   [####################################----] 86/93
  val   [#####################################---] 87/93
  val   [#####################################---] 88/93
  val   [######################################--] 89/93
  val   [######################################--] 90/93
  val   [#######################################-] 91/93
  val   [#######################################-] 92/93
  val   [########################################] 93/93
Epoch   2 | train_loss=0.2745 | val_loss=0.3682 | val_acc=0.9076
  -> best model saved (val_loss=0.3682)
  train [----------------------------------------] 4/444  loss=0.2165
  train [----------------------------------------] 8/444  loss=0.2056
  train [#---------------------------------------] 12/444  loss=0.1933
  train [#---------------------------------------] 16/444  loss=0.2047
  train [#---------------------------------------] 20/444  loss=0.1935
  train [##--------------------------------------] 24/444  loss=0.2012
  train [##--------------------------------------] 28/444  loss=0.2036
  train [##--------------------------------------] 32/444  loss=0.2005
  train [###-------------------------------------] 36/444  loss=0.1960
  train [###-------------------------------------] 40/444  loss=0.1981
  train [###-------------------------------------] 44/444  loss=0.2001
  train [####------------------------------------] 48/444  loss=0.2008
  train [####------------------------------------] 52/444  loss=0.1989
  train [#####-----------------------------------] 56/444  loss=0.1985
  train [#####-----------------------------------] 60/444  loss=0.1967
  train [#####-----------------------------------] 64/444  loss=0.1980
  train [######----------------------------------] 68/444  loss=0.1992
  train [######----------------------------------] 72/444  loss=0.1960
  train [######----------------------------------] 76/444  loss=0.1961
  train [#######---------------------------------] 80/444  loss=0.1964
  train [#######---------------------------------] 84/444  loss=0.1971
  train [#######---------------------------------] 88/444  loss=0.1934
  train [########--------------------------------] 92/444  loss=0.1931
  train [########--------------------------------] 96/444  loss=0.1951
  train [#########-------------------------------] 100/444  loss=0.1942
  train [#########-------------------------------] 104/444  loss=0.1963
  train [#########-------------------------------] 108/444  loss=0.1980
  train [##########------------------------------] 112/444  loss=0.1982
  train [##########------------------------------] 116/444  loss=0.2012
  train [##########------------------------------] 120/444  loss=0.2016
  train [###########-----------------------------] 124/444  loss=0.2033
  train [###########-----------------------------] 128/444  loss=0.2035
  train [###########-----------------------------] 132/444  loss=0.2050
  train [############----------------------------] 136/444  loss=0.2040
  train [############----------------------------] 140/444  loss=0.2044
  train [############----------------------------] 144/444  loss=0.2042
  train [#############---------------------------] 148/444  loss=0.2055
  train [#############---------------------------] 152/444  loss=0.2047
  train [##############--------------------------] 156/444  loss=0.2041
  train [##############--------------------------] 160/444  loss=0.2030
  train [##############--------------------------] 164/444  loss=0.2019
  train [###############-------------------------] 168/444  loss=0.2024
  train [###############-------------------------] 172/444  loss=0.2014
  train [###############-------------------------] 176/444  loss=0.2017
  train [################------------------------] 180/444  loss=0.2025
  train [################------------------------] 184/444  loss=0.2029
  train [################------------------------] 188/444  loss=0.2051
  train [#################-----------------------] 192/444  loss=0.2055
  train [#################-----------------------] 196/444  loss=0.2055
  train [##################----------------------] 200/444  loss=0.2049
  train [##################----------------------] 204/444  loss=0.2050
  train [##################----------------------] 208/444  loss=0.2041
  train [###################---------------------] 212/444  loss=0.2045
  train [###################---------------------] 216/444  loss=0.2041
  train [###################---------------------] 220/444  loss=0.2038
  train [####################--------------------] 224/444  loss=0.2028
  train [####################--------------------] 228/444  loss=0.2021
  train [####################--------------------] 232/444  loss=0.2021
  train [#####################-------------------] 236/444  loss=0.2014
  train [#####################-------------------] 240/444  loss=0.2005
  train [#####################-------------------] 244/444  loss=0.2005
  train [######################------------------] 248/444  loss=0.2003
  train [######################------------------] 252/444  loss=0.1997
  train [#######################-----------------] 256/444  loss=0.2004
  train [#######################-----------------] 260/444  loss=0.1997
  train [#######################-----------------] 264/444  loss=0.1999
  train [########################----------------] 268/444  loss=0.2003
  train [########################----------------] 272/444  loss=0.2001
  train [########################----------------] 276/444  loss=0.2001
  train [#########################---------------] 280/444  loss=0.2001
  train [#########################---------------] 284/444  loss=0.2000
  train [#########################---------------] 288/444  loss=0.2020
  train [##########################--------------] 292/444  loss=0.2014
  train [##########################--------------] 296/444  loss=0.2007
  train [###########################-------------] 300/444  loss=0.2004
  train [###########################-------------] 304/444  loss=0.2009
  train [###########################-------------] 308/444  loss=0.2000
  train [############################------------] 312/444  loss=0.1999
  train [############################------------] 316/444  loss=0.2019
  train [############################------------] 320/444  loss=0.2010
  train [#############################-----------] 324/444  loss=0.2007
  train [#############################-----------] 328/444  loss=0.2007
  train [#############################-----------] 332/444  loss=0.2018
  train [##############################----------] 336/444  loss=0.2013
  train [##############################----------] 340/444  loss=0.2005
  train [##############################----------] 344/444  loss=0.2000
  train [###############################---------] 348/444  loss=0.2004
  train [###############################---------] 352/444  loss=0.2005
  train [################################--------] 356/444  loss=0.2004
  train [################################--------] 360/444  loss=0.2010
  train [################################--------] 364/444  loss=0.2013
  train [#################################-------] 368/444  loss=0.2021
  train [#################################-------] 372/444  loss=0.2021
  train [#################################-------] 376/444  loss=0.2023
  train [##################################------] 380/444  loss=0.2021
  train [##################################------] 384/444  loss=0.2030
  train [##################################------] 388/444  loss=0.2033
  train [###################################-----] 392/444  loss=0.2030
  train [###################################-----] 396/444  loss=0.2026
  train [####################################----] 400/444  loss=0.2024
  train [####################################----] 404/444  loss=0.2021
  train [####################################----] 408/444  loss=0.2017
  train [#####################################---] 412/444  loss=0.2019
  train [#####################################---] 416/444  loss=0.2026
  train [#####################################---] 420/444  loss=0.2028
  train [######################################--] 424/444  loss=0.2035
  train [######################################--] 428/444  loss=0.2037
  train [######################################--] 432/444  loss=0.2034
  train [#######################################-] 436/444  loss=0.2037
  train [#######################################-] 440/444  loss=0.2044
  train [########################################] 444/444  loss=0.2040
  val   [----------------------------------------] 1/93
  val   [----------------------------------------] 2/93
  val   [#---------------------------------------] 3/93
  val   [#---------------------------------------] 4/93
  val   [##--------------------------------------] 5/93
  val   [##--------------------------------------] 6/93
  val   [###-------------------------------------] 7/93
  val   [###-------------------------------------] 8/93
  val   [###-------------------------------------] 9/93
  val   [####------------------------------------] 10/93
  val   [####------------------------------------] 11/93
  val   [#####-----------------------------------] 12/93
  val   [#####-----------------------------------] 13/93
  val   [######----------------------------------] 14/93
  val   [######----------------------------------] 15/93
  val   [######----------------------------------] 16/93
  val   [#######---------------------------------] 17/93
  val   [#######---------------------------------] 18/93
  val   [########--------------------------------] 19/93
  val   [########--------------------------------] 20/93
  val   [#########-------------------------------] 21/93
  val   [#########-------------------------------] 22/93
  val   [#########-------------------------------] 23/93
  val   [##########------------------------------] 24/93
  val   [##########------------------------------] 25/93
  val   [###########-----------------------------] 26/93
  val   [###########-----------------------------] 27/93
  val   [############----------------------------] 28/93
  val   [############----------------------------] 29/93
  val   [############----------------------------] 30/93
  val   [#############---------------------------] 31/93
  val   [#############---------------------------] 32/93
  val   [##############--------------------------] 33/93
  val   [##############--------------------------] 34/93
  val   [###############-------------------------] 35/93
  val   [###############-------------------------] 36/93
  val   [###############-------------------------] 37/93
  val   [################------------------------] 38/93
  val   [################------------------------] 39/93
  val   [#################-----------------------] 40/93
  val   [#################-----------------------] 41/93
  val   [##################----------------------] 42/93
  val   [##################----------------------] 43/93
  val   [##################----------------------] 44/93
  val   [###################---------------------] 45/93
  val   [###################---------------------] 46/93
  val   [####################--------------------] 47/93
  val   [####################--------------------] 48/93
  val   [#####################-------------------] 49/93
  val   [#####################-------------------] 50/93
  val   [#####################-------------------] 51/93
  val   [######################------------------] 52/93
  val   [######################------------------] 53/93
  val   [#######################-----------------] 54/93
  val   [#######################-----------------] 55/93
  val   [########################----------------] 56/93
  val   [########################----------------] 57/93
  val   [########################----------------] 58/93
  val   [#########################---------------] 59/93
  val   [#########################---------------] 60/93
  val   [##########################--------------] 61/93
  val   [##########################--------------] 62/93
  val   [###########################-------------] 63/93
  val   [###########################-------------] 64/93
  val   [###########################-------------] 65/93
  val   [############################------------] 66/93
  val   [############################------------] 67/93
  val   [#############################-----------] 68/93
  val   [#############################-----------] 69/93
  val   [##############################----------] 70/93
  val   [##############################----------] 71/93
  val   [##############################----------] 72/93
  val   [###############################---------] 73/93
  val   [###############################---------] 74/93
  val   [################################--------] 75/93
  val   [################################--------] 76/93
  val   [#################################-------] 77/93
  val   [#################################-------] 78/93
  val   [#################################-------] 79/93
  val   [##################################------] 80/93
  val   [##################################------] 81/93
  val   [###################################-----] 82/93
  val   [###################################-----] 83/93
  val   [####################################----] 84/93
  val   [####################################----] 85/93
  val   [####################################----] 86/93
  val   [#####################################---] 87/93
  val   [#####################################---] 88/93
  val   [######################################--] 89/93
  val   [######################################--] 90/93
  val   [#######################################-] 91/93
  val   [#######################################-] 92/93
  val   [########################################] 93/93
Epoch   3 | train_loss=0.2043 | val_loss=0.3598 | val_acc=0.9076
  -> best model saved (val_loss=0.3598)
  train [----------------------------------------] 4/444  loss=0.2162
  train [----------------------------------------] 8/444  loss=0.2012
  train [#---------------------------------------] 12/444  loss=0.1931
  train [#---------------------------------------] 16/444  loss=0.1903
  train [#---------------------------------------] 20/444  loss=0.1846
  train [##--------------------------------------] 24/444  loss=0.1881
  train [##--------------------------------------] 28/444  loss=0.1834
  train [##--------------------------------------] 32/444  loss=0.1808
  train [###-------------------------------------] 36/444  loss=0.1864
  train [###-------------------------------------] 40/444  loss=0.1853
  train [###-------------------------------------] 44/444  loss=0.1899
  train [####------------------------------------] 48/444  loss=0.1853
  train [####------------------------------------] 52/444  loss=0.1835
  train [#####-----------------------------------] 56/444  loss=0.1819
  train [#####-----------------------------------] 60/444  loss=0.1794
  train [#####-----------------------------------] 64/444  loss=0.1763
  train [######----------------------------------] 68/444  loss=0.1750
  train [######----------------------------------] 72/444  loss=0.1737
  train [######----------------------------------] 76/444  loss=0.1724
  train [#######---------------------------------] 80/444  loss=0.1704
  train [#######---------------------------------] 84/444  loss=0.1693
  train [#######---------------------------------] 88/444  loss=0.1707
  train [########--------------------------------] 92/444  loss=0.1706
  train [########--------------------------------] 96/444  loss=0.1702
  train [#########-------------------------------] 100/444  loss=0.1710
  train [#########-------------------------------] 104/444  loss=0.1720
  train [#########-------------------------------] 108/444  loss=0.1698
  train [##########------------------------------] 112/444  loss=0.1704
  train [##########------------------------------] 116/444  loss=0.1697
  train [##########------------------------------] 120/444  loss=0.1704
  train [###########-----------------------------] 124/444  loss=0.1694
  train [###########-----------------------------] 128/444  loss=0.1684
  train [###########-----------------------------] 132/444  loss=0.1674
  train [############----------------------------] 136/444  loss=0.1682
  train [############----------------------------] 140/444  loss=0.1671
  train [############----------------------------] 144/444  loss=0.1655
  train [#############---------------------------] 148/444  loss=0.1673
  train [#############---------------------------] 152/444  loss=0.1662
  train [##############--------------------------] 156/444  loss=0.1671
  train [##############--------------------------] 160/444  loss=0.1693
  train [##############--------------------------] 164/444  loss=0.1704
  train [###############-------------------------] 168/444  loss=0.1712
  train [###############-------------------------] 172/444  loss=0.1701
  train [###############-------------------------] 176/444  loss=0.1707
  train [################------------------------] 180/444  loss=0.1718
  train [################------------------------] 184/444  loss=0.1720
  train [################------------------------] 188/444  loss=0.1728
  train [#################-----------------------] 192/444  loss=0.1717
  train [#################-----------------------] 196/444  loss=0.1722
  train [##################----------------------] 200/444  loss=0.1716
  train [##################----------------------] 204/444  loss=0.1710
  train [##################----------------------] 208/444  loss=0.1696
  train [###################---------------------] 212/444  loss=0.1691
  train [###################---------------------] 216/444  loss=0.1690
  train [###################---------------------] 220/444  loss=0.1698
  train [####################--------------------] 224/444  loss=0.1699
  train [####################--------------------] 228/444  loss=0.1697
  train [####################--------------------] 232/444  loss=0.1691
  train [#####################-------------------] 236/444  loss=0.1688
  train [#####################-------------------] 240/444  loss=0.1675
  train [#####################-------------------] 244/444  loss=0.1675
  train [######################------------------] 248/444  loss=0.1679
  train [######################------------------] 252/444  loss=0.1668
  train [#######################-----------------] 256/444  loss=0.1662
  train [#######################-----------------] 260/444  loss=0.1666
  train [#######################-----------------] 264/444  loss=0.1660
  train [########################----------------] 268/444  loss=0.1668
  train [########################----------------] 272/444  loss=0.1680
  train [########################----------------] 276/444  loss=0.1690
  train [#########################---------------] 280/444  loss=0.1698
  train [#########################---------------] 284/444  loss=0.1699
  train [#########################---------------] 288/444  loss=0.1695
  train [##########################--------------] 292/444  loss=0.1695
  train [##########################--------------] 296/444  loss=0.1696
  train [###########################-------------] 300/444  loss=0.1688
  train [###########################-------------] 304/444  loss=0.1688
  train [###########################-------------] 308/444  loss=0.1685
  train [############################------------] 312/444  loss=0.1685
  train [############################------------] 316/444  loss=0.1689
  train [############################------------] 320/444  loss=0.1686
  train [#############################-----------] 324/444  loss=0.1682
  train [#############################-----------] 328/444  loss=0.1678
  train [#############################-----------] 332/444  loss=0.1676
  train [##############################----------] 336/444  loss=0.1670
  train [##############################----------] 340/444  loss=0.1667
  train [##############################----------] 344/444  loss=0.1665
  train [###############################---------] 348/444  loss=0.1661
  train [###############################---------] 352/444  loss=0.1656
  train [################################--------] 356/444  loss=0.1648
  train [################################--------] 360/444  loss=0.1645
  train [################################--------] 364/444  loss=0.1645
  train [#################################-------] 368/444  loss=0.1645
  train [#################################-------] 372/444  loss=0.1650
  train [#################################-------] 376/444  loss=0.1651
  train [##################################------] 380/444  loss=0.1657
  train [##################################------] 384/444  loss=0.1653
  train [##################################------] 388/444  loss=0.1651
  train [###################################-----] 392/444  loss=0.1647
  train [###################################-----] 396/444  loss=0.1646
  train [####################################----] 400/444  loss=0.1649
  train [####################################----] 404/444  loss=0.1654
  train [####################################----] 408/444  loss=0.1659
  train [#####################################---] 412/444  loss=0.1655
  train [#####################################---] 416/444  loss=0.1652
  train [#####################################---] 420/444  loss=0.1652
  train [######################################--] 424/444  loss=0.1645
  train [######################################--] 428/444  loss=0.1646
  train [######################################--] 432/444  loss=0.1640
  train [#######################################-] 436/444  loss=0.1642
  train [#######################################-] 440/444  loss=0.1634
  train [########################################] 444/444  loss=0.1629
  val   [----------------------------------------] 1/93
  val   [----------------------------------------] 2/93
  val   [#---------------------------------------] 3/93
  val   [#---------------------------------------] 4/93
  val   [##--------------------------------------] 5/93
  val   [##--------------------------------------] 6/93
  val   [###-------------------------------------] 7/93
  val   [###-------------------------------------] 8/93
  val   [###-------------------------------------] 9/93
  val   [####------------------------------------] 10/93
  val   [####------------------------------------] 11/93
  val   [#####-----------------------------------] 12/93
  val   [#####-----------------------------------] 13/93
  val   [######----------------------------------] 14/93
  val   [######----------------------------------] 15/93
  val   [######----------------------------------] 16/93
  val   [#######---------------------------------] 17/93
  val   [#######---------------------------------] 18/93
  val   [########--------------------------------] 19/93
  val   [########--------------------------------] 20/93
  val   [#########-------------------------------] 21/93
  val   [#########-------------------------------] 22/93
  val   [#########-------------------------------] 23/93
  val   [##########------------------------------] 24/93
  val   [##########------------------------------] 25/93
  val   [###########-----------------------------] 26/93
  val   [###########-----------------------------] 27/93
  val   [############----------------------------] 28/93
  val   [############----------------------------] 29/93
  val   [############----------------------------] 30/93
  val   [#############---------------------------] 31/93
  val   [#############---------------------------] 32/93
  val   [##############--------------------------] 33/93
  val   [##############--------------------------] 34/93
  val   [###############-------------------------] 35/93
  val   [###############-------------------------] 36/93
  val   [###############-------------------------] 37/93
  val   [################------------------------] 38/93
  val   [################------------------------] 39/93
  val   [#################-----------------------] 40/93
  val   [#################-----------------------] 41/93
  val   [##################----------------------] 42/93
  val   [##################----------------------] 43/93
  val   [##################----------------------] 44/93
  val   [###################---------------------] 45/93
  val   [###################---------------------] 46/93
  val   [####################--------------------] 47/93
  val   [####################--------------------] 48/93
  val   [#####################-------------------] 49/93
  val   [#####################-------------------] 50/93
  val   [#####################-------------------] 51/93
  val   [######################------------------] 52/93
  val   [######################------------------] 53/93
  val   [#######################-----------------] 54/93
  val   [#######################-----------------] 55/93
  val   [########################----------------] 56/93
  val   [########################----------------] 57/93
  val   [########################----------------] 58/93
  val   [#########################---------------] 59/93
  val   [#########################---------------] 60/93
  val   [##########################--------------] 61/93
  val   [##########################--------------] 62/93
  val   [###########################-------------] 63/93
  val   [###########################-------------] 64/93
  val   [###########################-------------] 65/93
  val   [############################------------] 66/93
  val   [############################------------] 67/93
  val   [#############################-----------] 68/93
  val   [#############################-----------] 69/93
  val   [##############################----------] 70/93
  val   [##############################----------] 71/93
  val   [##############################----------] 72/93
  val   [###############################---------] 73/93
  val   [###############################---------] 74/93
  val   [################################--------] 75/93
  val   [################################--------] 76/93
  val   [#################################-------] 77/93
  val   [#################################-------] 78/93
  val   [#################################-------] 79/93
  val   [##################################------] 80/93
  val   [##################################------] 81/93
  val   [###################################-----] 82/93
  val   [###################################-----] 83/93
  val   [####################################----] 84/93
  val   [####################################----] 85/93
  val   [####################################----] 86/93
  val   [#####################################---] 87/93
  val   [#####################################---] 88/93
  val   [######################################--] 89/93
  val   [######################################--] 90/93
  val   [#######################################-] 91/93
  val   [#######################################-] 92/93
  val   [########################################] 93/93
Epoch   4 | train_loss=0.1631 | val_loss=0.3414 | val_acc=0.9161
  -> best model saved (val_loss=0.3414)
Epoch 5: BioCLIP backbone unfrozen
  train [----------------------------------------] 4/444  loss=0.1220
  train [----------------------------------------] 8/444  loss=0.1643
  train [#---------------------------------------] 12/444  loss=0.1751
  train [#---------------------------------------] 16/444  loss=0.1841
  train [#---------------------------------------] 20/444  loss=0.2079
  train [##--------------------------------------] 24/444  loss=0.2204
  train [##--------------------------------------] 28/444  loss=0.2156
  train [##--------------------------------------] 32/444  loss=0.2135
  train [###-------------------------------------] 36/444  loss=0.2117
  train [###-------------------------------------] 40/444  loss=0.2174
  train [###-------------------------------------] 44/444  loss=0.2089
  train [####------------------------------------] 48/444  loss=0.2040
  train [####------------------------------------] 52/444  loss=0.2057
  train [#####-----------------------------------] 56/444  loss=0.2073
  train [#####-----------------------------------] 60/444  loss=0.2026
  train [#####-----------------------------------] 64/444  loss=0.2070
  train [######----------------------------------] 68/444  loss=0.2140
  train [######----------------------------------] 72/444  loss=0.2127
  train [######----------------------------------] 76/444  loss=0.2100
  train [#######---------------------------------] 80/444  loss=0.2104
  train [#######---------------------------------] 84/444  loss=0.2135
  train [#######---------------------------------] 88/444  loss=0.2103
  train [########--------------------------------] 92/444  loss=0.2091
  train [########--------------------------------] 96/444  loss=0.2090
  train [#########-------------------------------] 100/444  loss=0.2095
  train [#########-------------------------------] 104/444  loss=0.2111
  train [#########-------------------------------] 108/444  loss=0.2101
  train [##########------------------------------] 112/444  loss=0.2100
  train [##########------------------------------] 116/444  loss=0.2094
  train [##########------------------------------] 120/444  loss=0.2096
  train [###########-----------------------------] 124/444  loss=0.2090
  train [###########-----------------------------] 128/444  loss=0.2146
  train [###########-----------------------------] 132/444  loss=0.2147
  train [############----------------------------] 136/444  loss=0.2207
  train [############----------------------------] 140/444  loss=0.2218
  train [############----------------------------] 144/444  loss=0.2224
  train [#############---------------------------] 148/444  loss=0.2230
  train [#############---------------------------] 152/444  loss=0.2250
  train [##############--------------------------] 156/444  loss=0.2287
  train [##############--------------------------] 160/444  loss=0.2344
  train [##############--------------------------] 164/444  loss=0.2360
  train [###############-------------------------] 168/444  loss=0.2373
  train [###############-------------------------] 172/444  loss=0.2377
  train [###############-------------------------] 176/444  loss=0.2379
  train [################------------------------] 180/444  loss=0.2374
  train [################------------------------] 184/444  loss=0.2385
  train [################------------------------] 188/444  loss=0.2370
  train [#################-----------------------] 192/444  loss=0.2373
  train [#################-----------------------] 196/444  loss=0.2370
  train [##################----------------------] 200/444  loss=0.2382
  train [##################----------------------] 204/444  loss=0.2369
  train [##################----------------------] 208/444  loss=0.2377
  train [###################---------------------] 212/444  loss=0.2378
  train [###################---------------------] 216/444  loss=0.2374
  train [###################---------------------] 220/444  loss=0.2352
  train [####################--------------------] 224/444  loss=0.2374
  train [####################--------------------] 228/444  loss=0.2400
  train [####################--------------------] 232/444  loss=0.2409
  train [#####################-------------------] 236/444  loss=0.2398
  train [#####################-------------------] 240/444  loss=0.2405
  train [#####################-------------------] 244/444  loss=0.2404
  train [######################------------------] 248/444  loss=0.2413
  train [######################------------------] 252/444  loss=0.2410
  train [#######################-----------------] 256/444  loss=0.2397
  train [#######################-----------------] 260/444  loss=0.2388
  train [#######################-----------------] 264/444  loss=0.2387
  train [########################----------------] 268/444  loss=0.2394
  train [########################----------------] 272/444  loss=0.2393
  train [########################----------------] 276/444  loss=0.2393
  train [#########################---------------] 280/444  loss=0.2387
  train [#########################---------------] 284/444  loss=0.2386
  train [#########################---------------] 288/444  loss=0.2386
  train [##########################--------------] 292/444  loss=0.2397
  train [##########################--------------] 296/444  loss=0.2385
  train [###########################-------------] 300/444  loss=0.2386
  train [###########################-------------] 304/444  loss=0.2376
  train [###########################-------------] 308/444  loss=0.2382
  train [############################------------] 312/444  loss=0.2384
  train [############################------------] 316/444  loss=0.2371
  train [############################------------] 320/444  loss=0.2369
  train [#############################-----------] 324/444  loss=0.2363
  train [#############################-----------] 328/444  loss=0.2363
  train [#############################-----------] 332/444  loss=0.2362
  train [##############################----------] 336/444  loss=0.2351
  train [##############################----------] 340/444  loss=0.2351
  train [##############################----------] 344/444  loss=0.2352
  train [###############################---------] 348/444  loss=0.2348
  train [###############################---------] 352/444  loss=0.2349
  train [################################--------] 356/444  loss=0.2346
  train [################################--------] 360/444  loss=0.2349
  train [################################--------] 364/444  loss=0.2340
  train [#################################-------] 368/444  loss=0.2337
  train [#################################-------] 372/444  loss=0.2324
  train [#################################-------] 376/444  loss=0.2319
  train [##################################------] 380/444  loss=0.2317
  train [##################################------] 384/444  loss=0.2322
  train [##################################------] 388/444  loss=0.2322
  train [###################################-----] 392/444  loss=0.2326
  train [###################################-----] 396/444  loss=0.2342
  train [####################################----] 400/444  loss=0.2344
  train [####################################----] 404/444  loss=0.2343
  train [####################################----] 408/444  loss=0.2337
  train [#####################################---] 412/444  loss=0.2346
  train [#####################################---] 416/444  loss=0.2343
  train [#####################################---] 420/444  loss=0.2339
  train [######################################--] 424/444  loss=0.2335
  train [######################################--] 428/444  loss=0.2337
  train [######################################--] 432/444  loss=0.2345
  train [#######################################-] 436/444  loss=0.2350
  train [#######################################-] 440/444  loss=0.2350
  train [########################################] 444/444  loss=0.2344
  val   [----------------------------------------] 1/93
  val   [----------------------------------------] 2/93
  val   [#---------------------------------------] 3/93
  val   [#---------------------------------------] 4/93
  val   [##--------------------------------------] 5/93
  val   [##--------------------------------------] 6/93
  val   [###-------------------------------------] 7/93
  val   [###-------------------------------------] 8/93
  val   [###-------------------------------------] 9/93
  val   [####------------------------------------] 10/93
  val   [####------------------------------------] 11/93
  val   [#####-----------------------------------] 12/93
  val   [#####-----------------------------------] 13/93
  val   [######----------------------------------] 14/93
  val   [######----------------------------------] 15/93
  val   [######----------------------------------] 16/93
  val   [#######---------------------------------] 17/93
  val   [#######---------------------------------] 18/93
  val   [########--------------------------------] 19/93
  val   [########--------------------------------] 20/93
  val   [#########-------------------------------] 21/93
  val   [#########-------------------------------] 22/93
  val   [#########-------------------------------] 23/93
  val   [##########------------------------------] 24/93
  val   [##########------------------------------] 25/93
  val   [###########-----------------------------] 26/93
  val   [###########-----------------------------] 27/93
  val   [############----------------------------] 28/93
  val   [############----------------------------] 29/93
  val   [############----------------------------] 30/93
  val   [#############---------------------------] 31/93
  val   [#############---------------------------] 32/93
  val   [##############--------------------------] 33/93
  val   [##############--------------------------] 34/93
  val   [###############-------------------------] 35/93
  val   [###############-------------------------] 36/93
  val   [###############-------------------------] 37/93
  val   [################------------------------] 38/93
  val   [################------------------------] 39/93
  val   [#################-----------------------] 40/93
  val   [#################-----------------------] 41/93
  val   [##################----------------------] 42/93
  val   [##################----------------------] 43/93
  val   [##################----------------------] 44/93
  val   [###################---------------------] 45/93
  val   [###################---------------------] 46/93
  val   [####################--------------------] 47/93
  val   [####################--------------------] 48/93
  val   [#####################-------------------] 49/93
  val   [#####################-------------------] 50/93
  val   [#####################-------------------] 51/93
  val   [######################------------------] 52/93
  val   [######################------------------] 53/93
  val   [#######################-----------------] 54/93
  val   [#######################-----------------] 55/93
  val   [########################----------------] 56/93
  val   [########################----------------] 57/93
  val   [########################----------------] 58/93
  val   [#########################---------------] 59/93
  val   [#########################---------------] 60/93
  val   [##########################--------------] 61/93
  val   [##########################--------------] 62/93
  val   [###########################-------------] 63/93
  val   [###########################-------------] 64/93
  val   [###########################-------------] 65/93
  val   [############################------------] 66/93
  val   [############################------------] 67/93
  val   [#############################-----------] 68/93
  val   [#############################-----------] 69/93
  val   [##############################----------] 70/93
  val   [##############################----------] 71/93
  val   [##############################----------] 72/93
  val   [###############################---------] 73/93
  val   [###############################---------] 74/93
  val   [################################--------] 75/93
  val   [################################--------] 76/93
  val   [#################################-------] 77/93
  val   [#################################-------] 78/93
  val   [#################################-------] 79/93
  val   [##################################------] 80/93
  val   [##################################------] 81/93
  val   [###################################-----] 82/93
  val   [###################################-----] 83/93
  val   [####################################----] 84/93
  val   [####################################----] 85/93
  val   [####################################----] 86/93
  val   [#####################################---] 87/93
  val   [#####################################---] 88/93
  val   [######################################--] 89/93
  val   [######################################--] 90/93
  val   [#######################################-] 91/93
  val   [#######################################-] 92/93
  val   [########################################] 93/93
Epoch   5 | train_loss=0.2347 | val_loss=0.3983 | val_acc=0.9078
  train [----------------------------------------] 4/444  loss=0.1790
  train [----------------------------------------] 8/444  loss=0.1760
  train [#---------------------------------------] 12/444  loss=0.1435
  train [#---------------------------------------] 16/444  loss=0.1574
  train [#---------------------------------------] 20/444  loss=0.1402
  train [##--------------------------------------] 24/444  loss=0.1407
  train [##--------------------------------------] 28/444  loss=0.1356
  train [##--------------------------------------] 32/444  loss=0.1437
  train [###-------------------------------------] 36/444  loss=0.1441
  train [###-------------------------------------] 40/444  loss=0.1429
  train [###-------------------------------------] 44/444  loss=0.1414
  train [####------------------------------------] 48/444  loss=0.1392
  train [####------------------------------------] 52/444  loss=0.1371
  train [#####-----------------------------------] 56/444  loss=0.1352
  train [#####-----------------------------------] 60/444  loss=0.1330
  train [#####-----------------------------------] 64/444  loss=0.1337
  train [######----------------------------------] 68/444  loss=0.1343
  train [######----------------------------------] 72/444  loss=0.1336
  train [######----------------------------------] 76/444  loss=0.1317
  train [#######---------------------------------] 80/444  loss=0.1300
  train [#######---------------------------------] 84/444  loss=0.1283
  train [#######---------------------------------] 88/444  loss=0.1254
  train [########--------------------------------] 92/444  loss=0.1233
  train [########--------------------------------] 96/444  loss=0.1230
  train [#########-------------------------------] 100/444  loss=0.1221
  train [#########-------------------------------] 104/444  loss=0.1218
  train [#########-------------------------------] 108/444  loss=0.1195
  train [##########------------------------------] 112/444  loss=0.1181
  train [##########------------------------------] 116/444  loss=0.1187
  train [##########------------------------------] 120/444  loss=0.1189
  train [###########-----------------------------] 124/444  loss=0.1186
  train [###########-----------------------------] 128/444  loss=0.1188
  train [###########-----------------------------] 132/444  loss=0.1176
  train [############----------------------------] 136/444  loss=0.1169
  train [############----------------------------] 140/444  loss=0.1161
  train [############----------------------------] 144/444  loss=0.1148
  train [#############---------------------------] 148/444  loss=0.1136
  train [#############---------------------------] 152/444  loss=0.1135
  train [##############--------------------------] 156/444  loss=0.1119
  train [##############--------------------------] 160/444  loss=0.1115
  train [##############--------------------------] 164/444  loss=0.1103
  train [###############-------------------------] 168/444  loss=0.1093
  train [###############-------------------------] 172/444  loss=0.1092
  train [###############-------------------------] 176/444  loss=0.1090
  train [################------------------------] 180/444  loss=0.1088
  train [################------------------------] 184/444  loss=0.1087
  train [################------------------------] 188/444  loss=0.1084
  train [#################-----------------------] 192/444  loss=0.1079
  train [#################-----------------------] 196/444  loss=0.1072
  train [##################----------------------] 200/444  loss=0.1071
  train [##################----------------------] 204/444  loss=0.1056
  train [##################----------------------] 208/444  loss=0.1050
  train [###################---------------------] 212/444  loss=0.1039
  train [###################---------------------] 216/444  loss=0.1029
  train [###################---------------------] 220/444  loss=0.1027
  train [####################--------------------] 224/444  loss=0.1023
  train [####################--------------------] 228/444  loss=0.1027
  train [####################--------------------] 232/444  loss=0.1021
  train [#####################-------------------] 236/444  loss=0.1014
  train [#####################-------------------] 240/444  loss=0.1014
  train [#####################-------------------] 244/444  loss=0.1018
  train [######################------------------] 248/444  loss=0.1019
  train [######################------------------] 252/444  loss=0.1021
  train [#######################-----------------] 256/444  loss=0.1023
  train [#######################-----------------] 260/444  loss=0.1015
  train [#######################-----------------] 264/444  loss=0.1021
  train [########################----------------] 268/444  loss=0.1027
  train [########################----------------] 272/444  loss=0.1028
  train [########################----------------] 276/444  loss=0.1038
  train [#########################---------------] 280/444  loss=0.1033
  train [#########################---------------] 284/444  loss=0.1029
  train [#########################---------------] 288/444  loss=0.1029
  train [##########################--------------] 292/444  loss=0.1032
  train [##########################--------------] 296/444  loss=0.1034
  train [###########################-------------] 300/444  loss=0.1030
  train [###########################-------------] 304/444  loss=0.1028
  train [###########################-------------] 308/444  loss=0.1025
  train [############################------------] 312/444  loss=0.1034
  train [############################------------] 316/444  loss=0.1033
  train [############################------------] 320/444  loss=0.1033
  train [#############################-----------] 324/444  loss=0.1027
  train [#############################-----------] 328/444  loss=0.1035
  train [#############################-----------] 332/444  loss=0.1045
  train [##############################----------] 336/444  loss=0.1039
  train [##############################----------] 340/444  loss=0.1045
  train [##############################----------] 344/444  loss=0.1046
  train [###############################---------] 348/444  loss=0.1047
  train [###############################---------] 352/444  loss=0.1045
  train [################################--------] 356/444  loss=0.1048
  train [################################--------] 360/444  loss=0.1054
  train [################################--------] 364/444  loss=0.1056
  train [#################################-------] 368/444  loss=0.1055
  train [#################################-------] 372/444  loss=0.1053
  train [#################################-------] 376/444  loss=0.1052
  train [##################################------] 380/444  loss=0.1054
  train [##################################------] 384/444  loss=0.1055
  train [##################################------] 388/444  loss=0.1050
  train [###################################-----] 392/444  loss=0.1046
  train [###################################-----] 396/444  loss=0.1050
  train [####################################----] 400/444  loss=0.1048
  train [####################################----] 404/444  loss=0.1051
  train [####################################----] 408/444  loss=0.1046
  train [#####################################---] 412/444  loss=0.1047
  train [#####################################---] 416/444  loss=0.1042
  train [#####################################---] 420/444  loss=0.1041
  train [######################################--] 424/444  loss=0.1037
  train [######################################--] 428/444  loss=0.1041
  train [######################################--] 432/444  loss=0.1043
  train [#######################################-] 436/444  loss=0.1046
  train [#######################################-] 440/444  loss=0.1050
  train [########################################] 444/444  loss=0.1045
  val   [----------------------------------------] 1/93
  val   [----------------------------------------] 2/93
  val   [#---------------------------------------] 3/93
  val   [#---------------------------------------] 4/93
  val   [##--------------------------------------] 5/93
  val   [##--------------------------------------] 6/93
  val   [###-------------------------------------] 7/93
  val   [###-------------------------------------] 8/93
  val   [###-------------------------------------] 9/93
  val   [####------------------------------------] 10/93
  val   [####------------------------------------] 11/93
  val   [#####-----------------------------------] 12/93
  val   [#####-----------------------------------] 13/93
  val   [######----------------------------------] 14/93
  val   [######----------------------------------] 15/93
  val   [######----------------------------------] 16/93
  val   [#######---------------------------------] 17/93
  val   [#######---------------------------------] 18/93
  val   [########--------------------------------] 19/93
  val   [########--------------------------------] 20/93
  val   [#########-------------------------------] 21/93
  val   [#########-------------------------------] 22/93
  val   [#########-------------------------------] 23/93
  val   [##########------------------------------] 24/93
  val   [##########------------------------------] 25/93
  val   [###########-----------------------------] 26/93
  val   [###########-----------------------------] 27/93
  val   [############----------------------------] 28/93
  val   [############----------------------------] 29/93
  val   [############----------------------------] 30/93
  val   [#############---------------------------] 31/93
  val   [#############---------------------------] 32/93
  val   [##############--------------------------] 33/93
  val   [##############--------------------------] 34/93
  val   [###############-------------------------] 35/93
  val   [###############-------------------------] 36/93
  val   [###############-------------------------] 37/93
  val   [################------------------------] 38/93
  val   [################------------------------] 39/93
  val   [#################-----------------------] 40/93
  val   [#################-----------------------] 41/93
  val   [##################----------------------] 42/93
  val   [##################----------------------] 43/93
  val   [##################----------------------] 44/93
  val   [###################---------------------] 45/93
  val   [###################---------------------] 46/93
  val   [####################--------------------] 47/93
  val   [####################--------------------] 48/93
  val   [#####################-------------------] 49/93
  val   [#####################-------------------] 50/93
  val   [#####################-------------------] 51/93
  val   [######################------------------] 52/93
  val   [######################------------------] 53/93
  val   [#######################-----------------] 54/93
  val   [#######################-----------------] 55/93
  val   [########################----------------] 56/93
  val   [########################----------------] 57/93
  val   [########################----------------] 58/93
  val   [#########################---------------] 59/93
  val   [#########################---------------] 60/93
  val   [##########################--------------] 61/93
  val   [##########################--------------] 62/93
  val   [###########################-------------] 63/93
  val   [###########################-------------] 64/93
  val   [###########################-------------] 65/93
  val   [############################------------] 66/93
  val   [############################------------] 67/93
  val   [#############################-----------] 68/93
  val   [#############################-----------] 69/93
  val   [##############################----------] 70/93
  val   [##############################----------] 71/93
  val   [##############################----------] 72/93
  val   [###############################---------] 73/93
  val   [###############################---------] 74/93
  val   [################################--------] 75/93
  val   [################################--------] 76/93
  val   [#################################-------] 77/93
  val   [#################################-------] 78/93
  val   [#################################-------] 79/93
  val   [##################################------] 80/93
  val   [##################################------] 81/93
  val   [###################################-----] 82/93
  val   [###################################-----] 83/93
  val   [####################################----] 84/93
  val   [####################################----] 85/93
  val   [####################################----] 86/93
  val   [#####################################---] 87/93
  val   [#####################################---] 88/93
  val   [######################################--] 89/93
  val   [######################################--] 90/93
  val   [#######################################-] 91/93
  val   [#######################################-] 92/93
  val   [########################################] 93/93
Epoch   6 | train_loss=0.1047 | val_loss=0.3534 | val_acc=0.9193
  train [----------------------------------------] 4/444  loss=0.0414
  train [----------------------------------------] 8/444  loss=0.0549
  train [#---------------------------------------] 12/444  loss=0.0567
  train [#---------------------------------------] 16/444  loss=0.0590
  train [#---------------------------------------] 20/444  loss=0.0632
  train [##--------------------------------------] 24/444  loss=0.0629
  train [##--------------------------------------] 28/444  loss=0.0597
  train [##--------------------------------------] 32/444  loss=0.0592
  train [###-------------------------------------] 36/444  loss=0.0576
  train [###-------------------------------------] 40/444  loss=0.0618
  train [###-------------------------------------] 44/444  loss=0.0631
  train [####------------------------------------] 48/444  loss=0.0605
  train [####------------------------------------] 52/444  loss=0.0595
  train [#####-----------------------------------] 56/444  loss=0.0633
  train [#####-----------------------------------] 60/444  loss=0.0631
  train [#####-----------------------------------] 64/444  loss=0.0621
  train [######----------------------------------] 68/444  loss=0.0625
  train [######----------------------------------] 72/444  loss=0.0624
  train [######----------------------------------] 76/444  loss=0.0614
  train [#######---------------------------------] 80/444  loss=0.0609
  train [#######---------------------------------] 84/444  loss=0.0598
  train [#######---------------------------------] 88/444  loss=0.0589
  train [########--------------------------------] 92/444  loss=0.0588
  train [########--------------------------------] 96/444  loss=0.0577
  train [#########-------------------------------] 100/444  loss=0.0575
  train [#########-------------------------------] 104/444  loss=0.0576
  train [#########-------------------------------] 108/444  loss=0.0582
  train [##########------------------------------] 112/444  loss=0.0568
  train [##########------------------------------] 116/444  loss=0.0557
  train [##########------------------------------] 120/444  loss=0.0563
  train [###########-----------------------------] 124/444  loss=0.0558
  train [###########-----------------------------] 128/444  loss=0.0556
  train [###########-----------------------------] 132/444  loss=0.0569
  train [############----------------------------] 136/444  loss=0.0566
  train [############----------------------------] 140/444  loss=0.0567
  train [############----------------------------] 144/444  loss=0.0566
  train [#############---------------------------] 148/444  loss=0.0566
  train [#############---------------------------] 152/444  loss=0.0564
  train [##############--------------------------] 156/444  loss=0.0565
  train [##############--------------------------] 160/444  loss=0.0560
  train [##############--------------------------] 164/444  loss=0.0563
  train [###############-------------------------] 168/444  loss=0.0561
  train [###############-------------------------] 172/444  loss=0.0557
  train [###############-------------------------] 176/444  loss=0.0555
  train [################------------------------] 180/444  loss=0.0556
  train [################------------------------] 184/444  loss=0.0563
  train [################------------------------] 188/444  loss=0.0569
  train [#################-----------------------] 192/444  loss=0.0561
  train [#################-----------------------] 196/444  loss=0.0558
  train [##################----------------------] 200/444  loss=0.0556
  train [##################----------------------] 204/444  loss=0.0552
  train [##################----------------------] 208/444  loss=0.0551
  train [###################---------------------] 212/444  loss=0.0546
  train [###################---------------------] 216/444  loss=0.0547
  train [###################---------------------] 220/444  loss=0.0541
  train [####################--------------------] 224/444  loss=0.0540
  train [####################--------------------] 228/444  loss=0.0544
  train [####################--------------------] 232/444  loss=0.0540
  train [#####################-------------------] 236/444  loss=0.0557
  train [#####################-------------------] 240/444  loss=0.0555
  train [#####################-------------------] 244/444  loss=0.0553
  train [######################------------------] 248/444  loss=0.0555
  train [######################------------------] 252/444  loss=0.0552
  train [#######################-----------------] 256/444  loss=0.0550
  train [#######################-----------------] 260/444  loss=0.0544
  train [#######################-----------------] 264/444  loss=0.0543
  train [########################----------------] 268/444  loss=0.0541
  train [########################----------------] 272/444  loss=0.0545
  train [########################----------------] 276/444  loss=0.0547
  train [#########################---------------] 280/444  loss=0.0545
  train [#########################---------------] 284/444  loss=0.0546
  train [#########################---------------] 288/444  loss=0.0552
  train [##########################--------------] 292/444  loss=0.0549
  train [##########################--------------] 296/444  loss=0.0549
  train [###########################-------------] 300/444  loss=0.0547
  train [###########################-------------] 304/444  loss=0.0545
  train [###########################-------------] 308/444  loss=0.0544
  train [############################------------] 312/444  loss=0.0545
  train [############################------------] 316/444  loss=0.0543
  train [############################------------] 320/444  loss=0.0548
  train [#############################-----------] 324/444  loss=0.0545
  train [#############################-----------] 328/444  loss=0.0546
  train [#############################-----------] 332/444  loss=0.0549
  train [##############################----------] 336/444  loss=0.0554
  train [##############################----------] 340/444  loss=0.0553
  train [##############################----------] 344/444  loss=0.0555
  train [###############################---------] 348/444  loss=0.0555
  train [###############################---------] 352/444  loss=0.0557
  train [################################--------] 356/444  loss=0.0556
  train [################################--------] 360/444  loss=0.0557
  train [################################--------] 364/444  loss=0.0557
  train [#################################-------] 368/444  loss=0.0556
  train [#################################-------] 372/444  loss=0.0557
  train [#################################-------] 376/444  loss=0.0555
  train [##################################------] 380/444  loss=0.0557
  train [##################################------] 384/444  loss=0.0560
  train [##################################------] 388/444  loss=0.0561
  train [###################################-----] 392/444  loss=0.0570
  train [###################################-----] 396/444  loss=0.0571
  train [####################################----] 400/444  loss=0.0575
  train [####################################----] 404/444  loss=0.0578
  train [####################################----] 408/444  loss=0.0576
  train [#####################################---] 412/444  loss=0.0578
  train [#####################################---] 416/444  loss=0.0575
  train [#####################################---] 420/444  loss=0.0576
  train [######################################--] 424/444  loss=0.0578
  train [######################################--] 428/444  loss=0.0578
  train [######################################--] 432/444  loss=0.0580
  train [#######################################-] 436/444  loss=0.0577
  train [#######################################-] 440/444  loss=0.0576
  train [########################################] 444/444  loss=0.0575
  val   [----------------------------------------] 1/93
  val   [----------------------------------------] 2/93
  val   [#---------------------------------------] 3/93
  val   [#---------------------------------------] 4/93
  val   [##--------------------------------------] 5/93
  val   [##--------------------------------------] 6/93
  val   [###-------------------------------------] 7/93
  val   [###-------------------------------------] 8/93
  val   [###-------------------------------------] 9/93
  val   [####------------------------------------] 10/93
  val   [####------------------------------------] 11/93
  val   [#####-----------------------------------] 12/93
  val   [#####-----------------------------------] 13/93
  val   [######----------------------------------] 14/93
  val   [######----------------------------------] 15/93
  val   [######----------------------------------] 16/93
  val   [#######---------------------------------] 17/93
  val   [#######---------------------------------] 18/93
  val   [########--------------------------------] 19/93
  val   [########--------------------------------] 20/93
  val   [#########-------------------------------] 21/93
  val   [#########-------------------------------] 22/93
  val   [#########-------------------------------] 23/93
  val   [##########------------------------------] 24/93
  val   [##########------------------------------] 25/93
  val   [###########-----------------------------] 26/93
  val   [###########-----------------------------] 27/93
  val   [############----------------------------] 28/93
  val   [############----------------------------] 29/93
  val   [############----------------------------] 30/93
  val   [#############---------------------------] 31/93
  val   [#############---------------------------] 32/93
  val   [##############--------------------------] 33/93
  val   [##############--------------------------] 34/93
  val   [###############-------------------------] 35/93
  val   [###############-------------------------] 36/93
  val   [###############-------------------------] 37/93
  val   [################------------------------] 38/93
  val   [################------------------------] 39/93
  val   [#################-----------------------] 40/93
  val   [#################-----------------------] 41/93
  val   [##################----------------------] 42/93
  val   [##################----------------------] 43/93
  val   [##################----------------------] 44/93
  val   [###################---------------------] 45/93
  val   [###################---------------------] 46/93
  val   [####################--------------------] 47/93
  val   [####################--------------------] 48/93
  val   [#####################-------------------] 49/93
  val   [#####################-------------------] 50/93
  val   [#####################-------------------] 51/93
  val   [######################------------------] 52/93
  val   [######################------------------] 53/93
  val   [#######################-----------------] 54/93
  val   [#######################-----------------] 55/93
  val   [########################----------------] 56/93
  val   [########################----------------] 57/93
  val   [########################----------------] 58/93
  val   [#########################---------------] 59/93
  val   [#########################---------------] 60/93
  val   [##########################--------------] 61/93
  val   [##########################--------------] 62/93
  val   [###########################-------------] 63/93
  val   [###########################-------------] 64/93
  val   [###########################-------------] 65/93
  val   [############################------------] 66/93
  val   [############################------------] 67/93
  val   [#############################-----------] 68/93
  val   [#############################-----------] 69/93
  val   [##############################----------] 70/93
  val   [##############################----------] 71/93
  val   [##############################----------] 72/93
  val   [###############################---------] 73/93
  val   [###############################---------] 74/93
  val   [################################--------] 75/93
  val   [################################--------] 76/93
  val   [#################################-------] 77/93
  val   [#################################-------] 78/93
  val   [#################################-------] 79/93
  val   [##################################------] 80/93
  val   [##################################------] 81/93
  val   [###################################-----] 82/93
  val   [###################################-----] 83/93
  val   [####################################----] 84/93
  val   [####################################----] 85/93
  val   [####################################----] 86/93
  val   [#####################################---] 87/93
  val   [#####################################---] 88/93
  val   [######################################--] 89/93
  val   [######################################--] 90/93
  val   [#######################################-] 91/93
  val   [#######################################-] 92/93
  val   [########################################] 93/93
Epoch   7 | train_loss=0.0576 | val_loss=0.3062 | val_acc=0.9304
  -> best model saved (val_loss=0.3062)
  train [----------------------------------------] 4/444  loss=0.0454
  train [----------------------------------------] 8/444  loss=0.0520
  train [#---------------------------------------] 12/444  loss=0.0595
  train [#---------------------------------------] 16/444  loss=0.0619
  train [#---------------------------------------] 20/444  loss=0.0522
  train [##--------------------------------------] 24/444  loss=0.0475
  train [##--------------------------------------] 28/444  loss=0.0557
  train [##--------------------------------------] 32/444  loss=0.0517
  train [###-------------------------------------] 36/444  loss=0.0501
  train [###-------------------------------------] 40/444  loss=0.0463
  train [###-------------------------------------] 44/444  loss=0.0452
  train [####------------------------------------] 48/444  loss=0.0432
  train [####------------------------------------] 52/444  loss=0.0414
  train [#####-----------------------------------] 56/444  loss=0.0399
  train [#####-----------------------------------] 60/444  loss=0.0389
  train [#####-----------------------------------] 64/444  loss=0.0384
  train [######----------------------------------] 68/444  loss=0.0378
  train [######----------------------------------] 72/444  loss=0.0366
  train [######----------------------------------] 76/444  loss=0.0361
  train [#######---------------------------------] 80/444  loss=0.0354
  train [#######---------------------------------] 84/444  loss=0.0349
  train [#######---------------------------------] 88/444  loss=0.0347
  train [########--------------------------------] 92/444  loss=0.0353
  train [########--------------------------------] 96/444  loss=0.0347
  train [#########-------------------------------] 100/444  loss=0.0342
  train [#########-------------------------------] 104/444  loss=0.0344
  train [#########-------------------------------] 108/444  loss=0.0340
  train [##########------------------------------] 112/444  loss=0.0345
  train [##########------------------------------] 116/444  loss=0.0346
  train [##########------------------------------] 120/444  loss=0.0341
  train [###########-----------------------------] 124/444  loss=0.0336
  train [###########-----------------------------] 128/444  loss=0.0337
  train [###########-----------------------------] 132/444  loss=0.0349
  train [############----------------------------] 136/444  loss=0.0359
  train [############----------------------------] 140/444  loss=0.0357
  train [############----------------------------] 144/444  loss=0.0367
  train [#############---------------------------] 148/444  loss=0.0377
  train [#############---------------------------] 152/444  loss=0.0387
  train [##############--------------------------] 156/444  loss=0.0381
  train [##############--------------------------] 160/444  loss=0.0387
  train [##############--------------------------] 164/444  loss=0.0385
  train [###############-------------------------] 168/444  loss=0.0394
  train [###############-------------------------] 172/444  loss=0.0398
  train [###############-------------------------] 176/444  loss=0.0405
  train [################------------------------] 180/444  loss=0.0405
  train [################------------------------] 184/444  loss=0.0409
  train [################------------------------] 188/444  loss=0.0410
  train [#################-----------------------] 192/444  loss=0.0407
  train [#################-----------------------] 196/444  loss=0.0408
  train [##################----------------------] 200/444  loss=0.0407
  train [##################----------------------] 204/444  loss=0.0407
  train [##################----------------------] 208/444  loss=0.0417
  train [###################---------------------] 212/444  loss=0.0415
  train [###################---------------------] 216/444  loss=0.0420
  train [###################---------------------] 220/444  loss=0.0418
  train [####################--------------------] 224/444  loss=0.0416
  train [####################--------------------] 228/444  loss=0.0414
  train [####################--------------------] 232/444  loss=0.0412
  train [#####################-------------------] 236/444  loss=0.0408
  train [#####################-------------------] 240/444  loss=0.0403
  train [#####################-------------------] 244/444  loss=0.0401
  train [######################------------------] 248/444  loss=0.0398
  train [######################------------------] 252/444  loss=0.0394
  train [#######################-----------------] 256/444  loss=0.0390
  train [#######################-----------------] 260/444  loss=0.0388
  train [#######################-----------------] 264/444  loss=0.0393
  train [########################----------------] 268/444  loss=0.0394
  train [########################----------------] 272/444  loss=0.0396
  train [########################----------------] 276/444  loss=0.0394
  train [#########################---------------] 280/444  loss=0.0393
  train [#########################---------------] 284/444  loss=0.0397
  train [#########################---------------] 288/444  loss=0.0396
  train [##########################--------------] 292/444  loss=0.0394
  train [##########################--------------] 296/444  loss=0.0400
  train [###########################-------------] 300/444  loss=0.0399
  train [###########################-------------] 304/444  loss=0.0398
  train [###########################-------------] 308/444  loss=0.0397
  train [############################------------] 312/444  loss=0.0394
  train [############################------------] 316/444  loss=0.0395
  train [############################------------] 320/444  loss=0.0393
  train [#############################-----------] 324/444  loss=0.0399
  train [#############################-----------] 328/444  loss=0.0399
  train [#############################-----------] 332/444  loss=0.0397
  train [##############################----------] 336/444  loss=0.0396
  train [##############################----------] 340/444  loss=0.0394
  train [##############################----------] 344/444  loss=0.0392
  train [###############################---------] 348/444  loss=0.0394
  train [###############################---------] 352/444  loss=0.0392
  train [################################--------] 356/444  loss=0.0391
  train [################################--------] 360/444  loss=0.0389
  train [################################--------] 364/444  loss=0.0393
  train [#################################-------] 368/444  loss=0.0391
  train [#################################-------] 372/444  loss=0.0392
  train [#################################-------] 376/444  loss=0.0392
  train [##################################------] 380/444  loss=0.0393
  train [##################################------] 384/444  loss=0.0393
  train [##################################------] 388/444  loss=0.0396
  train [###################################-----] 392/444  loss=0.0397
  train [###################################-----] 396/444  loss=0.0400
  train [####################################----] 400/444  loss=0.0399
  train [####################################----] 404/444  loss=0.0400
  train [####################################----] 408/444  loss=0.0400
  train [#####################################---] 412/444  loss=0.0404
  train [#####################################---] 416/444  loss=0.0405
  train [#####################################---] 420/444  loss=0.0405
  train [######################################--] 424/444  loss=0.0406
  train [######################################--] 428/444  loss=0.0405
  train [######################################--] 432/444  loss=0.0407
  train [#######################################-] 436/444  loss=0.0407
  train [#######################################-] 440/444  loss=0.0409
  train [########################################] 444/444  loss=0.0408
  val   [----------------------------------------] 1/93
  val   [----------------------------------------] 2/93
  val   [#---------------------------------------] 3/93
  val   [#---------------------------------------] 4/93
  val   [##--------------------------------------] 5/93
  val   [##--------------------------------------] 6/93
  val   [###-------------------------------------] 7/93
  val   [###-------------------------------------] 8/93
  val   [###-------------------------------------] 9/93
  val   [####------------------------------------] 10/93
  val   [####------------------------------------] 11/93
  val   [#####-----------------------------------] 12/93
  val   [#####-----------------------------------] 13/93
  val   [######----------------------------------] 14/93
  val   [######----------------------------------] 15/93
  val   [######----------------------------------] 16/93
  val   [#######---------------------------------] 17/93
  val   [#######---------------------------------] 18/93
  val   [########--------------------------------] 19/93
  val   [########--------------------------------] 20/93
  val   [#########-------------------------------] 21/93
  val   [#########-------------------------------] 22/93
  val   [#########-------------------------------] 23/93
  val   [##########------------------------------] 24/93
  val   [##########------------------------------] 25/93
  val   [###########-----------------------------] 26/93
  val   [###########-----------------------------] 27/93
  val   [############----------------------------] 28/93
  val   [############----------------------------] 29/93
  val   [############----------------------------] 30/93
  val   [#############---------------------------] 31/93
  val   [#############---------------------------] 32/93
  val   [##############--------------------------] 33/93
  val   [##############--------------------------] 34/93
  val   [###############-------------------------] 35/93
  val   [###############-------------------------] 36/93
  val   [###############-------------------------] 37/93
  val   [################------------------------] 38/93
  val   [################------------------------] 39/93
  val   [#################-----------------------] 40/93
  val   [#################-----------------------] 41/93
  val   [##################----------------------] 42/93
  val   [##################----------------------] 43/93
  val   [##################----------------------] 44/93
  val   [###################---------------------] 45/93
  val   [###################---------------------] 46/93
  val   [####################--------------------] 47/93
  val   [####################--------------------] 48/93
  val   [#####################-------------------] 49/93
  val   [#####################-------------------] 50/93
  val   [#####################-------------------] 51/93
  val   [######################------------------] 52/93
  val   [######################------------------] 53/93
  val   [#######################-----------------] 54/93
  val   [#######################-----------------] 55/93
  val   [########################----------------] 56/93
  val   [########################----------------] 57/93
  val   [########################----------------] 58/93
  val   [#########################---------------] 59/93
  val   [#########################---------------] 60/93
  val   [##########################--------------] 61/93
  val   [##########################--------------] 62/93
  val   [###########################-------------] 63/93
  val   [###########################-------------] 64/93
  val   [###########################-------------] 65/93
  val   [############################------------] 66/93
  val   [############################------------] 67/93
  val   [#############################-----------] 68/93
  val   [#############################-----------] 69/93
  val   [##############################----------] 70/93
  val   [##############################----------] 71/93
  val   [##############################----------] 72/93
  val   [###############################---------] 73/93
  val   [###############################---------] 74/93
  val   [################################--------] 75/93
  val   [################################--------] 76/93
  val   [#################################-------] 77/93
  val   [#################################-------] 78/93
  val   [#################################-------] 79/93
  val   [##################################------] 80/93
  val   [##################################------] 81/93
  val   [###################################-----] 82/93
  val   [###################################-----] 83/93
  val   [####################################----] 84/93
  val   [####################################----] 85/93
  val   [####################################----] 86/93
  val   [#####################################---] 87/93
  val   [#####################################---] 88/93
  val   [######################################--] 89/93
  val   [######################################--] 90/93
  val   [#######################################-] 91/93
  val   [#######################################-] 92/93
  val   [########################################] 93/93
Epoch   8 | train_loss=0.0409 | val_loss=0.3577 | val_acc=0.9274
  train [----------------------------------------] 4/444  loss=0.0427
  train [----------------------------------------] 8/444  loss=0.0348
  train [#---------------------------------------] 12/444  loss=0.1114
  train [#---------------------------------------] 16/444  loss=0.1036
  train [#---------------------------------------] 20/444  loss=0.0904
  train [##--------------------------------------] 24/444  loss=0.0804
  train [##--------------------------------------] 28/444  loss=0.0715
  train [##--------------------------------------] 32/444  loss=0.0707
  train [###-------------------------------------] 36/444  loss=0.0672
  train [###-------------------------------------] 40/444  loss=0.0638
  train [###-------------------------------------] 44/444  loss=0.0631
  train [####------------------------------------] 48/444  loss=0.0605
  train [####------------------------------------] 52/444  loss=0.0577
  train [#####-----------------------------------] 56/444  loss=0.0573
  train [#####-----------------------------------] 60/444  loss=0.0554
  train [#####-----------------------------------] 64/444  loss=0.0528
  train [######----------------------------------] 68/444  loss=0.0511
  train [######----------------------------------] 72/444  loss=0.0503
  train [######----------------------------------] 76/444  loss=0.0497
  train [#######---------------------------------] 80/444  loss=0.0496
  train [#######---------------------------------] 84/444  loss=0.0490
  train [#######---------------------------------] 88/444  loss=0.0477
  train [########--------------------------------] 92/444  loss=0.0480
  train [########--------------------------------] 96/444  loss=0.0476
  train [#########-------------------------------] 100/444  loss=0.0467
  train [#########-------------------------------] 104/444  loss=0.0456
  train [#########-------------------------------] 108/444  loss=0.0452
  train [##########------------------------------] 112/444  loss=0.0447
  train [##########------------------------------] 116/444  loss=0.0445
  train [##########------------------------------] 120/444  loss=0.0439
  train [###########-----------------------------] 124/444  loss=0.0435
  train [###########-----------------------------] 128/444  loss=0.0443
  train [###########-----------------------------] 132/444  loss=0.0435
  train [############----------------------------] 136/444  loss=0.0430
  train [############----------------------------] 140/444  loss=0.0423
  train [############----------------------------] 144/444  loss=0.0415
  train [#############---------------------------] 148/444  loss=0.0414
  train [#############---------------------------] 152/444  loss=0.0412
  train [##############--------------------------] 156/444  loss=0.0416
  train [##############--------------------------] 160/444  loss=0.0413
  train [##############--------------------------] 164/444  loss=0.0410
  train [###############-------------------------] 168/444  loss=0.0403
  train [###############-------------------------] 172/444  loss=0.0399
  train [###############-------------------------] 176/444  loss=0.0393
  train [################------------------------] 180/444  loss=0.0389
  train [################------------------------] 184/444  loss=0.0388
  train [################------------------------] 188/444  loss=0.0386
  train [#################-----------------------] 192/444  loss=0.0386
  train [#################-----------------------] 196/444  loss=0.0387
  train [##################----------------------] 200/444  loss=0.0382
  train [##################----------------------] 204/444  loss=0.0381
  train [##################----------------------] 208/444  loss=0.0380
  train [###################---------------------] 212/444  loss=0.0379
  train [###################---------------------] 216/444  loss=0.0374
  train [###################---------------------] 220/444  loss=0.0372
  train [####################--------------------] 224/444  loss=0.0371
  train [####################--------------------] 228/444  loss=0.0368
  train [####################--------------------] 232/444  loss=0.0365
  train [#####################-------------------] 236/444  loss=0.0365
  train [#####################-------------------] 240/444  loss=0.0361
  train [#####################-------------------] 244/444  loss=0.0357
  train [######################------------------] 248/444  loss=0.0356
  train [######################------------------] 252/444  loss=0.0354
  train [#######################-----------------] 256/444  loss=0.0354
  train [#######################-----------------] 260/444  loss=0.0352
  train [#######################-----------------] 264/444  loss=0.0355
  train [########################----------------] 268/444  loss=0.0355
  train [########################----------------] 272/444  loss=0.0353
  train [########################----------------] 276/444  loss=0.0353
  train [#########################---------------] 280/444  loss=0.0353
  train [#########################---------------] 284/444  loss=0.0354
  train [#########################---------------] 288/444  loss=0.0356
  train [##########################--------------] 292/444  loss=0.0352
  train [##########################--------------] 296/444  loss=0.0353
  train [###########################-------------] 300/444  loss=0.0353
  train [###########################-------------] 304/444  loss=0.0351
  train [###########################-------------] 308/444  loss=0.0349
  train [############################------------] 312/444  loss=0.0350
  train [############################------------] 316/444  loss=0.0349
  train [############################------------] 320/444  loss=0.0347
  train [#############################-----------] 324/444  loss=0.0347
  train [#############################-----------] 328/444  loss=0.0349
  train [#############################-----------] 332/444  loss=0.0346
  train [##############################----------] 336/444  loss=0.0345
  train [##############################----------] 340/444  loss=0.0344
  train [##############################----------] 344/444  loss=0.0343
  train [###############################---------] 348/444  loss=0.0342
  train [###############################---------] 352/444  loss=0.0343
  train [################################--------] 356/444  loss=0.0341
  train [################################--------] 360/444  loss=0.0345
  train [################################--------] 364/444  loss=0.0344
  train [#################################-------] 368/444  loss=0.0343
  train [#################################-------] 372/444  loss=0.0343
  train [#################################-------] 376/444  loss=0.0341
  train [##################################------] 380/444  loss=0.0346
  train [##################################------] 384/444  loss=0.0345
  train [##################################------] 388/444  loss=0.0353
  train [###################################-----] 392/444  loss=0.0354
  train [###################################-----] 396/444  loss=0.0357
  train [####################################----] 400/444  loss=0.0356
  train [####################################----] 404/444  loss=0.0363
  train [####################################----] 408/444  loss=0.0364
  train [#####################################---] 412/444  loss=0.0366
  train [#####################################---] 416/444  loss=0.0364
  train [#####################################---] 420/444  loss=0.0363
  train [######################################--] 424/444  loss=0.0363
  train [######################################--] 428/444  loss=0.0365
  train [######################################--] 432/444  loss=0.0366
  train [#######################################-] 436/444  loss=0.0365
  train [#######################################-] 440/444  loss=0.0366
  train [########################################] 444/444  loss=0.0367
  val   [----------------------------------------] 1/93
  val   [----------------------------------------] 2/93
  val   [#---------------------------------------] 3/93
  val   [#---------------------------------------] 4/93
  val   [##--------------------------------------] 5/93
  val   [##--------------------------------------] 6/93
  val   [###-------------------------------------] 7/93
  val   [###-------------------------------------] 8/93
  val   [###-------------------------------------] 9/93
  val   [####------------------------------------] 10/93
  val   [####------------------------------------] 11/93
  val   [#####-----------------------------------] 12/93
  val   [#####-----------------------------------] 13/93
  val   [######----------------------------------] 14/93
  val   [######----------------------------------] 15/93
  val   [######----------------------------------] 16/93
  val   [#######---------------------------------] 17/93
  val   [#######---------------------------------] 18/93
  val   [########--------------------------------] 19/93
  val   [########--------------------------------] 20/93
  val   [#########-------------------------------] 21/93
  val   [#########-------------------------------] 22/93
  val   [#########-------------------------------] 23/93
  val   [##########------------------------------] 24/93
  val   [##########------------------------------] 25/93
  val   [###########-----------------------------] 26/93
  val   [###########-----------------------------] 27/93
  val   [############----------------------------] 28/93
  val   [############----------------------------] 29/93
  val   [############----------------------------] 30/93
  val   [#############---------------------------] 31/93
  val   [#############---------------------------] 32/93
  val   [##############--------------------------] 33/93
  val   [##############--------------------------] 34/93
  val   [###############-------------------------] 35/93
  val   [###############-------------------------] 36/93
  val   [###############-------------------------] 37/93
  val   [################------------------------] 38/93
  val   [################------------------------] 39/93
  val   [#################-----------------------] 40/93
  val   [#################-----------------------] 41/93
  val   [##################----------------------] 42/93
  val   [##################----------------------] 43/93
  val   [##################----------------------] 44/93
  val   [###################---------------------] 45/93
  val   [###################---------------------] 46/93
  val   [####################--------------------] 47/93
  val   [####################--------------------] 48/93
  val   [#####################-------------------] 49/93
  val   [#####################-------------------] 50/93
  val   [#####################-------------------] 51/93
  val   [######################------------------] 52/93
  val   [######################------------------] 53/93
  val   [#######################-----------------] 54/93
  val   [#######################-----------------] 55/93
  val   [########################----------------] 56/93
  val   [########################----------------] 57/93
  val   [########################----------------] 58/93
  val   [#########################---------------] 59/93
  val   [#########################---------------] 60/93
  val   [##########################--------------] 61/93
  val   [##########################--------------] 62/93
  val   [###########################-------------] 63/93
  val   [###########################-------------] 64/93
  val   [###########################-------------] 65/93
  val   [############################------------] 66/93
  val   [############################------------] 67/93
  val   [#############################-----------] 68/93
  val   [#############################-----------] 69/93
  val   [##############################----------] 70/93
  val   [##############################----------] 71/93
  val   [##############################----------] 72/93
  val   [###############################---------] 73/93
  val   [###############################---------] 74/93
  val   [################################--------] 75/93
  val   [################################--------] 76/93
  val   [#################################-------] 77/93
  val   [#################################-------] 78/93
  val   [#################################-------] 79/93
  val   [##################################------] 80/93
  val   [##################################------] 81/93
  val   [###################################-----] 82/93
  val   [###################################-----] 83/93
  val   [####################################----] 84/93
  val   [####################################----] 85/93
  val   [####################################----] 86/93
  val   [#####################################---] 87/93
  val   [#####################################---] 88/93
  val   [######################################--] 89/93
  val   [######################################--] 90/93
  val   [#######################################-] 91/93
  val   [#######################################-] 92/93
  val   [########################################] 93/93
Epoch   9 | train_loss=0.0368 | val_loss=0.3132 | val_acc=0.9338
  train [----------------------------------------] 4/444  loss=0.0161
  train [----------------------------------------] 8/444  loss=0.0454
  train [#---------------------------------------] 12/444  loss=0.0781
  train [#---------------------------------------] 16/444  loss=0.0717
  train [#---------------------------------------] 20/444  loss=0.0726
  train [##--------------------------------------] 24/444  loss=0.0724
  train [##--------------------------------------] 28/444  loss=0.0712
  train [##--------------------------------------] 32/444  loss=0.0693
  train [###-------------------------------------] 36/444  loss=0.0706
  train [###-------------------------------------] 40/444  loss=0.0741
  train [###-------------------------------------] 44/444  loss=0.0718
  train [####------------------------------------] 48/444  loss=0.0733
  train [####------------------------------------] 52/444  loss=0.0737
  train [#####-----------------------------------] 56/444  loss=0.0778
  train [#####-----------------------------------] 60/444  loss=0.0789
  train [#####-----------------------------------] 64/444  loss=0.0773
  train [######----------------------------------] 68/444  loss=0.0753
  train [######----------------------------------] 72/444  loss=0.0729
  train [######----------------------------------] 76/444  loss=0.0721
  train [#######---------------------------------] 80/444  loss=0.0708
  train [#######---------------------------------] 84/444  loss=0.0692
  train [#######---------------------------------] 88/444  loss=0.0708
  train [########--------------------------------] 92/444  loss=0.0693
  train [########--------------------------------] 96/444  loss=0.0700
  train [#########-------------------------------] 100/444  loss=0.0693
  train [#########-------------------------------] 104/444  loss=0.0691
  train [#########-------------------------------] 108/444  loss=0.0685
  train [##########------------------------------] 112/444  loss=0.0669
  train [##########------------------------------] 116/444  loss=0.0659
  train [##########------------------------------] 120/444  loss=0.0660
  train [###########-----------------------------] 124/444  loss=0.0670
  train [###########-----------------------------] 128/444  loss=0.0657
  train [###########-----------------------------] 132/444  loss=0.0652
  train [############----------------------------] 136/444  loss=0.0653
  train [############----------------------------] 140/444  loss=0.0670
  train [############----------------------------] 144/444  loss=0.0656
  train [#############---------------------------] 148/444  loss=0.0649
  train [#############---------------------------] 152/444  loss=0.0640
  train [##############--------------------------] 156/444  loss=0.0637
  train [##############--------------------------] 160/444  loss=0.0626
  train [##############--------------------------] 164/444  loss=0.0618
  train [###############-------------------------] 168/444  loss=0.0615
  train [###############-------------------------] 172/444  loss=0.0605
  train [###############-------------------------] 176/444  loss=0.0600
  train [################------------------------] 180/444  loss=0.0591
  train [################------------------------] 184/444  loss=0.0587
  train [################------------------------] 188/444  loss=0.0578
  train [#################-----------------------] 192/444  loss=0.0571
  train [#################-----------------------] 196/444  loss=0.0569
  train [##################----------------------] 200/444  loss=0.0559
  train [##################----------------------] 204/444  loss=0.0557
  train [##################----------------------] 208/444  loss=0.0553
  train [###################---------------------] 212/444  loss=0.0548
  train [###################---------------------] 216/444  loss=0.0544
  train [###################---------------------] 220/444  loss=0.0539
  train [####################--------------------] 224/444  loss=0.0535
  train [####################--------------------] 228/444  loss=0.0527
  train [####################--------------------] 232/444  loss=0.0525
  train [#####################-------------------] 236/444  loss=0.0522
  train [#####################-------------------] 240/444  loss=0.0521
  train [#####################-------------------] 244/444  loss=0.0521
  train [######################------------------] 248/444  loss=0.0519
  train [######################------------------] 252/444  loss=0.0518
  train [#######################-----------------] 256/444  loss=0.0518
  train [#######################-----------------] 260/444  loss=0.0515
  train [#######################-----------------] 264/444  loss=0.0514
  train [########################----------------] 268/444  loss=0.0508
  train [########################----------------] 272/444  loss=0.0509
  train [########################----------------] 276/444  loss=0.0507
  train [#########################---------------] 280/444  loss=0.0504
  train [#########################---------------] 284/444  loss=0.0504
  train [#########################---------------] 288/444  loss=0.0501
  train [##########################--------------] 292/444  loss=0.0499
  train [##########################--------------] 296/444  loss=0.0503
  train [###########################-------------] 300/444  loss=0.0502
  train [###########################-------------] 304/444  loss=0.0502
  train [###########################-------------] 308/444  loss=0.0498
  train [############################------------] 312/444  loss=0.0503
  train [############################------------] 316/444  loss=0.0507
  train [############################------------] 320/444  loss=0.0507
  train [#############################-----------] 324/444  loss=0.0504
  train [#############################-----------] 328/444  loss=0.0503
  train [#############################-----------] 332/444  loss=0.0502
  train [##############################----------] 336/444  loss=0.0502
  train [##############################----------] 340/444  loss=0.0502
  train [##############################----------] 344/444  loss=0.0502
  train [###############################---------] 348/444  loss=0.0504
  train [###############################---------] 352/444  loss=0.0505
  train [################################--------] 356/444  loss=0.0508
  train [################################--------] 360/444  loss=0.0505
  train [################################--------] 364/444  loss=0.0503
  train [#################################-------] 368/444  loss=0.0505
  train [#################################-------] 372/444  loss=0.0508
  train [#################################-------] 376/444  loss=0.0507
  train [##################################------] 380/444  loss=0.0510
  train [##################################------] 384/444  loss=0.0513
  train [##################################------] 388/444  loss=0.0515
  train [###################################-----] 392/444  loss=0.0530
  train [###################################-----] 396/444  loss=0.0535
  train [####################################----] 400/444  loss=0.0535
  train [####################################----] 404/444  loss=0.0534
  train [####################################----] 408/444  loss=0.0534
  train [#####################################---] 412/444  loss=0.0534
  train [#####################################---] 416/444  loss=0.0532
  train [#####################################---] 420/444  loss=0.0539
  train [######################################--] 424/444  loss=0.0540
  train [######################################--] 428/444  loss=0.0541
  train [######################################--] 432/444  loss=0.0543
  train [#######################################-] 436/444  loss=0.0548
  train [#######################################-] 440/444  loss=0.0549
  train [########################################] 444/444  loss=0.0553
  val   [----------------------------------------] 1/93
  val   [----------------------------------------] 2/93
  val   [#---------------------------------------] 3/93
  val   [#---------------------------------------] 4/93
  val   [##--------------------------------------] 5/93
  val   [##--------------------------------------] 6/93
  val   [###-------------------------------------] 7/93
  val   [###-------------------------------------] 8/93
  val   [###-------------------------------------] 9/93
  val   [####------------------------------------] 10/93
  val   [####------------------------------------] 11/93
  val   [#####-----------------------------------] 12/93
  val   [#####-----------------------------------] 13/93
  val   [######----------------------------------] 14/93
  val   [######----------------------------------] 15/93
  val   [######----------------------------------] 16/93
  val   [#######---------------------------------] 17/93
  val   [#######---------------------------------] 18/93
  val   [########--------------------------------] 19/93
  val   [########--------------------------------] 20/93
  val   [#########-------------------------------] 21/93
  val   [#########-------------------------------] 22/93
  val   [#########-------------------------------] 23/93
  val   [##########------------------------------] 24/93
  val   [##########------------------------------] 25/93
  val   [###########-----------------------------] 26/93
  val   [###########-----------------------------] 27/93
  val   [############----------------------------] 28/93
  val   [############----------------------------] 29/93
  val   [############----------------------------] 30/93
  val   [#############---------------------------] 31/93
  val   [#############---------------------------] 32/93
  val   [##############--------------------------] 33/93
  val   [##############--------------------------] 34/93
  val   [###############-------------------------] 35/93
  val   [###############-------------------------] 36/93
  val   [###############-------------------------] 37/93
  val   [################------------------------] 38/93
  val   [################------------------------] 39/93
  val   [#################-----------------------] 40/93
  val   [#################-----------------------] 41/93
  val   [##################----------------------] 42/93
  val   [##################----------------------] 43/93
  val   [##################----------------------] 44/93
  val   [###################---------------------] 45/93
  val   [###################---------------------] 46/93
  val   [####################--------------------] 47/93
  val   [####################--------------------] 48/93
  val   [#####################-------------------] 49/93
  val   [#####################-------------------] 50/93
  val   [#####################-------------------] 51/93
  val   [######################------------------] 52/93
  val   [######################------------------] 53/93
  val   [#######################-----------------] 54/93
  val   [#######################-----------------] 55/93
  val   [########################----------------] 56/93
  val   [########################----------------] 57/93
  val   [########################----------------] 58/93
  val   [#########################---------------] 59/93
  val   [#########################---------------] 60/93
  val   [##########################--------------] 61/93
  val   [##########################--------------] 62/93
  val   [###########################-------------] 63/93
  val   [###########################-------------] 64/93
  val   [###########################-------------] 65/93
  val   [############################------------] 66/93
  val   [############################------------] 67/93
  val   [#############################-----------] 68/93
  val   [#############################-----------] 69/93
  val   [##############################----------] 70/93
  val   [##############################----------] 71/93
  val   [##############################----------] 72/93
  val   [###############################---------] 73/93
  val   [###############################---------] 74/93
  val   [################################--------] 75/93
  val   [################################--------] 76/93
  val   [#################################-------] 77/93
  val   [#################################-------] 78/93
  val   [#################################-------] 79/93
  val   [##################################------] 80/93
  val   [##################################------] 81/93
  val   [###################################-----] 82/93
  val   [###################################-----] 83/93
  val   [####################################----] 84/93
  val   [####################################----] 85/93
  val   [####################################----] 86/93
  val   [#####################################---] 87/93
  val   [#####################################---] 88/93
  val   [######################################--] 89/93
  val   [######################################--] 90/93
  val   [#######################################-] 91/93
  val   [#######################################-] 92/93
  val   [########################################] 93/93
Epoch  10 | train_loss=0.0554 | val_loss=0.4209 | val_acc=0.9147
  train [----------------------------------------] 4/444  loss=0.0777
  train [----------------------------------------] 8/444  loss=0.0640
  train [#---------------------------------------] 12/444  loss=0.0562
  train [#---------------------------------------] 16/444  loss=0.0568
  train [#---------------------------------------] 20/444  loss=0.0570
  train [##--------------------------------------] 24/444  loss=0.0579
  train [##--------------------------------------] 28/444  loss=0.0548
  train [##--------------------------------------] 32/444  loss=0.0526
  train [###-------------------------------------] 36/444  loss=0.0509
  train [###-------------------------------------] 40/444  loss=0.0483
  train [###-------------------------------------] 44/444  loss=0.0468
  train [####------------------------------------] 48/444  loss=0.0440
  train [####------------------------------------] 52/444  loss=0.0432
  train [#####-----------------------------------] 56/444  loss=0.0423
  train [#####-----------------------------------] 60/444  loss=0.0407
  train [#####-----------------------------------] 64/444  loss=0.0407
  train [######----------------------------------] 68/444  loss=0.0398
  train [######----------------------------------] 72/444  loss=0.0384
  train [######----------------------------------] 76/444  loss=0.0379
  train [#######---------------------------------] 80/444  loss=0.0389
  train [#######---------------------------------] 84/444  loss=0.0388
  train [#######---------------------------------] 88/444  loss=0.0419
  train [########--------------------------------] 92/444  loss=0.0414
  train [########--------------------------------] 96/444  loss=0.0411
  train [#########-------------------------------] 100/444  loss=0.0428
  train [#########-------------------------------] 104/444  loss=0.0451
  train [#########-------------------------------] 108/444  loss=0.0451
  train [##########------------------------------] 112/444  loss=0.0450
  train [##########------------------------------] 116/444  loss=0.0477
  train [##########------------------------------] 120/444  loss=0.0477
  train [###########-----------------------------] 124/444  loss=0.0489
  train [###########-----------------------------] 128/444  loss=0.0505
  train [###########-----------------------------] 132/444  loss=0.0527
  train [############----------------------------] 136/444  loss=0.0529
  train [############----------------------------] 140/444  loss=0.0525
  train [############----------------------------] 144/444  loss=0.0518
  train [#############---------------------------] 148/444  loss=0.0521
  train [#############---------------------------] 152/444  loss=0.0516
  train [##############--------------------------] 156/444  loss=0.0515
  train [##############--------------------------] 160/444  loss=0.0523
  train [##############--------------------------] 164/444  loss=0.0522
  train [###############-------------------------] 168/444  loss=0.0536
  train [###############-------------------------] 172/444  loss=0.0536
  train [###############-------------------------] 176/444  loss=0.0555
  train [################------------------------] 180/444  loss=0.0562
  train [################------------------------] 184/444  loss=0.0555
  train [################------------------------] 188/444  loss=0.0562
  train [#################-----------------------] 192/444  loss=0.0563
  train [#################-----------------------] 196/444  loss=0.0564
  train [##################----------------------] 200/444  loss=0.0575
  train [##################----------------------] 204/444  loss=0.0574
  train [##################----------------------] 208/444  loss=0.0584
  train [###################---------------------] 212/444  loss=0.0584
  train [###################---------------------] 216/444  loss=0.0578
  train [###################---------------------] 220/444  loss=0.0579
  train [####################--------------------] 224/444  loss=0.0574
  train [####################--------------------] 228/444  loss=0.0580
  train [####################--------------------] 232/444  loss=0.0598
  train [#####################-------------------] 236/444  loss=0.0602
  train [#####################-------------------] 240/444  loss=0.0602
  train [#####################-------------------] 244/444  loss=0.0601
  train [######################------------------] 248/444  loss=0.0621
  train [######################------------------] 252/444  loss=0.0629
  train [#######################-----------------] 256/444  loss=0.0632
  train [#######################-----------------] 260/444  loss=0.0640
  train [#######################-----------------] 264/444  loss=0.0655
  train [########################----------------] 268/444  loss=0.0669
  train [########################----------------] 272/444  loss=0.0683
  train [########################----------------] 276/444  loss=0.0688
  train [#########################---------------] 280/444  loss=0.0699
  train [#########################---------------] 284/444  loss=0.0701
  train [#########################---------------] 288/444  loss=0.0699
  train [##########################--------------] 292/444  loss=0.0698
  train [##########################--------------] 296/444  loss=0.0702
  train [###########################-------------] 300/444  loss=0.0713
  train [###########################-------------] 304/444  loss=0.0707
  train [###########################-------------] 308/444  loss=0.0705
  train [############################------------] 312/444  loss=0.0701
  train [############################------------] 316/444  loss=0.0705
  train [############################------------] 320/444  loss=0.0710
  train [#############################-----------] 324/444  loss=0.0708
  train [#############################-----------] 328/444  loss=0.0706
  train [#############################-----------] 332/444  loss=0.0713
  train [##############################----------] 336/444  loss=0.0710
  train [##############################----------] 340/444  loss=0.0718
  train [##############################----------] 344/444  loss=0.0717
  train [###############################---------] 348/444  loss=0.0713
  train [###############################---------] 352/444  loss=0.0739
  train [################################--------] 356/444  loss=0.0744
  train [################################--------] 360/444  loss=0.0743
  train [################################--------] 364/444  loss=0.0744
  train [#################################-------] 368/444  loss=0.0744
  train [#################################-------] 372/444  loss=0.0744
  train [#################################-------] 376/444  loss=0.0744
  train [##################################------] 380/444  loss=0.0758
  train [##################################------] 384/444  loss=0.0765
  train [##################################------] 388/444  loss=0.0763
  train [###################################-----] 392/444  loss=0.0764
  train [###################################-----] 396/444  loss=0.0767
  train [####################################----] 400/444  loss=0.0768
  train [####################################----] 404/444  loss=0.0771
  train [####################################----] 408/444  loss=0.0768
  train [#####################################---] 412/444  loss=0.0766
  train [#####################################---] 416/444  loss=0.0769
  train [#####################################---] 420/444  loss=0.0767
  train [######################################--] 424/444  loss=0.0765
  train [######################################--] 428/444  loss=0.0760
  train [######################################--] 432/444  loss=0.0761
  train [#######################################-] 436/444  loss=0.0760
  train [#######################################-] 440/444  loss=0.0760
  train [########################################] 444/444  loss=0.0763
  val   [----------------------------------------] 1/93
  val   [----------------------------------------] 2/93
  val   [#---------------------------------------] 3/93
  val   [#---------------------------------------] 4/93
  val   [##--------------------------------------] 5/93
  val   [##--------------------------------------] 6/93
  val   [###-------------------------------------] 7/93
  val   [###-------------------------------------] 8/93
  val   [###-------------------------------------] 9/93
  val   [####------------------------------------] 10/93
  val   [####------------------------------------] 11/93
  val   [#####-----------------------------------] 12/93
  val   [#####-----------------------------------] 13/93
  val   [######----------------------------------] 14/93
  val   [######----------------------------------] 15/93
  val   [######----------------------------------] 16/93
  val   [#######---------------------------------] 17/93
  val   [#######---------------------------------] 18/93
  val   [########--------------------------------] 19/93
  val   [########--------------------------------] 20/93
  val   [#########-------------------------------] 21/93
  val   [#########-------------------------------] 22/93
  val   [#########-------------------------------] 23/93
  val   [##########------------------------------] 24/93
  val   [##########------------------------------] 25/93
  val   [###########-----------------------------] 26/93
  val   [###########-----------------------------] 27/93
  val   [############----------------------------] 28/93
  val   [############----------------------------] 29/93
  val   [############----------------------------] 30/93
  val   [#############---------------------------] 31/93
  val   [#############---------------------------] 32/93
  val   [##############--------------------------] 33/93
  val   [##############--------------------------] 34/93
  val   [###############-------------------------] 35/93
  val   [###############-------------------------] 36/93
  val   [###############-------------------------] 37/93
  val   [################------------------------] 38/93
  val   [################------------------------] 39/93
  val   [#################-----------------------] 40/93
  val   [#################-----------------------] 41/93
  val   [##################----------------------] 42/93
  val   [##################----------------------] 43/93
  val   [##################----------------------] 44/93
  val   [###################---------------------] 45/93
  val   [###################---------------------] 46/93
  val   [####################--------------------] 47/93
  val   [####################--------------------] 48/93
  val   [#####################-------------------] 49/93
  val   [#####################-------------------] 50/93
  val   [#####################-------------------] 51/93
  val   [######################------------------] 52/93
  val   [######################------------------] 53/93
  val   [#######################-----------------] 54/93
  val   [#######################-----------------] 55/93
  val   [########################----------------] 56/93
  val   [########################----------------] 57/93
  val   [########################----------------] 58/93
  val   [#########################---------------] 59/93
  val   [#########################---------------] 60/93
  val   [##########################--------------] 61/93
  val   [##########################--------------] 62/93
  val   [###########################-------------] 63/93
  val   [###########################-------------] 64/93
  val   [###########################-------------] 65/93
  val   [############################------------] 66/93
  val   [############################------------] 67/93
  val   [#############################-----------] 68/93
  val   [#############################-----------] 69/93
  val   [##############################----------] 70/93
  val   [##############################----------] 71/93
  val   [##############################----------] 72/93
  val   [###############################---------] 73/93
  val   [###############################---------] 74/93
  val   [################################--------] 75/93
  val   [################################--------] 76/93
  val   [#################################-------] 77/93
  val   [#################################-------] 78/93
  val   [#################################-------] 79/93
  val   [##################################------] 80/93
  val   [##################################------] 81/93
  val   [###################################-----] 82/93
  val   [###################################-----] 83/93
  val   [####################################----] 84/93
  val   [####################################----] 85/93
  val   [####################################----] 86/93
  val   [#####################################---] 87/93
  val   [#####################################---] 88/93
  val   [######################################--] 89/93
  val   [######################################--] 90/93
  val   [#######################################-] 91/93
  val   [#######################################-] 92/93
  val   [########################################] 93/93
Epoch  11 | train_loss=0.0764 | val_loss=0.3508 | val_acc=0.9284
  train [----------------------------------------] 4/444  loss=0.0264
  train [----------------------------------------] 8/444  loss=0.0317
  train [#---------------------------------------] 12/444  loss=0.0278
  train [#---------------------------------------] 16/444  loss=0.0447
  train [#---------------------------------------] 20/444  loss=0.0493
  train [##--------------------------------------] 24/444  loss=0.0480
  train [##--------------------------------------] 28/444  loss=0.0495
  train [##--------------------------------------] 32/444  loss=0.0519
  train [###-------------------------------------] 36/444  loss=0.0532
  train [###-------------------------------------] 40/444  loss=0.0517
  train [###-------------------------------------] 44/444  loss=0.0501
  train [####------------------------------------] 48/444  loss=0.0496
  train [####------------------------------------] 52/444  loss=0.0477
  train [#####-----------------------------------] 56/444  loss=0.0455
  train [#####-----------------------------------] 60/444  loss=0.0447
  train [#####-----------------------------------] 64/444  loss=0.0430
  train [######----------------------------------] 68/444  loss=0.0409
  train [######----------------------------------] 72/444  loss=0.0398
  train [######----------------------------------] 76/444  loss=0.0386
  train [#######---------------------------------] 80/444  loss=0.0380
  train [#######---------------------------------] 84/444  loss=0.0375
  train [#######---------------------------------] 88/444  loss=0.0364
  train [########--------------------------------] 92/444  loss=0.0367
  train [########--------------------------------] 96/444  loss=0.0360
  train [#########-------------------------------] 100/444  loss=0.0353
  train [#########-------------------------------] 104/444  loss=0.0346
  train [#########-------------------------------] 108/444  loss=0.0345
  train [##########------------------------------] 112/444  loss=0.0338
  train [##########------------------------------] 116/444  loss=0.0332
  train [##########------------------------------] 120/444  loss=0.0326
  train [###########-----------------------------] 124/444  loss=0.0320
  train [###########-----------------------------] 128/444  loss=0.0314
  train [###########-----------------------------] 132/444  loss=0.0310
  train [############----------------------------] 136/444  loss=0.0307
  train [############----------------------------] 140/444  loss=0.0302
  train [############----------------------------] 144/444  loss=0.0297
  train [#############---------------------------] 148/444  loss=0.0298
  train [#############---------------------------] 152/444  loss=0.0298
  train [##############--------------------------] 156/444  loss=0.0293
  train [##############--------------------------] 160/444  loss=0.0306
  train [##############--------------------------] 164/444  loss=0.0304
  train [###############-------------------------] 168/444  loss=0.0310
  train [###############-------------------------] 172/444  loss=0.0312
  train [###############-------------------------] 176/444  loss=0.0320
  train [################------------------------] 180/444  loss=0.0322
  train [################------------------------] 184/444  loss=0.0326
  train [################------------------------] 188/444  loss=0.0328
  train [#################-----------------------] 192/444  loss=0.0326
  train [#################-----------------------] 196/444  loss=0.0328
  train [##################----------------------] 200/444  loss=0.0339
  train [##################----------------------] 204/444  loss=0.0335
  train [##################----------------------] 208/444  loss=0.0331
  train [###################---------------------] 212/444  loss=0.0331
  train [###################---------------------] 216/444  loss=0.0329
  train [###################---------------------] 220/444  loss=0.0328
  train [####################--------------------] 224/444  loss=0.0329
  train [####################--------------------] 228/444  loss=0.0329
  train [####################--------------------] 232/444  loss=0.0330
  train [#####################-------------------] 236/444  loss=0.0326
  train [#####################-------------------] 240/444  loss=0.0326
  train [#####################-------------------] 244/444  loss=0.0326
  train [######################------------------] 248/444  loss=0.0326
  train [######################------------------] 252/444  loss=0.0325
  train [#######################-----------------] 256/444  loss=0.0323
  train [#######################-----------------] 260/444  loss=0.0321
  train [#######################-----------------] 264/444  loss=0.0319
  train [########################----------------] 268/444  loss=0.0318
  train [########################----------------] 272/444  loss=0.0314
  train [########################----------------] 276/444  loss=0.0312
  train [#########################---------------] 280/444  loss=0.0309
  train [#########################---------------] 284/444  loss=0.0306
  train [#########################---------------] 288/444  loss=0.0306
  train [##########################--------------] 292/444  loss=0.0307
  train [##########################--------------] 296/444  loss=0.0306
  train [###########################-------------] 300/444  loss=0.0304
  train [###########################-------------] 304/444  loss=0.0301
  train [###########################-------------] 308/444  loss=0.0300
  train [############################------------] 312/444  loss=0.0298
  train [############################------------] 316/444  loss=0.0297
  train [############################------------] 320/444  loss=0.0295
  train [#############################-----------] 324/444  loss=0.0294
  train [#############################-----------] 328/444  loss=0.0292
  train [#############################-----------] 332/444  loss=0.0290
  train [##############################----------] 336/444  loss=0.0288
  train [##############################----------] 340/444  loss=0.0286
  train [##############################----------] 344/444  loss=0.0285
  train [###############################---------] 348/444  loss=0.0284
  train [###############################---------] 352/444  loss=0.0282
  train [################################--------] 356/444  loss=0.0279
  train [################################--------] 360/444  loss=0.0278
  train [################################--------] 364/444  loss=0.0277
  train [#################################-------] 368/444  loss=0.0277
  train [#################################-------] 372/444  loss=0.0275
  train [#################################-------] 376/444  loss=0.0275
  train [##################################------] 380/444  loss=0.0274
  train [##################################------] 384/444  loss=0.0272
  train [##################################------] 388/444  loss=0.0271
  train [###################################-----] 392/444  loss=0.0269
  train [###################################-----] 396/444  loss=0.0267
  train [####################################----] 400/444  loss=0.0267
  train [####################################----] 404/444  loss=0.0267
  train [####################################----] 408/444  loss=0.0265
  train [#####################################---] 412/444  loss=0.0264
  train [#####################################---] 416/444  loss=0.0263
  train [#####################################---] 420/444  loss=0.0262
  train [######################################--] 424/444  loss=0.0260
  train [######################################--] 428/444  loss=0.0258
  train [######################################--] 432/444  loss=0.0256
  train [#######################################-] 436/444  loss=0.0255
  train [#######################################-] 440/444  loss=0.0255
  train [########################################] 444/444  loss=0.0253
  val   [----------------------------------------] 1/93
  val   [----------------------------------------] 2/93
  val   [#---------------------------------------] 3/93
  val   [#---------------------------------------] 4/93
  val   [##--------------------------------------] 5/93
  val   [##--------------------------------------] 6/93
  val   [###-------------------------------------] 7/93
  val   [###-------------------------------------] 8/93
  val   [###-------------------------------------] 9/93
  val   [####------------------------------------] 10/93
  val   [####------------------------------------] 11/93
  val   [#####-----------------------------------] 12/93
  val   [#####-----------------------------------] 13/93
  val   [######----------------------------------] 14/93
  val   [######----------------------------------] 15/93
  val   [######----------------------------------] 16/93
  val   [#######---------------------------------] 17/93
  val   [#######---------------------------------] 18/93
  val   [########--------------------------------] 19/93
  val   [########--------------------------------] 20/93
  val   [#########-------------------------------] 21/93
  val   [#########-------------------------------] 22/93
  val   [#########-------------------------------] 23/93
  val   [##########------------------------------] 24/93
  val   [##########------------------------------] 25/93
  val   [###########-----------------------------] 26/93
  val   [###########-----------------------------] 27/93
  val   [############----------------------------] 28/93
  val   [############----------------------------] 29/93
  val   [############----------------------------] 30/93
  val   [#############---------------------------] 31/93
  val   [#############---------------------------] 32/93
  val   [##############--------------------------] 33/93
  val   [##############--------------------------] 34/93
  val   [###############-------------------------] 35/93
  val   [###############-------------------------] 36/93
  val   [###############-------------------------] 37/93
  val   [################------------------------] 38/93
  val   [################------------------------] 39/93
  val   [#################-----------------------] 40/93
  val   [#################-----------------------] 41/93
  val   [##################----------------------] 42/93
  val   [##################----------------------] 43/93
  val   [##################----------------------] 44/93
  val   [###################---------------------] 45/93
  val   [###################---------------------] 46/93
  val   [####################--------------------] 47/93
  val   [####################--------------------] 48/93
  val   [#####################-------------------] 49/93
  val   [#####################-------------------] 50/93
  val   [#####################-------------------] 51/93
  val   [######################------------------] 52/93
  val   [######################------------------] 53/93
  val   [#######################-----------------] 54/93
  val   [#######################-----------------] 55/93
  val   [########################----------------] 56/93
  val   [########################----------------] 57/93
  val   [########################----------------] 58/93
  val   [#########################---------------] 59/93
  val   [#########################---------------] 60/93
  val   [##########################--------------] 61/93
  val   [##########################--------------] 62/93
  val   [###########################-------------] 63/93
  val   [###########################-------------] 64/93
  val   [###########################-------------] 65/93
  val   [############################------------] 66/93
  val   [############################------------] 67/93
  val   [#############################-----------] 68/93
  val   [#############################-----------] 69/93
  val   [##############################----------] 70/93
  val   [##############################----------] 71/93
  val   [##############################----------] 72/93
  val   [###############################---------] 73/93
  val   [###############################---------] 74/93
  val   [################################--------] 75/93
  val   [################################--------] 76/93
  val   [#################################-------] 77/93
  val   [#################################-------] 78/93
  val   [#################################-------] 79/93
  val   [##################################------] 80/93
  val   [##################################------] 81/93
  val   [###################################-----] 82/93
  val   [###################################-----] 83/93
  val   [####################################----] 84/93
  val   [####################################----] 85/93
  val   [####################################----] 86/93
  val   [#####################################---] 87/93
  val   [#####################################---] 88/93
  val   [######################################--] 89/93
  val   [######################################--] 90/93
  val   [#######################################-] 91/93
  val   [#######################################-] 92/93
  val   [########################################] 93/93
Epoch  12 | train_loss=0.0254 | val_loss=0.2813 | val_acc=0.9440
  -> best model saved (val_loss=0.2813)
  train [----------------------------------------] 4/444  loss=0.0101
  train [----------------------------------------] 8/444  loss=0.0067
  train [#---------------------------------------] 12/444  loss=0.0060
  train [#---------------------------------------] 16/444  loss=0.0061
  train [#---------------------------------------] 20/444  loss=0.0065
  train [##--------------------------------------] 24/444  loss=0.0064
  train [##--------------------------------------] 28/444  loss=0.0088
  train [##--------------------------------------] 32/444  loss=0.0096
  train [###-------------------------------------] 36/444  loss=0.0090
  train [###-------------------------------------] 40/444  loss=0.0111
  train [###-------------------------------------] 44/444  loss=0.0105
  train [####------------------------------------] 48/444  loss=0.0102
  train [####------------------------------------] 52/444  loss=0.0131
  train [#####-----------------------------------] 56/444  loss=0.0125
  train [#####-----------------------------------] 60/444  loss=0.0119
  train [#####-----------------------------------] 64/444  loss=0.0124
  train [######----------------------------------] 68/444  loss=0.0120
  train [######----------------------------------] 72/444  loss=0.0117
  train [######----------------------------------] 76/444  loss=0.0127
  train [#######---------------------------------] 80/444  loss=0.0133
  train [#######---------------------------------] 84/444  loss=0.0131
  train [#######---------------------------------] 88/444  loss=0.0134
  train [########--------------------------------] 92/444  loss=0.0134
  train [########--------------------------------] 96/444  loss=0.0132
  train [#########-------------------------------] 100/444  loss=0.0130
  train [#########-------------------------------] 104/444  loss=0.0132
  train [#########-------------------------------] 108/444  loss=0.0132
  train [##########------------------------------] 112/444  loss=0.0130
  train [##########------------------------------] 116/444  loss=0.0128
  train [##########------------------------------] 120/444  loss=0.0137
  train [###########-----------------------------] 124/444  loss=0.0136
  train [###########-----------------------------] 128/444  loss=0.0137
  train [###########-----------------------------] 132/444  loss=0.0135
  train [############----------------------------] 136/444  loss=0.0142
  train [############----------------------------] 140/444  loss=0.0141
  train [############----------------------------] 144/444  loss=0.0140
  train [#############---------------------------] 148/444  loss=0.0139
  train [#############---------------------------] 152/444  loss=0.0138
  train [##############--------------------------] 156/444  loss=0.0139
  train [##############--------------------------] 160/444  loss=0.0139
  train [##############--------------------------] 164/444  loss=0.0137
  train [###############-------------------------] 168/444  loss=0.0136
  train [###############-------------------------] 172/444  loss=0.0134
  train [###############-------------------------] 176/444  loss=0.0138
  train [################------------------------] 180/444  loss=0.0138
  train [################------------------------] 184/444  loss=0.0142
  train [################------------------------] 188/444  loss=0.0139
  train [#################-----------------------] 192/444  loss=0.0139
  train [#################-----------------------] 196/444  loss=0.0141
  train [##################----------------------] 200/444  loss=0.0155
  train [##################----------------------] 204/444  loss=0.0154
  train [##################----------------------] 208/444  loss=0.0156
  train [###################---------------------] 212/444  loss=0.0156
  train [###################---------------------] 216/444  loss=0.0154
  train [###################---------------------] 220/444  loss=0.0152
  train [####################--------------------] 224/444  loss=0.0152
  train [####################--------------------] 228/444  loss=0.0150
  train [####################--------------------] 232/444  loss=0.0148
  train [#####################-------------------] 236/444  loss=0.0147
  train [#####################-------------------] 240/444  loss=0.0145
  train [#####################-------------------] 244/444  loss=0.0143
  train [######################------------------] 248/444  loss=0.0142
  train [######################------------------] 252/444  loss=0.0141
  train [#######################-----------------] 256/444  loss=0.0139
  train [#######################-----------------] 260/444  loss=0.0137
  train [#######################-----------------] 264/444  loss=0.0137
  train [########################----------------] 268/444  loss=0.0135
  train [########################----------------] 272/444  loss=0.0134
  train [########################----------------] 276/444  loss=0.0133
  train [#########################---------------] 280/444  loss=0.0133
  train [#########################---------------] 284/444  loss=0.0131
  train [#########################---------------] 288/444  loss=0.0130
  train [##########################--------------] 292/444  loss=0.0133
  train [##########################--------------] 296/444  loss=0.0131
  train [###########################-------------] 300/444  loss=0.0131
  train [###########################-------------] 304/444  loss=0.0130
  train [###########################-------------] 308/444  loss=0.0130
  train [############################------------] 312/444  loss=0.0129
  train [############################------------] 316/444  loss=0.0128
  train [############################------------] 320/444  loss=0.0131
  train [#############################-----------] 324/444  loss=0.0132
  train [#############################-----------] 328/444  loss=0.0132
  train [#############################-----------] 332/444  loss=0.0132
  train [##############################----------] 336/444  loss=0.0133
  train [##############################----------] 340/444  loss=0.0133
  train [##############################----------] 344/444  loss=0.0132
  train [###############################---------] 348/444  loss=0.0132
  train [###############################---------] 352/444  loss=0.0131
  train [################################--------] 356/444  loss=0.0131
  train [################################--------] 360/444  loss=0.0140
  train [################################--------] 364/444  loss=0.0139
  train [#################################-------] 368/444  loss=0.0139
  train [#################################-------] 372/444  loss=0.0140
  train [#################################-------] 376/444  loss=0.0139
  train [##################################------] 380/444  loss=0.0138
  train [##################################------] 384/444  loss=0.0139
  train [##################################------] 388/444  loss=0.0138
  train [###################################-----] 392/444  loss=0.0137
  train [###################################-----] 396/444  loss=0.0138
  train [####################################----] 400/444  loss=0.0138
  train [####################################----] 404/444  loss=0.0137
  train [####################################----] 408/444  loss=0.0137
  train [#####################################---] 412/444  loss=0.0137
  train [#####################################---] 416/444  loss=0.0137
  train [#####################################---] 420/444  loss=0.0136
  train [######################################--] 424/444  loss=0.0135
  train [######################################--] 428/444  loss=0.0134
  train [######################################--] 432/444  loss=0.0135
  train [#######################################-] 436/444  loss=0.0136
  train [#######################################-] 440/444  loss=0.0135
  train [########################################] 444/444  loss=0.0135
  val   [----------------------------------------] 1/93
  val   [----------------------------------------] 2/93
  val   [#---------------------------------------] 3/93
  val   [#---------------------------------------] 4/93
  val   [##--------------------------------------] 5/93
  val   [##--------------------------------------] 6/93
  val   [###-------------------------------------] 7/93
  val   [###-------------------------------------] 8/93
  val   [###-------------------------------------] 9/93
  val   [####------------------------------------] 10/93
  val   [####------------------------------------] 11/93
  val   [#####-----------------------------------] 12/93
  val   [#####-----------------------------------] 13/93
  val   [######----------------------------------] 14/93
  val   [######----------------------------------] 15/93
  val   [######----------------------------------] 16/93
  val   [#######---------------------------------] 17/93
  val   [#######---------------------------------] 18/93
  val   [########--------------------------------] 19/93
  val   [########--------------------------------] 20/93
  val   [#########-------------------------------] 21/93
  val   [#########-------------------------------] 22/93
  val   [#########-------------------------------] 23/93
  val   [##########------------------------------] 24/93
  val   [##########------------------------------] 25/93
  val   [###########-----------------------------] 26/93
  val   [###########-----------------------------] 27/93
  val   [############----------------------------] 28/93
  val   [############----------------------------] 29/93
  val   [############----------------------------] 30/93
  val   [#############---------------------------] 31/93
  val   [#############---------------------------] 32/93
  val   [##############--------------------------] 33/93
  val   [##############--------------------------] 34/93
  val   [###############-------------------------] 35/93
  val   [###############-------------------------] 36/93
  val   [###############-------------------------] 37/93
  val   [################------------------------] 38/93
  val   [################------------------------] 39/93
  val   [#################-----------------------] 40/93
  val   [#################-----------------------] 41/93
  val   [##################----------------------] 42/93
  val   [##################----------------------] 43/93
  val   [##################----------------------] 44/93
  val   [###################---------------------] 45/93
  val   [###################---------------------] 46/93
  val   [####################--------------------] 47/93
  val   [####################--------------------] 48/93
  val   [#####################-------------------] 49/93
  val   [#####################-------------------] 50/93
  val   [#####################-------------------] 51/93
  val   [######################------------------] 52/93
  val   [######################------------------] 53/93
  val   [#######################-----------------] 54/93
  val   [#######################-----------------] 55/93
  val   [########################----------------] 56/93
  val   [########################----------------] 57/93
  val   [########################----------------] 58/93
  val   [#########################---------------] 59/93
  val   [#########################---------------] 60/93
  val   [##########################--------------] 61/93
  val   [##########################--------------] 62/93
  val   [###########################-------------] 63/93
  val   [###########################-------------] 64/93
  val   [###########################-------------] 65/93
  val   [############################------------] 66/93
  val   [############################------------] 67/93
  val   [#############################-----------] 68/93
  val   [#############################-----------] 69/93
  val   [##############################----------] 70/93
  val   [##############################----------] 71/93
  val   [##############################----------] 72/93
  val   [###############################---------] 73/93
  val   [###############################---------] 74/93
  val   [################################--------] 75/93
  val   [################################--------] 76/93
  val   [#################################-------] 77/93
  val   [#################################-------] 78/93
  val   [#################################-------] 79/93
  val   [##################################------] 80/93
  val   [##################################------] 81/93
  val   [###################################-----] 82/93
  val   [###################################-----] 83/93
  val   [####################################----] 84/93
  val   [####################################----] 85/93
  val   [####################################----] 86/93
  val   [#####################################---] 87/93
  val   [#####################################---] 88/93
  val   [######################################--] 89/93
  val   [######################################--] 90/93
  val   [#######################################-] 91/93
  val   [#######################################-] 92/93
  val   [########################################] 93/93
Epoch  13 | train_loss=0.0136 | val_loss=0.3100 | val_acc=0.9375
  train [----------------------------------------] 4/444  loss=0.0129
  train [----------------------------------------] 8/444  loss=0.0098
  train [#---------------------------------------] 12/444  loss=0.0108
  train [#---------------------------------------] 16/444  loss=0.0140
  train [#---------------------------------------] 20/444  loss=0.0143
  train [##--------------------------------------] 24/444  loss=0.0125
  train [##--------------------------------------] 28/444  loss=0.0111
  train [##--------------------------------------] 32/444  loss=0.0107
  train [###-------------------------------------] 36/444  loss=0.0103
  train [###-------------------------------------] 40/444  loss=0.0103
  train [###-------------------------------------] 44/444  loss=0.0096
  train [####------------------------------------] 48/444  loss=0.0091
  train [####------------------------------------] 52/444  loss=0.0087
  train [#####-----------------------------------] 56/444  loss=0.0085
  train [#####-----------------------------------] 60/444  loss=0.0081
  train [#####-----------------------------------] 64/444  loss=0.0079
  train [######----------------------------------] 68/444  loss=0.0080
  train [######----------------------------------] 72/444  loss=0.0077
  train [######----------------------------------] 76/444  loss=0.0074
  train [#######---------------------------------] 80/444  loss=0.0072
  train [#######---------------------------------] 84/444  loss=0.0081
  train [#######---------------------------------] 88/444  loss=0.0079
  train [########--------------------------------] 92/444  loss=0.0085
  train [########--------------------------------] 96/444  loss=0.0087
  train [#########-------------------------------] 100/444  loss=0.0085
  train [#########-------------------------------] 104/444  loss=0.0085
  train [#########-------------------------------] 108/444  loss=0.0085
  train [##########------------------------------] 112/444  loss=0.0088
  train [##########------------------------------] 116/444  loss=0.0088
  train [##########------------------------------] 120/444  loss=0.0085
  train [###########-----------------------------] 124/444  loss=0.0084
  train [###########-----------------------------] 128/444  loss=0.0085
  train [###########-----------------------------] 132/444  loss=0.0085
  train [############----------------------------] 136/444  loss=0.0089
  train [############----------------------------] 140/444  loss=0.0089
  train [############----------------------------] 144/444  loss=0.0093
  train [#############---------------------------] 148/444  loss=0.0092
  train [#############---------------------------] 152/444  loss=0.0090
  train [##############--------------------------] 156/444  loss=0.0091
  train [##############--------------------------] 160/444  loss=0.0091
  train [##############--------------------------] 164/444  loss=0.0097
  train [###############-------------------------] 168/444  loss=0.0096
  train [###############-------------------------] 172/444  loss=0.0094
  train [###############-------------------------] 176/444  loss=0.0095
  train [################------------------------] 180/444  loss=0.0094
  train [################------------------------] 184/444  loss=0.0094
  train [################------------------------] 188/444  loss=0.0093
  train [#################-----------------------] 192/444  loss=0.0095
  train [#################-----------------------] 196/444  loss=0.0095
  train [##################----------------------] 200/444  loss=0.0094
  train [##################----------------------] 204/444  loss=0.0094
  train [##################----------------------] 208/444  loss=0.0093
  train [###################---------------------] 212/444  loss=0.0093
  train [###################---------------------] 216/444  loss=0.0092
  train [###################---------------------] 220/444  loss=0.0091
  train [####################--------------------] 224/444  loss=0.0091
  train [####################--------------------] 228/444  loss=0.0091
  train [####################--------------------] 232/444  loss=0.0091
  train [#####################-------------------] 236/444  loss=0.0090
  train [#####################-------------------] 240/444  loss=0.0089
  train [#####################-------------------] 244/444  loss=0.0088
  train [######################------------------] 248/444  loss=0.0089
  train [######################------------------] 252/444  loss=0.0089
  train [#######################-----------------] 256/444  loss=0.0089
  train [#######################-----------------] 260/444  loss=0.0090
  train [#######################-----------------] 264/444  loss=0.0089
  train [########################----------------] 268/444  loss=0.0088
  train [########################----------------] 272/444  loss=0.0092
  train [########################----------------] 276/444  loss=0.0091
  train [#########################---------------] 280/444  loss=0.0090
  train [#########################---------------] 284/444  loss=0.0090
  train [#########################---------------] 288/444  loss=0.0090
  train [##########################--------------] 292/444  loss=0.0093
  train [##########################--------------] 296/444  loss=0.0092
  train [###########################-------------] 300/444  loss=0.0092
  train [###########################-------------] 304/444  loss=0.0092
  train [###########################-------------] 308/444  loss=0.0091
  train [############################------------] 312/444  loss=0.0091
  train [############################------------] 316/444  loss=0.0090
  train [############################------------] 320/444  loss=0.0089
  train [#############################-----------] 324/444  loss=0.0089
  train [#############################-----------] 328/444  loss=0.0088
  train [#############################-----------] 332/444  loss=0.0087
  train [##############################----------] 336/444  loss=0.0088
  train [##############################----------] 340/444  loss=0.0087
  train [##############################----------] 344/444  loss=0.0087
  train [###############################---------] 348/444  loss=0.0087
  train [###############################---------] 352/444  loss=0.0087
  train [################################--------] 356/444  loss=0.0089
  train [################################--------] 360/444  loss=0.0088
  train [################################--------] 364/444  loss=0.0087
  train [#################################-------] 368/444  loss=0.0087
  train [#################################-------] 372/444  loss=0.0088
  train [#################################-------] 376/444  loss=0.0087
  train [##################################------] 380/444  loss=0.0089
  train [##################################------] 384/444  loss=0.0089
  train [##################################------] 388/444  loss=0.0089
  train [###################################-----] 392/444  loss=0.0089
  train [###################################-----] 396/444  loss=0.0092
  train [####################################----] 400/444  loss=0.0092
  train [####################################----] 404/444  loss=0.0093
  train [####################################----] 408/444  loss=0.0093
  train [#####################################---] 412/444  loss=0.0093
  train [#####################################---] 416/444  loss=0.0093
  train [#####################################---] 420/444  loss=0.0100
  train [######################################--] 424/444  loss=0.0100
  train [######################################--] 428/444  loss=0.0100
  train [######################################--] 432/444  loss=0.0100
  train [#######################################-] 436/444  loss=0.0101
  train [#######################################-] 440/444  loss=0.0101
  train [########################################] 444/444  loss=0.0101
  val   [----------------------------------------] 1/93
  val   [----------------------------------------] 2/93
  val   [#---------------------------------------] 3/93
  val   [#---------------------------------------] 4/93
  val   [##--------------------------------------] 5/93
  val   [##--------------------------------------] 6/93
  val   [###-------------------------------------] 7/93
  val   [###-------------------------------------] 8/93
  val   [###-------------------------------------] 9/93
  val   [####------------------------------------] 10/93
  val   [####------------------------------------] 11/93
  val   [#####-----------------------------------] 12/93
  val   [#####-----------------------------------] 13/93
  val   [######----------------------------------] 14/93
  val   [######----------------------------------] 15/93
  val   [######----------------------------------] 16/93
  val   [#######---------------------------------] 17/93
  val   [#######---------------------------------] 18/93
  val   [########--------------------------------] 19/93
  val   [########--------------------------------] 20/93
  val   [#########-------------------------------] 21/93
  val   [#########-------------------------------] 22/93
  val   [#########-------------------------------] 23/93
  val   [##########------------------------------] 24/93
  val   [##########------------------------------] 25/93
  val   [###########-----------------------------] 26/93
  val   [###########-----------------------------] 27/93
  val   [############----------------------------] 28/93
  val   [############----------------------------] 29/93
  val   [############----------------------------] 30/93
  val   [#############---------------------------] 31/93
  val   [#############---------------------------] 32/93
  val   [##############--------------------------] 33/93
  val   [##############--------------------------] 34/93
  val   [###############-------------------------] 35/93
  val   [###############-------------------------] 36/93
  val   [###############-------------------------] 37/93
  val   [################------------------------] 38/93
  val   [################------------------------] 39/93
  val   [#################-----------------------] 40/93
  val   [#################-----------------------] 41/93
  val   [##################----------------------] 42/93
  val   [##################----------------------] 43/93
  val   [##################----------------------] 44/93
  val   [###################---------------------] 45/93
  val   [###################---------------------] 46/93
  val   [####################--------------------] 47/93
  val   [####################--------------------] 48/93
  val   [#####################-------------------] 49/93
  val   [#####################-------------------] 50/93
  val   [#####################-------------------] 51/93
  val   [######################------------------] 52/93
  val   [######################------------------] 53/93
  val   [#######################-----------------] 54/93
  val   [#######################-----------------] 55/93
  val   [########################----------------] 56/93
  val   [########################----------------] 57/93
  val   [########################----------------] 58/93
  val   [#########################---------------] 59/93
  val   [#########################---------------] 60/93
  val   [##########################--------------] 61/93
  val   [##########################--------------] 62/93
  val   [###########################-------------] 63/93
  val   [###########################-------------] 64/93
  val   [###########################-------------] 65/93
  val   [############################------------] 66/93
  val   [############################------------] 67/93
  val   [#############################-----------] 68/93
  val   [#############################-----------] 69/93
  val   [##############################----------] 70/93
  val   [##############################----------] 71/93
  val   [##############################----------] 72/93
  val   [###############################---------] 73/93
  val   [###############################---------] 74/93
  val   [################################--------] 75/93
  val   [################################--------] 76/93
  val   [#################################-------] 77/93
  val   [#################################-------] 78/93
  val   [#################################-------] 79/93
  val   [##################################------] 80/93
  val   [##################################------] 81/93
  val   [###################################-----] 82/93
  val   [###################################-----] 83/93
  val   [####################################----] 84/93
  val   [####################################----] 85/93
  val   [####################################----] 86/93
  val   [#####################################---] 87/93
  val   [#####################################---] 88/93
  val   [######################################--] 89/93
  val   [######################################--] 90/93
  val   [#######################################-] 91/93
  val   [#######################################-] 92/93
  val   [########################################] 93/93
Epoch  14 | train_loss=0.0101 | val_loss=0.3131 | val_acc=0.9390
  train [----------------------------------------] 4/444  loss=0.0668
  train [----------------------------------------] 8/444  loss=0.0519
  train [#---------------------------------------] 12/444  loss=0.0376
  train [#---------------------------------------] 16/444  loss=0.0417
  train [#---------------------------------------] 20/444  loss=0.0354
  train [##--------------------------------------] 24/444  loss=0.0341
  train [##--------------------------------------] 28/444  loss=0.0309
  train [##--------------------------------------] 32/444  loss=0.0290
  train [###-------------------------------------] 36/444  loss=0.0289
  train [###-------------------------------------] 40/444  loss=0.0272
  train [###-------------------------------------] 44/444  loss=0.0294
  train [####------------------------------------] 48/444  loss=0.0309
  train [####------------------------------------] 52/444  loss=0.0294
  train [#####-----------------------------------] 56/444  loss=0.0298
  train [#####-----------------------------------] 60/444  loss=0.0284
  train [#####-----------------------------------] 64/444  loss=0.0276
  train [######----------------------------------] 68/444  loss=0.0275
  train [######----------------------------------] 72/444  loss=0.0291
  train [######----------------------------------] 76/444  loss=0.0287
  train [#######---------------------------------] 80/444  loss=0.0317
  train [#######---------------------------------] 84/444  loss=0.0313
  train [#######---------------------------------] 88/444  loss=0.0306
  train [########--------------------------------] 92/444  loss=0.0329
  train [########--------------------------------] 96/444  loss=0.0333
  train [#########-------------------------------] 100/444  loss=0.0322
  train [#########-------------------------------] 104/444  loss=0.0319
  train [#########-------------------------------] 108/444  loss=0.0334
  train [##########------------------------------] 112/444  loss=0.0339
  train [##########------------------------------] 116/444  loss=0.0338
  train [##########------------------------------] 120/444  loss=0.0344
  train [###########-----------------------------] 124/444  loss=0.0337
  train [###########-----------------------------] 128/444  loss=0.0331
  train [###########-----------------------------] 132/444  loss=0.0331
  train [############----------------------------] 136/444  loss=0.0325
  train [############----------------------------] 140/444  loss=0.0326
  train [############----------------------------] 144/444  loss=0.0327
  train [#############---------------------------] 148/444  loss=0.0322
  train [#############---------------------------] 152/444  loss=0.0317
  train [##############--------------------------] 156/444  loss=0.0311
  train [##############--------------------------] 160/444  loss=0.0304
  train [##############--------------------------] 164/444  loss=0.0298
  train [###############-------------------------] 168/444  loss=0.0294
  train [###############-------------------------] 172/444  loss=0.0291
  train [###############-------------------------] 176/444  loss=0.0286
  train [################------------------------] 180/444  loss=0.0285
  train [################------------------------] 184/444  loss=0.0280
  train [################------------------------] 188/444  loss=0.0278
  train [#################-----------------------] 192/444  loss=0.0275
  train [#################-----------------------] 196/444  loss=0.0273
  train [##################----------------------] 200/444  loss=0.0270
  train [##################----------------------] 204/444  loss=0.0266
  train [##################----------------------] 208/444  loss=0.0263
  train [###################---------------------] 212/444  loss=0.0268
  train [###################---------------------] 216/444  loss=0.0271
  train [###################---------------------] 220/444  loss=0.0267
  train [####################--------------------] 224/444  loss=0.0268
  train [####################--------------------] 228/444  loss=0.0268
  train [####################--------------------] 232/444  loss=0.0267
  train [#####################-------------------] 236/444  loss=0.0264
  train [#####################-------------------] 240/444  loss=0.0263
  train [#####################-------------------] 244/444  loss=0.0265
  train [######################------------------] 248/444  loss=0.0262
  train [######################------------------] 252/444  loss=0.0261
  train [#######################-----------------] 256/444  loss=0.0258
  train [#######################-----------------] 260/444  loss=0.0254
  train [#######################-----------------] 264/444  loss=0.0254
  train [########################----------------] 268/444  loss=0.0253
  train [########################----------------] 272/444  loss=0.0250
  train [########################----------------] 276/444  loss=0.0249
  train [#########################---------------] 280/444  loss=0.0248
  train [#########################---------------] 284/444  loss=0.0246
  train [#########################---------------] 288/444  loss=0.0247
  train [##########################--------------] 292/444  loss=0.0249
  train [##########################--------------] 296/444  loss=0.0251
  train [###########################-------------] 300/444  loss=0.0251
  train [###########################-------------] 304/444  loss=0.0251
  train [###########################-------------] 308/444  loss=0.0249
  train [############################------------] 312/444  loss=0.0254
  train [############################------------] 316/444  loss=0.0253
  train [############################------------] 320/444  loss=0.0252
  train [#############################-----------] 324/444  loss=0.0252
  train [#############################-----------] 328/444  loss=0.0252
  train [#############################-----------] 332/444  loss=0.0251
  train [##############################----------] 336/444  loss=0.0249
  train [##############################----------] 340/444  loss=0.0248
  train [##############################----------] 344/444  loss=0.0246
  train [###############################---------] 348/444  loss=0.0244
  train [###############################---------] 352/444  loss=0.0245
  train [################################--------] 356/444  loss=0.0250
  train [################################--------] 360/444  loss=0.0250
  train [################################--------] 364/444  loss=0.0257
  train [#################################-------] 368/444  loss=0.0259
  train [#################################-------] 372/444  loss=0.0263
  train [#################################-------] 376/444  loss=0.0262
  train [##################################------] 380/444  loss=0.0266
  train [##################################------] 384/444  loss=0.0276
  train [##################################------] 388/444  loss=0.0275
  train [###################################-----] 392/444  loss=0.0278
  train [###################################-----] 396/444  loss=0.0281
  train [####################################----] 400/444  loss=0.0283
  train [####################################----] 404/444  loss=0.0291
  train [####################################----] 408/444  loss=0.0291
  train [#####################################---] 412/444  loss=0.0290
  train [#####################################---] 416/444  loss=0.0293
  train [#####################################---] 420/444  loss=0.0292
  train [######################################--] 424/444  loss=0.0293
  train [######################################--] 428/444  loss=0.0296
  train [######################################--] 432/444  loss=0.0296
  train [#######################################-] 436/444  loss=0.0296
  train [#######################################-] 440/444  loss=0.0295
  train [########################################] 444/444  loss=0.0294
  val   [----------------------------------------] 1/93
  val   [----------------------------------------] 2/93
  val   [#---------------------------------------] 3/93
  val   [#---------------------------------------] 4/93
  val   [##--------------------------------------] 5/93
  val   [##--------------------------------------] 6/93
  val   [###-------------------------------------] 7/93
  val   [###-------------------------------------] 8/93
  val   [###-------------------------------------] 9/93
  val   [####------------------------------------] 10/93
  val   [####------------------------------------] 11/93
  val   [#####-----------------------------------] 12/93
  val   [#####-----------------------------------] 13/93
  val   [######----------------------------------] 14/93
  val   [######----------------------------------] 15/93
  val   [######----------------------------------] 16/93
  val   [#######---------------------------------] 17/93
  val   [#######---------------------------------] 18/93
  val   [########--------------------------------] 19/93
  val   [########--------------------------------] 20/93
  val   [#########-------------------------------] 21/93
  val   [#########-------------------------------] 22/93
  val   [#########-------------------------------] 23/93
  val   [##########------------------------------] 24/93
  val   [##########------------------------------] 25/93
  val   [###########-----------------------------] 26/93
  val   [###########-----------------------------] 27/93
  val   [############----------------------------] 28/93
  val   [############----------------------------] 29/93
  val   [############----------------------------] 30/93
  val   [#############---------------------------] 31/93
  val   [#############---------------------------] 32/93
  val   [##############--------------------------] 33/93
  val   [##############--------------------------] 34/93
  val   [###############-------------------------] 35/93
  val   [###############-------------------------] 36/93
  val   [###############-------------------------] 37/93
  val   [################------------------------] 38/93
  val   [################------------------------] 39/93
  val   [#################-----------------------] 40/93
  val   [#################-----------------------] 41/93
  val   [##################----------------------] 42/93
  val   [##################----------------------] 43/93
  val   [##################----------------------] 44/93
  val   [###################---------------------] 45/93
  val   [###################---------------------] 46/93
  val   [####################--------------------] 47/93
  val   [####################--------------------] 48/93
  val   [#####################-------------------] 49/93
  val   [#####################-------------------] 50/93
  val   [#####################-------------------] 51/93
  val   [######################------------------] 52/93
  val   [######################------------------] 53/93
  val   [#######################-----------------] 54/93
  val   [#######################-----------------] 55/93
  val   [########################----------------] 56/93
  val   [########################----------------] 57/93
  val   [########################----------------] 58/93
  val   [#########################---------------] 59/93
  val   [#########################---------------] 60/93
  val   [##########################--------------] 61/93
  val   [##########################--------------] 62/93
  val   [###########################-------------] 63/93
  val   [###########################-------------] 64/93
  val   [###########################-------------] 65/93
  val   [############################------------] 66/93
  val   [############################------------] 67/93
  val   [#############################-----------] 68/93
  val   [#############################-----------] 69/93
  val   [##############################----------] 70/93
  val   [##############################----------] 71/93
  val   [##############################----------] 72/93
  val   [###############################---------] 73/93
  val   [###############################---------] 74/93
  val   [################################--------] 75/93
  val   [################################--------] 76/93
  val   [#################################-------] 77/93
  val   [#################################-------] 78/93
  val   [#################################-------] 79/93
  val   [##################################------] 80/93
  val   [##################################------] 81/93
  val   [###################################-----] 82/93
  val   [###################################-----] 83/93
  val   [####################################----] 84/93
  val   [####################################----] 85/93
  val   [####################################----] 86/93
  val   [#####################################---] 87/93
  val   [#####################################---] 88/93
  val   [######################################--] 89/93
  val   [######################################--] 90/93
  val   [#######################################-] 91/93
  val   [#######################################-] 92/93
  val   [########################################] 93/93
Epoch  15 | train_loss=0.0294 | val_loss=0.3809 | val_acc=0.9307
  train [----------------------------------------] 4/444  loss=0.0129
  train [----------------------------------------] 8/444  loss=0.0107
  train [#---------------------------------------] 12/444  loss=0.0223
  train [#---------------------------------------] 16/444  loss=0.0214
  train [#---------------------------------------] 20/444  loss=0.0195
  train [##--------------------------------------] 24/444  loss=0.0196
  train [##--------------------------------------] 28/444  loss=0.0188
  train [##--------------------------------------] 32/444  loss=0.0198
  train [###-------------------------------------] 36/444  loss=0.0234
  train [###-------------------------------------] 40/444  loss=0.0216
  train [###-------------------------------------] 44/444  loss=0.0210
  train [####------------------------------------] 48/444  loss=0.0201
  train [####------------------------------------] 52/444  loss=0.0199
  train [#####-----------------------------------] 56/444  loss=0.0200
  train [#####-----------------------------------] 60/444  loss=0.0204
  train [#####-----------------------------------] 64/444  loss=0.0206
  train [######----------------------------------] 68/444  loss=0.0197
  train [######----------------------------------] 72/444  loss=0.0191
  train [######----------------------------------] 76/444  loss=0.0185
  train [#######---------------------------------] 80/444  loss=0.0186
  train [#######---------------------------------] 84/444  loss=0.0180
  train [#######---------------------------------] 88/444  loss=0.0174
  train [########--------------------------------] 92/444  loss=0.0171
  train [########--------------------------------] 96/444  loss=0.0172
  train [#########-------------------------------] 100/444  loss=0.0175
  train [#########-------------------------------] 104/444  loss=0.0172
  train [#########-------------------------------] 108/444  loss=0.0170
  train [##########------------------------------] 112/444  loss=0.0171
  train [##########------------------------------] 116/444  loss=0.0169
  train [##########------------------------------] 120/444  loss=0.0166
  train [###########-----------------------------] 124/444  loss=0.0165
  train [###########-----------------------------] 128/444  loss=0.0160
  train [###########-----------------------------] 132/444  loss=0.0159
  train [############----------------------------] 136/444  loss=0.0163
  train [############----------------------------] 140/444  loss=0.0161
  train [############----------------------------] 144/444  loss=0.0160
  train [#############---------------------------] 148/444  loss=0.0159
  train [#############---------------------------] 152/444  loss=0.0161
  train [##############--------------------------] 156/444  loss=0.0159
  train [##############--------------------------] 160/444  loss=0.0156
  train [##############--------------------------] 164/444  loss=0.0162
  train [###############-------------------------] 168/444  loss=0.0159
  train [###############-------------------------] 172/444  loss=0.0157
  train [###############-------------------------] 176/444  loss=0.0154
  train [################------------------------] 180/444  loss=0.0151
  train [################------------------------] 184/444  loss=0.0152
  train [################------------------------] 188/444  loss=0.0151
  train [#################-----------------------] 192/444  loss=0.0155
  train [#################-----------------------] 196/444  loss=0.0154
  train [##################----------------------] 200/444  loss=0.0154
  train [##################----------------------] 204/444  loss=0.0153
  train [##################----------------------] 208/444  loss=0.0156
  train [###################---------------------] 212/444  loss=0.0157
  train [###################---------------------] 216/444  loss=0.0165
  train [###################---------------------] 220/444  loss=0.0169
  train [####################--------------------] 224/444  loss=0.0167
  train [####################--------------------] 228/444  loss=0.0167
  train [####################--------------------] 232/444  loss=0.0170
  train [#####################-------------------] 236/444  loss=0.0177
  train [#####################-------------------] 240/444  loss=0.0176
  train [#####################-------------------] 244/444  loss=0.0178
  train [######################------------------] 248/444  loss=0.0177
  train [######################------------------] 252/444  loss=0.0175
  train [#######################-----------------] 256/444  loss=0.0176
  train [#######################-----------------] 260/444  loss=0.0176
  train [#######################-----------------] 264/444  loss=0.0176
  train [########################----------------] 268/444  loss=0.0174
  train [########################----------------] 272/444  loss=0.0173
  train [########################----------------] 276/444  loss=0.0172
  train [#########################---------------] 280/444  loss=0.0171
  train [#########################---------------] 284/444  loss=0.0170
  train [#########################---------------] 288/444  loss=0.0168
  train [##########################--------------] 292/444  loss=0.0167
  train [##########################--------------] 296/444  loss=0.0166
  train [###########################-------------] 300/444  loss=0.0169
  train [###########################-------------] 304/444  loss=0.0167
  train [###########################-------------] 308/444  loss=0.0166
  train [############################------------] 312/444  loss=0.0165
  train [############################------------] 316/444  loss=0.0165
  train [############################------------] 320/444  loss=0.0164
  train [#############################-----------] 324/444  loss=0.0163
  train [#############################-----------] 328/444  loss=0.0162
  train [#############################-----------] 332/444  loss=0.0162
  train [##############################----------] 336/444  loss=0.0168
  train [##############################----------] 340/444  loss=0.0167
  train [##############################----------] 344/444  loss=0.0166
  train [###############################---------] 348/444  loss=0.0168
  train [###############################---------] 352/444  loss=0.0167
  train [################################--------] 356/444  loss=0.0169
  train [################################--------] 360/444  loss=0.0168
  train [################################--------] 364/444  loss=0.0168
  train [#################################-------] 368/444  loss=0.0167
  train [#################################-------] 372/444  loss=0.0167
  train [#################################-------] 376/444  loss=0.0166
  train [##################################------] 380/444  loss=0.0165
  train [##################################------] 384/444  loss=0.0166
  train [##################################------] 388/444  loss=0.0165
  train [###################################-----] 392/444  loss=0.0165
  train [###################################-----] 396/444  loss=0.0164
  train [####################################----] 400/444  loss=0.0164
  train [####################################----] 404/444  loss=0.0164
  train [####################################----] 408/444  loss=0.0163
  train [#####################################---] 412/444  loss=0.0162
  train [#####################################---] 416/444  loss=0.0161
  train [#####################################---] 420/444  loss=0.0161
  train [######################################--] 424/444  loss=0.0159
  train [######################################--] 428/444  loss=0.0158
  train [######################################--] 432/444  loss=0.0158
  train [#######################################-] 436/444  loss=0.0158
  train [#######################################-] 440/444  loss=0.0159
  train [########################################] 444/444  loss=0.0158
  val   [----------------------------------------] 1/93
  val   [----------------------------------------] 2/93
  val   [#---------------------------------------] 3/93
  val   [#---------------------------------------] 4/93
  val   [##--------------------------------------] 5/93
  val   [##--------------------------------------] 6/93
  val   [###-------------------------------------] 7/93
  val   [###-------------------------------------] 8/93
  val   [###-------------------------------------] 9/93
  val   [####------------------------------------] 10/93
  val   [####------------------------------------] 11/93
  val   [#####-----------------------------------] 12/93
  val   [#####-----------------------------------] 13/93
  val   [######----------------------------------] 14/93
  val   [######----------------------------------] 15/93
  val   [######----------------------------------] 16/93
  val   [#######---------------------------------] 17/93
  val   [#######---------------------------------] 18/93
  val   [########--------------------------------] 19/93
  val   [########--------------------------------] 20/93
  val   [#########-------------------------------] 21/93
  val   [#########-------------------------------] 22/93
  val   [#########-------------------------------] 23/93
  val   [##########------------------------------] 24/93
  val   [##########------------------------------] 25/93
  val   [###########-----------------------------] 26/93
  val   [###########-----------------------------] 27/93
  val   [############----------------------------] 28/93
  val   [############----------------------------] 29/93
  val   [############----------------------------] 30/93
  val   [#############---------------------------] 31/93
  val   [#############---------------------------] 32/93
  val   [##############--------------------------] 33/93
  val   [##############--------------------------] 34/93
  val   [###############-------------------------] 35/93
  val   [###############-------------------------] 36/93
  val   [###############-------------------------] 37/93
  val   [################------------------------] 38/93
  val   [################------------------------] 39/93
  val   [#################-----------------------] 40/93
  val   [#################-----------------------] 41/93
  val   [##################----------------------] 42/93
  val   [##################----------------------] 43/93
  val   [##################----------------------] 44/93
  val   [###################---------------------] 45/93
  val   [###################---------------------] 46/93
  val   [####################--------------------] 47/93
  val   [####################--------------------] 48/93
  val   [#####################-------------------] 49/93
  val   [#####################-------------------] 50/93
  val   [#####################-------------------] 51/93
  val   [######################------------------] 52/93
  val   [######################------------------] 53/93
  val   [#######################-----------------] 54/93
  val   [#######################-----------------] 55/93
  val   [########################----------------] 56/93
  val   [########################----------------] 57/93
  val   [########################----------------] 58/93
  val   [#########################---------------] 59/93
  val   [#########################---------------] 60/93
  val   [##########################--------------] 61/93
  val   [##########################--------------] 62/93
  val   [###########################-------------] 63/93
  val   [###########################-------------] 64/93
  val   [###########################-------------] 65/93
  val   [############################------------] 66/93
  val   [############################------------] 67/93
  val   [#############################-----------] 68/93
  val   [#############################-----------] 69/93
  val   [##############################----------] 70/93
  val   [##############################----------] 71/93
  val   [##############################----------] 72/93
  val   [###############################---------] 73/93
  val   [###############################---------] 74/93
  val   [################################--------] 75/93
  val   [################################--------] 76/93
  val   [#################################-------] 77/93
  val   [#################################-------] 78/93
  val   [#################################-------] 79/93
  val   [##################################------] 80/93
  val   [##################################------] 81/93
  val   [###################################-----] 82/93
  val   [###################################-----] 83/93
  val   [####################################----] 84/93
  val   [####################################----] 85/93
  val   [####################################----] 86/93
  val   [#####################################---] 87/93
  val   [#####################################---] 88/93
  val   [######################################--] 89/93
  val   [######################################--] 90/93
  val   [#######################################-] 91/93
  val   [#######################################-] 92/93
  val   [########################################] 93/93
Epoch  16 | train_loss=0.0159 | val_loss=0.3279 | val_acc=0.9366
  train [----------------------------------------] 4/444  loss=0.0175
  train [----------------------------------------] 8/444  loss=0.0118
  train [#---------------------------------------] 12/444  loss=0.0088
  train [#---------------------------------------] 16/444  loss=0.0069
  train [#---------------------------------------] 20/444  loss=0.0073
  train [##--------------------------------------] 24/444  loss=0.0070
  train [##--------------------------------------] 28/444  loss=0.0069
  train [##--------------------------------------] 32/444  loss=0.0063
  train [###-------------------------------------] 36/444  loss=0.0060
  train [###-------------------------------------] 40/444  loss=0.0058
  train [###-------------------------------------] 44/444  loss=0.0058
  train [####------------------------------------] 48/444  loss=0.0057
  train [####------------------------------------] 52/444  loss=0.0055
  train [#####-----------------------------------] 56/444  loss=0.0052
  train [#####-----------------------------------] 60/444  loss=0.0053
  train [#####-----------------------------------] 64/444  loss=0.0051
  train [######----------------------------------] 68/444  loss=0.0049
  train [######----------------------------------] 72/444  loss=0.0078
  train [######----------------------------------] 76/444  loss=0.0082
  train [#######---------------------------------] 80/444  loss=0.0080
  train [#######---------------------------------] 84/444  loss=0.0091
  train [#######---------------------------------] 88/444  loss=0.0091
  train [########--------------------------------] 92/444  loss=0.0128
  train [########--------------------------------] 96/444  loss=0.0137
  train [#########-------------------------------] 100/444  loss=0.0136
  train [#########-------------------------------] 104/444  loss=0.0143
  train [#########-------------------------------] 108/444  loss=0.0144
  train [##########------------------------------] 112/444  loss=0.0142
  train [##########------------------------------] 116/444  loss=0.0141
  train [##########------------------------------] 120/444  loss=0.0138
  train [###########-----------------------------] 124/444  loss=0.0137
  train [###########-----------------------------] 128/444  loss=0.0138
  train [###########-----------------------------] 132/444  loss=0.0135
  train [############----------------------------] 136/444  loss=0.0136
  train [############----------------------------] 140/444  loss=0.0133
  train [############----------------------------] 144/444  loss=0.0130
  train [#############---------------------------] 148/444  loss=0.0129
  train [#############---------------------------] 152/444  loss=0.0128
  train [##############--------------------------] 156/444  loss=0.0127
  train [##############--------------------------] 160/444  loss=0.0140
  train [##############--------------------------] 164/444  loss=0.0138
  train [###############-------------------------] 168/444  loss=0.0138
  train [###############-------------------------] 172/444  loss=0.0138
  train [###############-------------------------] 176/444  loss=0.0150
  train [################------------------------] 180/444  loss=0.0156
  train [################------------------------] 184/444  loss=0.0155
  train [################------------------------] 188/444  loss=0.0153
  train [#################-----------------------] 192/444  loss=0.0153
  train [#################-----------------------] 196/444  loss=0.0152
  train [##################----------------------] 200/444  loss=0.0163
  train [##################----------------------] 204/444  loss=0.0163
  train [##################----------------------] 208/444  loss=0.0165
  train [###################---------------------] 212/444  loss=0.0166
  train [###################---------------------] 216/444  loss=0.0165
  train [###################---------------------] 220/444  loss=0.0166
  train [####################--------------------] 224/444  loss=0.0165
  train [####################--------------------] 228/444  loss=0.0165
  train [####################--------------------] 232/444  loss=0.0163
  train [#####################-------------------] 236/444  loss=0.0163
  train [#####################-------------------] 240/444  loss=0.0164
  train [#####################-------------------] 244/444  loss=0.0162
  train [######################------------------] 248/444  loss=0.0160
  train [######################------------------] 252/444  loss=0.0166
  train [#######################-----------------] 256/444  loss=0.0167
  train [#######################-----------------] 260/444  loss=0.0167
  train [#######################-----------------] 264/444  loss=0.0171
  train [########################----------------] 268/444  loss=0.0173
  train [########################----------------] 272/444  loss=0.0173
  train [########################----------------] 276/444  loss=0.0178
  train [#########################---------------] 280/444  loss=0.0177
  train [#########################---------------] 284/444  loss=0.0178
  train [#########################---------------] 288/444  loss=0.0181
  train [##########################--------------] 292/444  loss=0.0181
  train [##########################--------------] 296/444  loss=0.0181
  train [###########################-------------] 300/444  loss=0.0181
  train [###########################-------------] 304/444  loss=0.0180
  train [###########################-------------] 308/444  loss=0.0180
  train [############################------------] 312/444  loss=0.0179
  train [############################------------] 316/444  loss=0.0181
  train [############################------------] 320/444  loss=0.0179
  train [#############################-----------] 324/444  loss=0.0180
  train [#############################-----------] 328/444  loss=0.0179
  train [#############################-----------] 332/444  loss=0.0178
  train [##############################----------] 336/444  loss=0.0178
  train [##############################----------] 340/444  loss=0.0178
  train [##############################----------] 344/444  loss=0.0178
  train [###############################---------] 348/444  loss=0.0183
  train [###############################---------] 352/444  loss=0.0183
  train [################################--------] 356/444  loss=0.0181
  train [################################--------] 360/444  loss=0.0181
  train [################################--------] 364/444  loss=0.0180
  train [#################################-------] 368/444  loss=0.0185
  train [#################################-------] 372/444  loss=0.0184
  train [#################################-------] 376/444  loss=0.0193
  train [##################################------] 380/444  loss=0.0196
  train [##################################------] 384/444  loss=0.0198
  train [##################################------] 388/444  loss=0.0199
  train [###################################-----] 392/444  loss=0.0200
  train [###################################-----] 396/444  loss=0.0203
  train [####################################----] 400/444  loss=0.0204
  train [####################################----] 404/444  loss=0.0206
  train [####################################----] 408/444  loss=0.0227
  train [#####################################---] 412/444  loss=0.0226
  train [#####################################---] 416/444  loss=0.0229
  train [#####################################---] 420/444  loss=0.0232
  train [######################################--] 424/444  loss=0.0231
  train [######################################--] 428/444  loss=0.0231
  train [######################################--] 432/444  loss=0.0231
  train [#######################################-] 436/444  loss=0.0237
  train [#######################################-] 440/444  loss=0.0236
  train [########################################] 444/444  loss=0.0236
  val   [----------------------------------------] 1/93
  val   [----------------------------------------] 2/93
  val   [#---------------------------------------] 3/93
  val   [#---------------------------------------] 4/93
  val   [##--------------------------------------] 5/93
  val   [##--------------------------------------] 6/93
  val   [###-------------------------------------] 7/93
  val   [###-------------------------------------] 8/93
  val   [###-------------------------------------] 9/93
  val   [####------------------------------------] 10/93
  val   [####------------------------------------] 11/93
  val   [#####-----------------------------------] 12/93
  val   [#####-----------------------------------] 13/93
  val   [######----------------------------------] 14/93
  val   [######----------------------------------] 15/93
  val   [######----------------------------------] 16/93
  val   [#######---------------------------------] 17/93
  val   [#######---------------------------------] 18/93
  val   [########--------------------------------] 19/93
  val   [########--------------------------------] 20/93
  val   [#########-------------------------------] 21/93
  val   [#########-------------------------------] 22/93
  val   [#########-------------------------------] 23/93
  val   [##########------------------------------] 24/93
  val   [##########------------------------------] 25/93
  val   [###########-----------------------------] 26/93
  val   [###########-----------------------------] 27/93
  val   [############----------------------------] 28/93
  val   [############----------------------------] 29/93
  val   [############----------------------------] 30/93
  val   [#############---------------------------] 31/93
  val   [#############---------------------------] 32/93
  val   [##############--------------------------] 33/93
  val   [##############--------------------------] 34/93
  val   [###############-------------------------] 35/93
  val   [###############-------------------------] 36/93
  val   [###############-------------------------] 37/93
  val   [################------------------------] 38/93
  val   [################------------------------] 39/93
  val   [#################-----------------------] 40/93
  val   [#################-----------------------] 41/93
  val   [##################----------------------] 42/93
  val   [##################----------------------] 43/93
  val   [##################----------------------] 44/93
  val   [###################---------------------] 45/93
  val   [###################---------------------] 46/93
  val   [####################--------------------] 47/93
  val   [####################--------------------] 48/93
  val   [#####################-------------------] 49/93
  val   [#####################-------------------] 50/93
  val   [#####################-------------------] 51/93
  val   [######################------------------] 52/93
  val   [######################------------------] 53/93
  val   [#######################-----------------] 54/93
  val   [#######################-----------------] 55/93
  val   [########################----------------] 56/93
  val   [########################----------------] 57/93
  val   [########################----------------] 58/93
  val   [#########################---------------] 59/93
  val   [#########################---------------] 60/93
  val   [##########################--------------] 61/93
  val   [##########################--------------] 62/93
  val   [###########################-------------] 63/93
  val   [###########################-------------] 64/93
  val   [###########################-------------] 65/93
  val   [############################------------] 66/93
  val   [############################------------] 67/93
  val   [#############################-----------] 68/93
  val   [#############################-----------] 69/93
  val   [##############################----------] 70/93
  val   [##############################----------] 71/93
  val   [##############################----------] 72/93
  val   [###############################---------] 73/93
  val   [###############################---------] 74/93
  val   [################################--------] 75/93
  val   [################################--------] 76/93
  val   [#################################-------] 77/93
  val   [#################################-------] 78/93
  val   [#################################-------] 79/93
  val   [##################################------] 80/93
  val   [##################################------] 81/93
  val   [###################################-----] 82/93
  val   [###################################-----] 83/93
  val   [####################################----] 84/93
  val   [####################################----] 85/93
  val   [####################################----] 86/93
  val   [#####################################---] 87/93
  val   [#####################################---] 88/93
  val   [######################################--] 89/93
  val   [######################################--] 90/93
  val   [#######################################-] 91/93
  val   [#######################################-] 92/93
  val   [########################################] 93/93
Epoch  17 | train_loss=0.0236 | val_loss=0.3929 | val_acc=0.9253
Early stopping at epoch 17 (no improvement for 5 epochs)

Done. Results in /zfsstore/courses/2025-2026/4343MMEBX/Group6/results/gated_fusion_bioclip/
Warning: You are sending unauthenticated requests to the HF Hub. Please set a HF_TOKEN to enable higher rate limits and faster downloads.
WARNING:huggingface_hub.utils._http:Warning: You are sending unauthenticated requests to the HF Hub. Please set a HF_TOKEN to enable higher rate limits and faster downloads.
Loading datasets...
Classes: 317, total samples: 40902
Discarded 247 species (1087 records) below MIN_GBIFIDS=10
Building model and loading best.pt...
Running inference on test set...
  inference [----------------------------------------] 1/104
  inference [----------------------------------------] 2/104
  inference [#---------------------------------------] 3/104
  inference [#---------------------------------------] 4/104
  inference [#---------------------------------------] 5/104
  inference [##--------------------------------------] 6/104
  inference [##--------------------------------------] 7/104
  inference [###-------------------------------------] 8/104
  inference [###-------------------------------------] 9/104
  inference [###-------------------------------------] 10/104
  inference [####------------------------------------] 11/104
  inference [####------------------------------------] 12/104
  inference [#####-----------------------------------] 13/104
  inference [#####-----------------------------------] 14/104
  inference [#####-----------------------------------] 15/104
  inference [######----------------------------------] 16/104
  inference [######----------------------------------] 17/104
  inference [######----------------------------------] 18/104
  inference [#######---------------------------------] 19/104
  inference [#######---------------------------------] 20/104
  inference [########--------------------------------] 21/104
  inference [########--------------------------------] 22/104
  inference [########--------------------------------] 23/104
  inference [#########-------------------------------] 24/104
  inference [#########-------------------------------] 25/104
  inference [##########------------------------------] 26/104
  inference [##########------------------------------] 27/104
  inference [##########------------------------------] 28/104
  inference [###########-----------------------------] 29/104
  inference [###########-----------------------------] 30/104
  inference [###########-----------------------------] 31/104
  inference [############----------------------------] 32/104
  inference [############----------------------------] 33/104
  inference [#############---------------------------] 34/104
  inference [#############---------------------------] 35/104
  inference [#############---------------------------] 36/104
  inference [##############--------------------------] 37/104
  inference [##############--------------------------] 38/104
  inference [###############-------------------------] 39/104
  inference [###############-------------------------] 40/104
  inference [###############-------------------------] 41/104
  inference [################------------------------] 42/104
  inference [################------------------------] 43/104
  inference [################------------------------] 44/104
  inference [#################-----------------------] 45/104
  inference [#################-----------------------] 46/104
  inference [##################----------------------] 47/104
  inference [##################----------------------] 48/104
  inference [##################----------------------] 49/104
  inference [###################---------------------] 50/104
  inference [###################---------------------] 51/104
  inference [####################--------------------] 52/104
  inference [####################--------------------] 53/104
  inference [####################--------------------] 54/104
  inference [#####################-------------------] 55/104
  inference [#####################-------------------] 56/104
  inference [#####################-------------------] 57/104
  inference [######################------------------] 58/104
  inference [######################------------------] 59/104
  inference [#######################-----------------] 60/104
  inference [#######################-----------------] 61/104
  inference [#######################-----------------] 62/104
  inference [########################----------------] 63/104
  inference [########################----------------] 64/104
  inference [#########################---------------] 65/104
  inference [#########################---------------] 66/104
  inference [#########################---------------] 67/104
  inference [##########################--------------] 68/104
  inference [##########################--------------] 69/104
  inference [##########################--------------] 70/104
  inference [###########################-------------] 71/104
  inference [###########################-------------] 72/104
  inference [############################------------] 73/104
  inference [############################------------] 74/104
  inference [############################------------] 75/104
  inference [#############################-----------] 76/104
  inference [#############################-----------] 77/104
  inference [##############################----------] 78/104
  inference [##############################----------] 79/104
  inference [##############################----------] 80/104
  inference [###############################---------] 81/104
  inference [###############################---------] 82/104
  inference [###############################---------] 83/104
  inference [################################--------] 84/104
  inference [################################--------] 85/104
  inference [#################################-------] 86/104
  inference [#################################-------] 87/104
  inference [#################################-------] 88/104
  inference [##################################------] 89/104
  inference [##################################------] 90/104
  inference [###################################-----] 91/104
  inference [###################################-----] 92/104
  inference [###################################-----] 93/104
  inference [####################################----] 94/104
  inference [####################################----] 95/104
  inference [####################################----] 96/104
  inference [#####################################---] 97/104
  inference [#####################################---] 98/104
  inference [######################################--] 99/104
  inference [######################################--] 100/104
  inference [######################################--] 101/104
  inference [#######################################-] 102/104
  inference [#######################################-] 103/104
  inference [########################################] 104/104
Macro-F1 (overall): 0.9001
  rare  : 0.9094
  medium: 0.9363
  common: 0.9693
Metrics saved to /zfsstore/courses/2025-2026/4343MMEBX/Group6/results/gated_fusion_bioclip/metrics.json
