  failed 3449987949_Preview001.jpg: <urlopen error timed out>
  failed 3449979074_Preview001.jpg: <urlopen error timed out>
  failed 3449953358_Preview001.jpg: <urlopen error timed out>
  failed 3449943128_Preview001.jpg: <urlopen error timed out>
  failed 3449934212_Preview001.jpg: <urlopen error timed out>
Loaded 32095 occurrence records
Total multimedia rows: 42152

Done. total=42006, downloaded=0, skipped=42001, errors=5
Device: cuda
Loading datasets...
Classes: 317, total samples: 40902
Discarded 247 species (1087 records) below MIN_GBIFIDS=10
Classes: 317 | train: 28370 | val: 5933
Building model...
Mixed precision (autocast + GradScaler) enabled
--resume set but no last.pt found; starting from scratch
  train [----------------------------------------] 4/444  loss=5.7532
  train [----------------------------------------] 8/444  loss=5.7407
  train [#---------------------------------------] 12/444  loss=5.7411
  train [#---------------------------------------] 16/444  loss=5.7437
  train [#---------------------------------------] 20/444  loss=5.7377
  train [##--------------------------------------] 24/444  loss=5.7324
  train [##--------------------------------------] 28/444  loss=5.7301
  train [##--------------------------------------] 32/444  loss=5.7274
  train [###-------------------------------------] 36/444  loss=5.7256
  train [###-------------------------------------] 40/444  loss=5.7198
  train [###-------------------------------------] 44/444  loss=5.7148
  train [####------------------------------------] 48/444  loss=5.7082
  train [####------------------------------------] 52/444  loss=5.6984
  train [#####-----------------------------------] 56/444  loss=5.6885
  train [#####-----------------------------------] 60/444  loss=5.6837
  train [#####-----------------------------------] 64/444  loss=5.6750
  train [######----------------------------------] 68/444  loss=5.6646
  train [######----------------------------------] 72/444  loss=5.6565
  train [######----------------------------------] 76/444  loss=5.6456
  train [#######---------------------------------] 80/444  loss=5.6457
  train [#######---------------------------------] 84/444  loss=5.6375
  train [#######---------------------------------] 88/444  loss=5.6312
  train [########--------------------------------] 92/444  loss=5.6244
  train [########--------------------------------] 96/444  loss=5.6211
  train [#########-------------------------------] 100/444  loss=5.6151
  train [#########-------------------------------] 104/444  loss=5.6124
  train [#########-------------------------------] 108/444  loss=5.6050
  train [##########------------------------------] 112/444  loss=5.5994
  train [##########------------------------------] 116/444  loss=5.5930
  train [##########------------------------------] 120/444  loss=5.5849
  train [###########-----------------------------] 124/444  loss=5.5830
  train [###########-----------------------------] 128/444  loss=5.5724
  train [###########-----------------------------] 132/444  loss=5.5667
  train [############----------------------------] 136/444  loss=5.5634
  train [############----------------------------] 140/444  loss=5.5556
  train [############----------------------------] 144/444  loss=5.5494
  train [#############---------------------------] 148/444  loss=5.5420
  train [#############---------------------------] 152/444  loss=5.5327
  train [##############--------------------------] 156/444  loss=5.5286
  train [##############--------------------------] 160/444  loss=5.5217
  train [##############--------------------------] 164/444  loss=5.5160
  train [###############-------------------------] 168/444  loss=5.5095
  train [###############-------------------------] 172/444  loss=5.5016
  train [###############-------------------------] 176/444  loss=5.4961
  train [################------------------------] 180/444  loss=5.4883
  train [################------------------------] 184/444  loss=5.4814
  train [################------------------------] 188/444  loss=5.4755
  train [#################-----------------------] 192/444  loss=5.4700
  train [#################-----------------------] 196/444  loss=5.4623
  train [##################----------------------] 200/444  loss=5.4558
  train [##################----------------------] 204/444  loss=5.4511
  train [##################----------------------] 208/444  loss=5.4460
  train [###################---------------------] 212/444  loss=5.4418
  train [###################---------------------] 216/444  loss=5.4395
  train [###################---------------------] 220/444  loss=5.4344
  train [####################--------------------] 224/444  loss=5.4272
  train [####################--------------------] 228/444  loss=5.4212
  train [####################--------------------] 232/444  loss=5.4170
  train [#####################-------------------] 236/444  loss=5.4132
  train [#####################-------------------] 240/444  loss=5.4076
  train [#####################-------------------] 244/444  loss=5.4023
  train [######################------------------] 248/444  loss=5.3957
  train [######################------------------] 252/444  loss=5.3901
  train [#######################-----------------] 256/444  loss=5.3859
  train [#######################-----------------] 260/444  loss=5.3817
  train [#######################-----------------] 264/444  loss=5.3770
  train [########################----------------] 268/444  loss=5.3718
  train [########################----------------] 272/444  loss=5.3683
  train [########################----------------] 276/444  loss=5.3647
  train [#########################---------------] 280/444  loss=5.3584
  train [#########################---------------] 284/444  loss=5.3541
  train [#########################---------------] 288/444  loss=5.3500
  train [##########################--------------] 292/444  loss=5.3462
  train [##########################--------------] 296/444  loss=5.3424
  train [###########################-------------] 300/444  loss=5.3380
  train [###########################-------------] 304/444  loss=5.3344
  train [###########################-------------] 308/444  loss=5.3280
  train [############################------------] 312/444  loss=5.3233
  train [############################------------] 316/444  loss=5.3189
  train [############################------------] 320/444  loss=5.3159
  train [#############################-----------] 324/444  loss=5.3118
  train [#############################-----------] 328/444  loss=5.3088
  train [#############################-----------] 332/444  loss=5.3054
  train [##############################----------] 336/444  loss=5.2999
  train [##############################----------] 340/444  loss=5.2953
  train [##############################----------] 344/444  loss=5.2932
  train [###############################---------] 348/444  loss=5.2888
  train [###############################---------] 352/444  loss=5.2853
  train [################################--------] 356/444  loss=5.2830
  train [################################--------] 360/444  loss=5.2787
  train [################################--------] 364/444  loss=5.2760
  train [#################################-------] 368/444  loss=5.2720
  train [#################################-------] 372/444  loss=5.2693
  train [#################################-------] 376/444  loss=5.2658
  train [##################################------] 380/444  loss=5.2622
  train [##################################------] 384/444  loss=5.2583
  train [##################################------] 388/444  loss=5.2555
  train [###################################-----] 392/444  loss=5.2509
  train [###################################-----] 396/444  loss=5.2488
  train [####################################----] 400/444  loss=5.2460
  train [####################################----] 404/444  loss=5.2430
  train [####################################----] 408/444  loss=5.2386
  train [#####################################---] 412/444  loss=5.2357
  train [#####################################---] 416/444  loss=5.2317
  train [#####################################---] 420/444  loss=5.2282
  train [######################################--] 424/444  loss=5.2255
  train [######################################--] 428/444  loss=5.2218
  train [######################################--] 432/444  loss=5.2186
  train [#######################################-] 436/444  loss=5.2153
  train [#######################################-] 440/444  loss=5.2132
  train [########################################] 444/444  loss=5.2036
  val   [----------------------------------------] 1/93
  val   [----------------------------------------] 2/93
  val   [#---------------------------------------] 3/93
  val   [#---------------------------------------] 4/93
  val   [##--------------------------------------] 5/93
  val   [##--------------------------------------] 6/93
  val   [###-------------------------------------] 7/93
  val   [###-------------------------------------] 8/93
  val   [###-------------------------------------] 9/93
  val   [####------------------------------------] 10/93
  val   [####------------------------------------] 11/93
  val   [#####-----------------------------------] 12/93
  val   [#####-----------------------------------] 13/93
  val   [######----------------------------------] 14/93
  val   [######----------------------------------] 15/93
  val   [######----------------------------------] 16/93
  val   [#######---------------------------------] 17/93
  val   [#######---------------------------------] 18/93
  val   [########--------------------------------] 19/93
  val   [########--------------------------------] 20/93
  val   [#########-------------------------------] 21/93
  val   [#########-------------------------------] 22/93
  val   [#########-------------------------------] 23/93
  val   [##########------------------------------] 24/93
  val   [##########------------------------------] 25/93
  val   [###########-----------------------------] 26/93
  val   [###########-----------------------------] 27/93
  val   [############----------------------------] 28/93
  val   [############----------------------------] 29/93
  val   [############----------------------------] 30/93
  val   [#############---------------------------] 31/93
  val   [#############---------------------------] 32/93
  val   [##############--------------------------] 33/93
  val   [##############--------------------------] 34/93
  val   [###############-------------------------] 35/93
  val   [###############-------------------------] 36/93
  val   [###############-------------------------] 37/93
  val   [################------------------------] 38/93
  val   [################------------------------] 39/93
  val   [#################-----------------------] 40/93
  val   [#################-----------------------] 41/93
  val   [##################----------------------] 42/93
  val   [##################----------------------] 43/93
  val   [##################----------------------] 44/93
  val   [###################---------------------] 45/93
  val   [###################---------------------] 46/93
  val   [####################--------------------] 47/93
  val   [####################--------------------] 48/93
  val   [#####################-------------------] 49/93
  val   [#####################-------------------] 50/93
  val   [#####################-------------------] 51/93
  val   [######################------------------] 52/93
  val   [######################------------------] 53/93
  val   [#######################-----------------] 54/93
  val   [#######################-----------------] 55/93
  val   [########################----------------] 56/93
  val   [########################----------------] 57/93
  val   [########################----------------] 58/93
  val   [#########################---------------] 59/93
  val   [#########################---------------] 60/93
  val   [##########################--------------] 61/93
  val   [##########################--------------] 62/93
  val   [###########################-------------] 63/93
  val   [###########################-------------] 64/93
  val   [###########################-------------] 65/93
  val   [############################------------] 66/93
  val   [############################------------] 67/93
  val   [#############################-----------] 68/93
  val   [#############################-----------] 69/93
  val   [##############################----------] 70/93
  val   [##############################----------] 71/93
  val   [##############################----------] 72/93
  val   [###############################---------] 73/93
  val   [###############################---------] 74/93
  val   [################################--------] 75/93
  val   [################################--------] 76/93
  val   [#################################-------] 77/93
  val   [#################################-------] 78/93
  val   [#################################-------] 79/93
  val   [##################################------] 80/93
  val   [##################################------] 81/93
  val   [###################################-----] 82/93
  val   [###################################-----] 83/93
  val   [####################################----] 84/93
  val   [####################################----] 85/93
  val   [####################################----] 86/93
  val   [#####################################---] 87/93
  val   [#####################################---] 88/93
  val   [######################################--] 89/93
  val   [######################################--] 90/93
  val   [#######################################-] 91/93
  val   [#######################################-] 92/93
  val   [########################################] 93/93
Epoch   0 | train_loss=5.2120 | val_loss=4.7570 | val_acc=0.0656
  -> best model saved (val_loss=4.7570)
  train [----------------------------------------] 4/444  loss=4.8403
  train [----------------------------------------] 8/444  loss=4.7874
  train [#---------------------------------------] 12/444  loss=4.8217
  train [#---------------------------------------] 16/444  loss=4.8335
  train [#---------------------------------------] 20/444  loss=4.8106
  train [##--------------------------------------] 24/444  loss=4.8093
  train [##--------------------------------------] 28/444  loss=4.8199
  train [##--------------------------------------] 32/444  loss=4.8187
  train [###-------------------------------------] 36/444  loss=4.8212
  train [###-------------------------------------] 40/444  loss=4.8161
  train [###-------------------------------------] 44/444  loss=4.8087
  train [####------------------------------------] 48/444  loss=4.8122
  train [####------------------------------------] 52/444  loss=4.8169
  train [#####-----------------------------------] 56/444  loss=4.8199
  train [#####-----------------------------------] 60/444  loss=4.8186
  train [#####-----------------------------------] 64/444  loss=4.8206
  train [######----------------------------------] 68/444  loss=4.8274
  train [######----------------------------------] 72/444  loss=4.8299
  train [######----------------------------------] 76/444  loss=4.8297
  train [#######---------------------------------] 80/444  loss=4.8298
  train [#######---------------------------------] 84/444  loss=4.8280
  train [#######---------------------------------] 88/444  loss=4.8211
  train [########--------------------------------] 92/444  loss=4.8122
  train [########--------------------------------] 96/444  loss=4.8186
  train [#########-------------------------------] 100/444  loss=4.8187
  train [#########-------------------------------] 104/444  loss=4.8160
  train [#########-------------------------------] 108/444  loss=4.8172
  train [##########------------------------------] 112/444  loss=4.8168
  train [##########------------------------------] 116/444  loss=4.8119
  train [##########------------------------------] 120/444  loss=4.8088
  train [###########-----------------------------] 124/444  loss=4.8109
  train [###########-----------------------------] 128/444  loss=4.8143
  train [###########-----------------------------] 132/444  loss=4.8121
  train [############----------------------------] 136/444  loss=4.8108
  train [############----------------------------] 140/444  loss=4.8089
  train [############----------------------------] 144/444  loss=4.8080
  train [#############---------------------------] 148/444  loss=4.8081
  train [#############---------------------------] 152/444  loss=4.8075
  train [##############--------------------------] 156/444  loss=4.8098
  train [##############--------------------------] 160/444  loss=4.8064
  train [##############--------------------------] 164/444  loss=4.8095
  train [###############-------------------------] 168/444  loss=4.8090
  train [###############-------------------------] 172/444  loss=4.8093
  train [###############-------------------------] 176/444  loss=4.8075
  train [################------------------------] 180/444  loss=4.8086
  train [################------------------------] 184/444  loss=4.8067
  train [################------------------------] 188/444  loss=4.8044
  train [#################-----------------------] 192/444  loss=4.8030
  train [#################-----------------------] 196/444  loss=4.8006
  train [##################----------------------] 200/444  loss=4.7964
  train [##################----------------------] 204/444  loss=4.7957
  train [##################----------------------] 208/444  loss=4.7992
  train [###################---------------------] 212/444  loss=4.7996
  train [###################---------------------] 216/444  loss=4.7997
  train [###################---------------------] 220/444  loss=4.8004
  train [####################--------------------] 224/444  loss=4.8004
  train [####################--------------------] 228/444  loss=4.8008
  train [####################--------------------] 232/444  loss=4.8031
  train [#####################-------------------] 236/444  loss=4.8017
  train [#####################-------------------] 240/444  loss=4.7990
  train [#####################-------------------] 244/444  loss=4.7971
  train [######################------------------] 248/444  loss=4.7975
  train [######################------------------] 252/444  loss=4.7960
  train [#######################-----------------] 256/444  loss=4.7941
  train [#######################-----------------] 260/444  loss=4.7946
  train [#######################-----------------] 264/444  loss=4.7947
  train [########################----------------] 268/444  loss=4.7921
  train [########################----------------] 272/444  loss=4.7913
  train [########################----------------] 276/444  loss=4.7907
  train [#########################---------------] 280/444  loss=4.7898
  train [#########################---------------] 284/444  loss=4.7921
  train [#########################---------------] 288/444  loss=4.7896
  train [##########################--------------] 292/444  loss=4.7893
  train [##########################--------------] 296/444  loss=4.7910
  train [###########################-------------] 300/444  loss=4.7884
  train [###########################-------------] 304/444  loss=4.7853
  train [###########################-------------] 308/444  loss=4.7842
  train [############################------------] 312/444  loss=4.7836
  train [############################------------] 316/444  loss=4.7808
  train [############################------------] 320/444  loss=4.7805
  train [#############################-----------] 324/444  loss=4.7809
  train [#############################-----------] 328/444  loss=4.7811
  train [#############################-----------] 332/444  loss=4.7803
  train [##############################----------] 336/444  loss=4.7785
  train [##############################----------] 340/444  loss=4.7781
  train [##############################----------] 344/444  loss=4.7778
  train [###############################---------] 348/444  loss=4.7757
  train [###############################---------] 352/444  loss=4.7752
  train [################################--------] 356/444  loss=4.7741
  train [################################--------] 360/444  loss=4.7730
  train [################################--------] 364/444  loss=4.7709
  train [#################################-------] 368/444  loss=4.7691
  train [#################################-------] 372/444  loss=4.7688
  train [#################################-------] 376/444  loss=4.7679
  train [##################################------] 380/444  loss=4.7667
  train [##################################------] 384/444  loss=4.7671
  train [##################################------] 388/444  loss=4.7666
  train [###################################-----] 392/444  loss=4.7677
  train [###################################-----] 396/444  loss=4.7661
  train [####################################----] 400/444  loss=4.7649
  train [####################################----] 404/444  loss=4.7640
  train [####################################----] 408/444  loss=4.7632
  train [#####################################---] 412/444  loss=4.7628
  train [#####################################---] 416/444  loss=4.7632
  train [#####################################---] 420/444  loss=4.7623
  train [######################################--] 424/444  loss=4.7617
  train [######################################--] 428/444  loss=4.7619
  train [######################################--] 432/444  loss=4.7618
  train [#######################################-] 436/444  loss=4.7613
  train [#######################################-] 440/444  loss=4.7601
  train [########################################] 444/444  loss=4.7514
  val   [----------------------------------------] 1/93
  val   [----------------------------------------] 2/93
  val   [#---------------------------------------] 3/93
  val   [#---------------------------------------] 4/93
  val   [##--------------------------------------] 5/93
  val   [##--------------------------------------] 6/93
  val   [###-------------------------------------] 7/93
  val   [###-------------------------------------] 8/93
  val   [###-------------------------------------] 9/93
  val   [####------------------------------------] 10/93
  val   [####------------------------------------] 11/93
  val   [#####-----------------------------------] 12/93
  val   [#####-----------------------------------] 13/93
  val   [######----------------------------------] 14/93
  val   [######----------------------------------] 15/93
  val   [######----------------------------------] 16/93
  val   [#######---------------------------------] 17/93
  val   [#######---------------------------------] 18/93
  val   [########--------------------------------] 19/93
  val   [########--------------------------------] 20/93
  val   [#########-------------------------------] 21/93
  val   [#########-------------------------------] 22/93
  val   [#########-------------------------------] 23/93
  val   [##########------------------------------] 24/93
  val   [##########------------------------------] 25/93
  val   [###########-----------------------------] 26/93
  val   [###########-----------------------------] 27/93
  val   [############----------------------------] 28/93
  val   [############----------------------------] 29/93
  val   [############----------------------------] 30/93
  val   [#############---------------------------] 31/93
  val   [#############---------------------------] 32/93
  val   [##############--------------------------] 33/93
  val   [##############--------------------------] 34/93
  val   [###############-------------------------] 35/93
  val   [###############-------------------------] 36/93
  val   [###############-------------------------] 37/93
  val   [################------------------------] 38/93
  val   [################------------------------] 39/93
  val   [#################-----------------------] 40/93
  val   [#################-----------------------] 41/93
  val   [##################----------------------] 42/93
  val   [##################----------------------] 43/93
  val   [##################----------------------] 44/93
  val   [###################---------------------] 45/93
  val   [###################---------------------] 46/93
  val   [####################--------------------] 47/93
  val   [####################--------------------] 48/93
  val   [#####################-------------------] 49/93
  val   [#####################-------------------] 50/93
  val   [#####################-------------------] 51/93
  val   [######################------------------] 52/93
  val   [######################------------------] 53/93
  val   [#######################-----------------] 54/93
  val   [#######################-----------------] 55/93
  val   [########################----------------] 56/93
  val   [########################----------------] 57/93
  val   [########################----------------] 58/93
  val   [#########################---------------] 59/93
  val   [#########################---------------] 60/93
  val   [##########################--------------] 61/93
  val   [##########################--------------] 62/93
  val   [###########################-------------] 63/93
  val   [###########################-------------] 64/93
  val   [###########################-------------] 65/93
  val   [############################------------] 66/93
  val   [############################------------] 67/93
  val   [#############################-----------] 68/93
  val   [#############################-----------] 69/93
  val   [##############################----------] 70/93
  val   [##############################----------] 71/93
  val   [##############################----------] 72/93
  val   [###############################---------] 73/93
  val   [###############################---------] 74/93
  val   [################################--------] 75/93
  val   [################################--------] 76/93
  val   [#################################-------] 77/93
  val   [#################################-------] 78/93
  val   [#################################-------] 79/93
  val   [##################################------] 80/93
  val   [##################################------] 81/93
  val   [###################################-----] 82/93
  val   [###################################-----] 83/93
  val   [####################################----] 84/93
  val   [####################################----] 85/93
  val   [####################################----] 86/93
  val   [#####################################---] 87/93
  val   [#####################################---] 88/93
  val   [######################################--] 89/93
  val   [######################################--] 90/93
  val   [#######################################-] 91/93
  val   [#######################################-] 92/93
  val   [########################################] 93/93
Epoch   1 | train_loss=4.7591 | val_loss=4.6407 | val_acc=0.0716
  -> best model saved (val_loss=4.6407)
  train [----------------------------------------] 4/444  loss=4.7457
  train [----------------------------------------] 8/444  loss=4.6736
  train [#---------------------------------------] 12/444  loss=4.6736
  train [#---------------------------------------] 16/444  loss=4.6926
  train [#---------------------------------------] 20/444  loss=4.6571
  train [##--------------------------------------] 24/444  loss=4.6684
  train [##--------------------------------------] 28/444  loss=4.6802
  train [##--------------------------------------] 32/444  loss=4.6822
  train [###-------------------------------------] 36/444  loss=4.6751
  train [###-------------------------------------] 40/444  loss=4.6710
  train [###-------------------------------------] 44/444  loss=4.6663
  train [####------------------------------------] 48/444  loss=4.6518
  train [####------------------------------------] 52/444  loss=4.6589
  train [#####-----------------------------------] 56/444  loss=4.6579
  train [#####-----------------------------------] 60/444  loss=4.6570
  train [#####-----------------------------------] 64/444  loss=4.6558
  train [######----------------------------------] 68/444  loss=4.6648
  train [######----------------------------------] 72/444  loss=4.6642
  train [######----------------------------------] 76/444  loss=4.6551
  train [#######---------------------------------] 80/444  loss=4.6504
  train [#######---------------------------------] 84/444  loss=4.6514
  train [#######---------------------------------] 88/444  loss=4.6566
  train [########--------------------------------] 92/444  loss=4.6505
  train [########--------------------------------] 96/444  loss=4.6419
  train [#########-------------------------------] 100/444  loss=4.6461
  train [#########-------------------------------] 104/444  loss=4.6402
  train [#########-------------------------------] 108/444  loss=4.6346
  train [##########------------------------------] 112/444  loss=4.6324
  train [##########------------------------------] 116/444  loss=4.6274
  train [##########------------------------------] 120/444  loss=4.6282
  train [###########-----------------------------] 124/444  loss=4.6285
  train [###########-----------------------------] 128/444  loss=4.6283
  train [###########-----------------------------] 132/444  loss=4.6243
  train [############----------------------------] 136/444  loss=4.6299
  train [############----------------------------] 140/444  loss=4.6285
  train [############----------------------------] 144/444  loss=4.6276
  train [#############---------------------------] 148/444  loss=4.6279
  train [#############---------------------------] 152/444  loss=4.6274
  train [##############--------------------------] 156/444  loss=4.6287
  train [##############--------------------------] 160/444  loss=4.6318
  train [##############--------------------------] 164/444  loss=4.6335
  train [###############-------------------------] 168/444  loss=4.6342
  train [###############-------------------------] 172/444  loss=4.6317
  train [###############-------------------------] 176/444  loss=4.6315
  train [################------------------------] 180/444  loss=4.6301
  train [################------------------------] 184/444  loss=4.6294
  train [################------------------------] 188/444  loss=4.6327
  train [#################-----------------------] 192/444  loss=4.6336
  train [#################-----------------------] 196/444  loss=4.6324
  train [##################----------------------] 200/444  loss=4.6325
  train [##################----------------------] 204/444  loss=4.6335
  train [##################----------------------] 208/444  loss=4.6355
  train [###################---------------------] 212/444  loss=4.6366
  train [###################---------------------] 216/444  loss=4.6374
  train [###################---------------------] 220/444  loss=4.6373
  train [####################--------------------] 224/444  loss=4.6339
  train [####################--------------------] 228/444  loss=4.6329
  train [####################--------------------] 232/444  loss=4.6353
  train [#####################-------------------] 236/444  loss=4.6356
  train [#####################-------------------] 240/444  loss=4.6374
  train [#####################-------------------] 244/444  loss=4.6397
  train [######################------------------] 248/444  loss=4.6402
  train [######################------------------] 252/444  loss=4.6386
  train [#######################-----------------] 256/444  loss=4.6402
  train [#######################-----------------] 260/444  loss=4.6411
  train [#######################-----------------] 264/444  loss=4.6410
  train [########################----------------] 268/444  loss=4.6419
  train [########################----------------] 272/444  loss=4.6425
  train [########################----------------] 276/444  loss=4.6423
  train [#########################---------------] 280/444  loss=4.6442
  train [#########################---------------] 284/444  loss=4.6430
  train [#########################---------------] 288/444  loss=4.6427
  train [##########################--------------] 292/444  loss=4.6418
  train [##########################--------------] 296/444  loss=4.6405
  train [###########################-------------] 300/444  loss=4.6398
  train [###########################-------------] 304/444  loss=4.6388
  train [###########################-------------] 308/444  loss=4.6388
  train [############################------------] 312/444  loss=4.6372
  train [############################------------] 316/444  loss=4.6392
  train [############################------------] 320/444  loss=4.6387
  train [#############################-----------] 324/444  loss=4.6377
  train [#############################-----------] 328/444  loss=4.6383
  train [#############################-----------] 332/444  loss=4.6375
  train [##############################----------] 336/444  loss=4.6356
  train [##############################----------] 340/444  loss=4.6349
  train [##############################----------] 344/444  loss=4.6362
  train [###############################---------] 348/444  loss=4.6350
  train [###############################---------] 352/444  loss=4.6349
  train [################################--------] 356/444  loss=4.6347
  train [################################--------] 360/444  loss=4.6348
  train [################################--------] 364/444  loss=4.6357
  train [#################################-------] 368/444  loss=4.6358
  train [#################################-------] 372/444  loss=4.6378
  train [#################################-------] 376/444  loss=4.6382
  train [##################################------] 380/444  loss=4.6356
  train [##################################------] 384/444  loss=4.6332
  train [##################################------] 388/444  loss=4.6331
  train [###################################-----] 392/444  loss=4.6338
  train [###################################-----] 396/444  loss=4.6336
  train [####################################----] 400/444  loss=4.6334
  train [####################################----] 404/444  loss=4.6328
  train [####################################----] 408/444  loss=4.6330
  train [#####################################---] 412/444  loss=4.6319
  train [#####################################---] 416/444  loss=4.6315
  train [#####################################---] 420/444  loss=4.6295
  train [######################################--] 424/444  loss=4.6297
  train [######################################--] 428/444  loss=4.6304
  train [######################################--] 432/444  loss=4.6315
  train [#######################################-] 436/444  loss=4.6318
  train [#######################################-] 440/444  loss=4.6324
  train [########################################] 444/444  loss=4.6243
  val   [----------------------------------------] 1/93
  val   [----------------------------------------] 2/93
  val   [#---------------------------------------] 3/93
  val   [#---------------------------------------] 4/93
  val   [##--------------------------------------] 5/93
  val   [##--------------------------------------] 6/93
  val   [###-------------------------------------] 7/93
  val   [###-------------------------------------] 8/93
  val   [###-------------------------------------] 9/93
  val   [####------------------------------------] 10/93
  val   [####------------------------------------] 11/93
  val   [#####-----------------------------------] 12/93
  val   [#####-----------------------------------] 13/93
  val   [######----------------------------------] 14/93
  val   [######----------------------------------] 15/93
  val   [######----------------------------------] 16/93
  val   [#######---------------------------------] 17/93
  val   [#######---------------------------------] 18/93
  val   [########--------------------------------] 19/93
  val   [########--------------------------------] 20/93
  val   [#########-------------------------------] 21/93
  val   [#########-------------------------------] 22/93
  val   [#########-------------------------------] 23/93
  val   [##########------------------------------] 24/93
  val   [##########------------------------------] 25/93
  val   [###########-----------------------------] 26/93
  val   [###########-----------------------------] 27/93
  val   [############----------------------------] 28/93
  val   [############----------------------------] 29/93
  val   [############----------------------------] 30/93
  val   [#############---------------------------] 31/93
  val   [#############---------------------------] 32/93
  val   [##############--------------------------] 33/93
  val   [##############--------------------------] 34/93
  val   [###############-------------------------] 35/93
  val   [###############-------------------------] 36/93
  val   [###############-------------------------] 37/93
  val   [################------------------------] 38/93
  val   [################------------------------] 39/93
  val   [#################-----------------------] 40/93
  val   [#################-----------------------] 41/93
  val   [##################----------------------] 42/93
  val   [##################----------------------] 43/93
  val   [##################----------------------] 44/93
  val   [###################---------------------] 45/93
  val   [###################---------------------] 46/93
  val   [####################--------------------] 47/93
  val   [####################--------------------] 48/93
  val   [#####################-------------------] 49/93
  val   [#####################-------------------] 50/93
  val   [#####################-------------------] 51/93
  val   [######################------------------] 52/93
  val   [######################------------------] 53/93
  val   [#######################-----------------] 54/93
  val   [#######################-----------------] 55/93
  val   [########################----------------] 56/93
  val   [########################----------------] 57/93
  val   [########################----------------] 58/93
  val   [#########################---------------] 59/93
  val   [#########################---------------] 60/93
  val   [##########################--------------] 61/93
  val   [##########################--------------] 62/93
  val   [###########################-------------] 63/93
  val   [###########################-------------] 64/93
  val   [###########################-------------] 65/93
  val   [############################------------] 66/93
  val   [############################------------] 67/93
  val   [#############################-----------] 68/93
  val   [#############################-----------] 69/93
  val   [##############################----------] 70/93
  val   [##############################----------] 71/93
  val   [##############################----------] 72/93
  val   [###############################---------] 73/93
  val   [###############################---------] 74/93
  val   [################################--------] 75/93
  val   [################################--------] 76/93
  val   [#################################-------] 77/93
  val   [#################################-------] 78/93
  val   [#################################-------] 79/93
  val   [##################################------] 80/93
  val   [##################################------] 81/93
  val   [###################################-----] 82/93
  val   [###################################-----] 83/93
  val   [####################################----] 84/93
  val   [####################################----] 85/93
  val   [####################################----] 86/93
  val   [#####################################---] 87/93
  val   [#####################################---] 88/93
  val   [######################################--] 89/93
  val   [######################################--] 90/93
  val   [#######################################-] 91/93
  val   [#######################################-] 92/93
  val   [########################################] 93/93
Epoch   2 | train_loss=4.6318 | val_loss=4.6181 | val_acc=0.0676
  -> best model saved (val_loss=4.6181)
  train [----------------------------------------] 4/444  loss=4.4143
  train [----------------------------------------] 8/444  loss=4.5482
  train [#---------------------------------------] 12/444  loss=4.5684
  train [#---------------------------------------] 16/444  loss=4.5474
  train [#---------------------------------------] 20/444  loss=4.5319
  train [##--------------------------------------] 24/444  loss=4.5142
  train [##--------------------------------------] 28/444  loss=4.5194
  train [##--------------------------------------] 32/444  loss=4.5457
  train [###-------------------------------------] 36/444  loss=4.5594
  train [###-------------------------------------] 40/444  loss=4.5699
  train [###-------------------------------------] 44/444  loss=4.5832
  train [####------------------------------------] 48/444  loss=4.5839
  train [####------------------------------------] 52/444  loss=4.5752
  train [#####-----------------------------------] 56/444  loss=4.5760
  train [#####-----------------------------------] 60/444  loss=4.5635
  train [#####-----------------------------------] 64/444  loss=4.5649
  train [######----------------------------------] 68/444  loss=4.5629
  train [######----------------------------------] 72/444  loss=4.5607
  train [######----------------------------------] 76/444  loss=4.5646
  train [#######---------------------------------] 80/444  loss=4.5564
  train [#######---------------------------------] 84/444  loss=4.5663
  train [#######---------------------------------] 88/444  loss=4.5602
  train [########--------------------------------] 92/444  loss=4.5596
  train [########--------------------------------] 96/444  loss=4.5587
  train [#########-------------------------------] 100/444  loss=4.5628
  train [#########-------------------------------] 104/444  loss=4.5567
  train [#########-------------------------------] 108/444  loss=4.5547
  train [##########------------------------------] 112/444  loss=4.5579
  train [##########------------------------------] 116/444  loss=4.5579
  train [##########------------------------------] 120/444  loss=4.5618
  train [###########-----------------------------] 124/444  loss=4.5573
  train [###########-----------------------------] 128/444  loss=4.5565
  train [###########-----------------------------] 132/444  loss=4.5565
  train [############----------------------------] 136/444  loss=4.5591
  train [############----------------------------] 140/444  loss=4.5590
  train [############----------------------------] 144/444  loss=4.5579
  train [#############---------------------------] 148/444  loss=4.5525
  train [#############---------------------------] 152/444  loss=4.5538
  train [##############--------------------------] 156/444  loss=4.5564
  train [##############--------------------------] 160/444  loss=4.5575
  train [##############--------------------------] 164/444  loss=4.5546
  train [###############-------------------------] 168/444  loss=4.5527
  train [###############-------------------------] 172/444  loss=4.5516
  train [###############-------------------------] 176/444  loss=4.5508
  train [################------------------------] 180/444  loss=4.5500
  train [################------------------------] 184/444  loss=4.5518
  train [################------------------------] 188/444  loss=4.5555
  train [#################-----------------------] 192/444  loss=4.5542
  train [#################-----------------------] 196/444  loss=4.5531
  train [##################----------------------] 200/444  loss=4.5546
  train [##################----------------------] 204/444  loss=4.5560
  train [##################----------------------] 208/444  loss=4.5573
  train [###################---------------------] 212/444  loss=4.5575
  train [###################---------------------] 216/444  loss=4.5566
  train [###################---------------------] 220/444  loss=4.5570
  train [####################--------------------] 224/444  loss=4.5575
  train [####################--------------------] 228/444  loss=4.5538
  train [####################--------------------] 232/444  loss=4.5529
  train [#####################-------------------] 236/444  loss=4.5523
  train [#####################-------------------] 240/444  loss=4.5541
  train [#####################-------------------] 244/444  loss=4.5522
  train [######################------------------] 248/444  loss=4.5521
  train [######################------------------] 252/444  loss=4.5544
  train [#######################-----------------] 256/444  loss=4.5539
  train [#######################-----------------] 260/444  loss=4.5557
  train [#######################-----------------] 264/444  loss=4.5578
  train [########################----------------] 268/444  loss=4.5585
  train [########################----------------] 272/444  loss=4.5592
  train [########################----------------] 276/444  loss=4.5604
  train [#########################---------------] 280/444  loss=4.5593
  train [#########################---------------] 284/444  loss=4.5617
  train [#########################---------------] 288/444  loss=4.5609
  train [##########################--------------] 292/444  loss=4.5592
  train [##########################--------------] 296/444  loss=4.5577
  train [###########################-------------] 300/444  loss=4.5575
  train [###########################-------------] 304/444  loss=4.5583
  train [###########################-------------] 308/444  loss=4.5590
  train [############################------------] 312/444  loss=4.5614
  train [############################------------] 316/444  loss=4.5599
  train [############################------------] 320/444  loss=4.5588
  train [#############################-----------] 324/444  loss=4.5589
  train [#############################-----------] 328/444  loss=4.5586
  train [#############################-----------] 332/444  loss=4.5583
  train [##############################----------] 336/444  loss=4.5578
  train [##############################----------] 340/444  loss=4.5571
  train [##############################----------] 344/444  loss=4.5554
  train [###############################---------] 348/444  loss=4.5559
  train [###############################---------] 352/444  loss=4.5568
  train [################################--------] 356/444  loss=4.5563
  train [################################--------] 360/444  loss=4.5560
  train [################################--------] 364/444  loss=4.5548
  train [#################################-------] 368/444  loss=4.5561
  train [#################################-------] 372/444  loss=4.5570
  train [#################################-------] 376/444  loss=4.5574
  train [##################################------] 380/444  loss=4.5583
  train [##################################------] 384/444  loss=4.5593
  train [##################################------] 388/444  loss=4.5589
  train [###################################-----] 392/444  loss=4.5588
  train [###################################-----] 396/444  loss=4.5572
  train [####################################----] 400/444  loss=4.5573
  train [####################################----] 404/444  loss=4.5573
  train [####################################----] 408/444  loss=4.5582
  train [#####################################---] 412/444  loss=4.5595
  train [#####################################---] 416/444  loss=4.5611
  train [#####################################---] 420/444  loss=4.5604
  train [######################################--] 424/444  loss=4.5603
  train [######################################--] 428/444  loss=4.5616
  train [######################################--] 432/444  loss=4.5616
  train [#######################################-] 436/444  loss=4.5627
  train [#######################################-] 440/444  loss=4.5634
  train [########################################] 444/444  loss=4.5564
  val   [----------------------------------------] 1/93
  val   [----------------------------------------] 2/93
  val   [#---------------------------------------] 3/93
  val   [#---------------------------------------] 4/93
  val   [##--------------------------------------] 5/93
  val   [##--------------------------------------] 6/93
  val   [###-------------------------------------] 7/93
  val   [###-------------------------------------] 8/93
  val   [###-------------------------------------] 9/93
  val   [####------------------------------------] 10/93
  val   [####------------------------------------] 11/93
  val   [#####-----------------------------------] 12/93
  val   [#####-----------------------------------] 13/93
  val   [######----------------------------------] 14/93
  val   [######----------------------------------] 15/93
  val   [######----------------------------------] 16/93
  val   [#######---------------------------------] 17/93
  val   [#######---------------------------------] 18/93
  val   [########--------------------------------] 19/93
  val   [########--------------------------------] 20/93
  val   [#########-------------------------------] 21/93
  val   [#########-------------------------------] 22/93
  val   [#########-------------------------------] 23/93
  val   [##########------------------------------] 24/93
  val   [##########------------------------------] 25/93
  val   [###########-----------------------------] 26/93
  val   [###########-----------------------------] 27/93
  val   [############----------------------------] 28/93
  val   [############----------------------------] 29/93
  val   [############----------------------------] 30/93
  val   [#############---------------------------] 31/93
  val   [#############---------------------------] 32/93
  val   [##############--------------------------] 33/93
  val   [##############--------------------------] 34/93
  val   [###############-------------------------] 35/93
  val   [###############-------------------------] 36/93
  val   [###############-------------------------] 37/93
  val   [################------------------------] 38/93
  val   [################------------------------] 39/93
  val   [#################-----------------------] 40/93
  val   [#################-----------------------] 41/93
  val   [##################----------------------] 42/93
  val   [##################----------------------] 43/93
  val   [##################----------------------] 44/93
  val   [###################---------------------] 45/93
  val   [###################---------------------] 46/93
  val   [####################--------------------] 47/93
  val   [####################--------------------] 48/93
  val   [#####################-------------------] 49/93
  val   [#####################-------------------] 50/93
  val   [#####################-------------------] 51/93
  val   [######################------------------] 52/93
  val   [######################------------------] 53/93
  val   [#######################-----------------] 54/93
  val   [#######################-----------------] 55/93
  val   [########################----------------] 56/93
  val   [########################----------------] 57/93
  val   [########################----------------] 58/93
  val   [#########################---------------] 59/93
  val   [#########################---------------] 60/93
  val   [##########################--------------] 61/93
  val   [##########################--------------] 62/93
  val   [###########################-------------] 63/93
  val   [###########################-------------] 64/93
  val   [###########################-------------] 65/93
  val   [############################------------] 66/93
  val   [############################------------] 67/93
  val   [#############################-----------] 68/93
  val   [#############################-----------] 69/93
  val   [##############################----------] 70/93
  val   [##############################----------] 71/93
  val   [##############################----------] 72/93
  val   [###############################---------] 73/93
  val   [###############################---------] 74/93
  val   [################################--------] 75/93
  val   [################################--------] 76/93
  val   [#################################-------] 77/93
  val   [#################################-------] 78/93
  val   [#################################-------] 79/93
  val   [##################################------] 80/93
  val   [##################################------] 81/93
  val   [###################################-----] 82/93
  val   [###################################-----] 83/93
  val   [####################################----] 84/93
  val   [####################################----] 85/93
  val   [####################################----] 86/93
  val   [#####################################---] 87/93
  val   [#####################################---] 88/93
  val   [######################################--] 89/93
  val   [######################################--] 90/93
  val   [#######################################-] 91/93
  val   [#######################################-] 92/93
  val   [########################################] 93/93
Epoch   3 | train_loss=4.5638 | val_loss=4.6045 | val_acc=0.0693
  -> best model saved (val_loss=4.6045)
  train [----------------------------------------] 4/444  loss=4.5647
  train [----------------------------------------] 8/444  loss=4.5657
  train [#---------------------------------------] 12/444  loss=4.5863
  train [#---------------------------------------] 16/444  loss=4.5660
  train [#---------------------------------------] 20/444  loss=4.5564
  train [##--------------------------------------] 24/444  loss=4.5646
  train [##--------------------------------------] 28/444  loss=4.5490
  train [##--------------------------------------] 32/444  loss=4.5319
  train [###-------------------------------------] 36/444  loss=4.5431
  train [###-------------------------------------] 40/444  loss=4.5441
  train [###-------------------------------------] 44/444  loss=4.5418
  train [####------------------------------------] 48/444  loss=4.5430
  train [####------------------------------------] 52/444  loss=4.5452
  train [#####-----------------------------------] 56/444  loss=4.5371
  train [#####-----------------------------------] 60/444  loss=4.5326
  train [#####-----------------------------------] 64/444  loss=4.5324
  train [######----------------------------------] 68/444  loss=4.5353
  train [######----------------------------------] 72/444  loss=4.5300
  train [######----------------------------------] 76/444  loss=4.5284
  train [#######---------------------------------] 80/444  loss=4.5292
  train [#######---------------------------------] 84/444  loss=4.5333
  train [#######---------------------------------] 88/444  loss=4.5386
  train [########--------------------------------] 92/444  loss=4.5418
  train [########--------------------------------] 96/444  loss=4.5374
  train [#########-------------------------------] 100/444  loss=4.5403
  train [#########-------------------------------] 104/444  loss=4.5380
  train [#########-------------------------------] 108/444  loss=4.5339
  train [##########------------------------------] 112/444  loss=4.5314
  train [##########------------------------------] 116/444  loss=4.5302
  train [##########------------------------------] 120/444  loss=4.5291
  train [###########-----------------------------] 124/444  loss=4.5218
  train [###########-----------------------------] 128/444  loss=4.5187
  train [###########-----------------------------] 132/444  loss=4.5182
  train [############----------------------------] 136/444  loss=4.5157
  train [############----------------------------] 140/444  loss=4.5163
  train [############----------------------------] 144/444  loss=4.5162
  train [#############---------------------------] 148/444  loss=4.5202
  train [#############---------------------------] 152/444  loss=4.5151
  train [##############--------------------------] 156/444  loss=4.5212
  train [##############--------------------------] 160/444  loss=4.5172
  train [##############--------------------------] 164/444  loss=4.5241
  train [###############-------------------------] 168/444  loss=4.5244
  train [###############-------------------------] 172/444  loss=4.5279
  train [###############-------------------------] 176/444  loss=4.5273
  train [################------------------------] 180/444  loss=4.5251
  train [################------------------------] 184/444  loss=4.5247
  train [################------------------------] 188/444  loss=4.5245
  train [#################-----------------------] 192/444  loss=4.5261
  train [#################-----------------------] 196/444  loss=4.5248
  train [##################----------------------] 200/444  loss=4.5245
  train [##################----------------------] 204/444  loss=4.5223
  train [##################----------------------] 208/444  loss=4.5189
  train [###################---------------------] 212/444  loss=4.5182
  train [###################---------------------] 216/444  loss=4.5179
  train [###################---------------------] 220/444  loss=4.5175
  train [####################--------------------] 224/444  loss=4.5136
  train [####################--------------------] 228/444  loss=4.5129
  train [####################--------------------] 232/444  loss=4.5156
  train [#####################-------------------] 236/444  loss=4.5179
  train [#####################-------------------] 240/444  loss=4.5170
  train [#####################-------------------] 244/444  loss=4.5139
  train [######################------------------] 248/444  loss=4.5138
  train [######################------------------] 252/444  loss=4.5145
  train [#######################-----------------] 256/444  loss=4.5162
  train [#######################-----------------] 260/444  loss=4.5164
  train [#######################-----------------] 264/444  loss=4.5172
  train [########################----------------] 268/444  loss=4.5155
  train [########################----------------] 272/444  loss=4.5160
  train [########################----------------] 276/444  loss=4.5161
  train [#########################---------------] 280/444  loss=4.5158
  train [#########################---------------] 284/444  loss=4.5159
  train [#########################---------------] 288/444  loss=4.5147
  train [##########################--------------] 292/444  loss=4.5163
  train [##########################--------------] 296/444  loss=4.5162
  train [###########################-------------] 300/444  loss=4.5164
  train [###########################-------------] 304/444  loss=4.5171
  train [###########################-------------] 308/444  loss=4.5179
  train [############################------------] 312/444  loss=4.5167
  train [############################------------] 316/444  loss=4.5156
  train [############################------------] 320/444  loss=4.5164
  train [#############################-----------] 324/444  loss=4.5165
  train [#############################-----------] 328/444  loss=4.5174
  train [#############################-----------] 332/444  loss=4.5171
  train [##############################----------] 336/444  loss=4.5155
  train [##############################----------] 340/444  loss=4.5160
  train [##############################----------] 344/444  loss=4.5168
  train [###############################---------] 348/444  loss=4.5167
  train [###############################---------] 352/444  loss=4.5158
  train [################################--------] 356/444  loss=4.5155
  train [################################--------] 360/444  loss=4.5145
  train [################################--------] 364/444  loss=4.5166
  train [#################################-------] 368/444  loss=4.5161
  train [#################################-------] 372/444  loss=4.5158
  train [#################################-------] 376/444  loss=4.5184
  train [##################################------] 380/444  loss=4.5209
  train [##################################------] 384/444  loss=4.5210
  train [##################################------] 388/444  loss=4.5200
  train [###################################-----] 392/444  loss=4.5209
  train [###################################-----] 396/444  loss=4.5207
  train [####################################----] 400/444  loss=4.5230
  train [####################################----] 404/444  loss=4.5214
  train [####################################----] 408/444  loss=4.5207
  train [#####################################---] 412/444  loss=4.5212
  train [#####################################---] 416/444  loss=4.5206
  train [#####################################---] 420/444  loss=4.5215
  train [######################################--] 424/444  loss=4.5202
  train [######################################--] 428/444  loss=4.5214
  train [######################################--] 432/444  loss=4.5217
  train [#######################################-] 436/444  loss=4.5215
  train [#######################################-] 440/444  loss=4.5204
  train [########################################] 444/444  loss=4.5130
  val   [----------------------------------------] 1/93
  val   [----------------------------------------] 2/93
  val   [#---------------------------------------] 3/93
  val   [#---------------------------------------] 4/93
  val   [##--------------------------------------] 5/93
  val   [##--------------------------------------] 6/93
  val   [###-------------------------------------] 7/93
  val   [###-------------------------------------] 8/93
  val   [###-------------------------------------] 9/93
  val   [####------------------------------------] 10/93
  val   [####------------------------------------] 11/93
  val   [#####-----------------------------------] 12/93
  val   [#####-----------------------------------] 13/93
  val   [######----------------------------------] 14/93
  val   [######----------------------------------] 15/93
  val   [######----------------------------------] 16/93
  val   [#######---------------------------------] 17/93
  val   [#######---------------------------------] 18/93
  val   [########--------------------------------] 19/93
  val   [########--------------------------------] 20/93
  val   [#########-------------------------------] 21/93
  val   [#########-------------------------------] 22/93
  val   [#########-------------------------------] 23/93
  val   [##########------------------------------] 24/93
  val   [##########------------------------------] 25/93
  val   [###########-----------------------------] 26/93
  val   [###########-----------------------------] 27/93
  val   [############----------------------------] 28/93
  val   [############----------------------------] 29/93
  val   [############----------------------------] 30/93
  val   [#############---------------------------] 31/93
  val   [#############---------------------------] 32/93
  val   [##############--------------------------] 33/93
  val   [##############--------------------------] 34/93
  val   [###############-------------------------] 35/93
  val   [###############-------------------------] 36/93
  val   [###############-------------------------] 37/93
  val   [################------------------------] 38/93
  val   [################------------------------] 39/93
  val   [#################-----------------------] 40/93
  val   [#################-----------------------] 41/93
  val   [##################----------------------] 42/93
  val   [##################----------------------] 43/93
  val   [##################----------------------] 44/93
  val   [###################---------------------] 45/93
  val   [###################---------------------] 46/93
  val   [####################--------------------] 47/93
  val   [####################--------------------] 48/93
  val   [#####################-------------------] 49/93
  val   [#####################-------------------] 50/93
  val   [#####################-------------------] 51/93
  val   [######################------------------] 52/93
  val   [######################------------------] 53/93
  val   [#######################-----------------] 54/93
  val   [#######################-----------------] 55/93
  val   [########################----------------] 56/93
  val   [########################----------------] 57/93
  val   [########################----------------] 58/93
  val   [#########################---------------] 59/93
  val   [#########################---------------] 60/93
  val   [##########################--------------] 61/93
  val   [##########################--------------] 62/93
  val   [###########################-------------] 63/93
  val   [###########################-------------] 64/93
  val   [###########################-------------] 65/93
  val   [############################------------] 66/93
  val   [############################------------] 67/93
  val   [#############################-----------] 68/93
  val   [#############################-----------] 69/93
  val   [##############################----------] 70/93
  val   [##############################----------] 71/93
  val   [##############################----------] 72/93
  val   [###############################---------] 73/93
  val   [###############################---------] 74/93
  val   [################################--------] 75/93
  val   [################################--------] 76/93
  val   [#################################-------] 77/93
  val   [#################################-------] 78/93
  val   [#################################-------] 79/93
  val   [##################################------] 80/93
  val   [##################################------] 81/93
  val   [###################################-----] 82/93
  val   [###################################-----] 83/93
  val   [####################################----] 84/93
  val   [####################################----] 85/93
  val   [####################################----] 86/93
  val   [#####################################---] 87/93
  val   [#####################################---] 88/93
  val   [######################################--] 89/93
  val   [######################################--] 90/93
  val   [#######################################-] 91/93
  val   [#######################################-] 92/93
  val   [########################################] 93/93
Epoch   4 | train_loss=4.5203 | val_loss=4.5766 | val_acc=0.0669
  -> best model saved (val_loss=4.5766)
  train [----------------------------------------] 4/444  loss=4.5992
  train [----------------------------------------] 8/444  loss=4.5183
  train [#---------------------------------------] 12/444  loss=4.4895
  train [#---------------------------------------] 16/444  loss=4.4918
  train [#---------------------------------------] 20/444  loss=4.4807
  train [##--------------------------------------] 24/444  loss=4.4757
  train [##--------------------------------------] 28/444  loss=4.4646
  train [##--------------------------------------] 32/444  loss=4.4612
  train [###-------------------------------------] 36/444  loss=4.4619
  train [###-------------------------------------] 40/444  loss=4.4666
  train [###-------------------------------------] 44/444  loss=4.4625
  train [####------------------------------------] 48/444  loss=4.4601
  train [####------------------------------------] 52/444  loss=4.4550
  train [#####-----------------------------------] 56/444  loss=4.4602
  train [#####-----------------------------------] 60/444  loss=4.4645
  train [#####-----------------------------------] 64/444  loss=4.4637
  train [######----------------------------------] 68/444  loss=4.4573
  train [######----------------------------------] 72/444  loss=4.4644
  train [######----------------------------------] 76/444  loss=4.4586
  train [#######---------------------------------] 80/444  loss=4.4542
  train [#######---------------------------------] 84/444  loss=4.4550
  train [#######---------------------------------] 88/444  loss=4.4624
  train [########--------------------------------] 92/444  loss=4.4583
  train [########--------------------------------] 96/444  loss=4.4593
  train [#########-------------------------------] 100/444  loss=4.4598
  train [#########-------------------------------] 104/444  loss=4.4594
  train [#########-------------------------------] 108/444  loss=4.4584
  train [##########------------------------------] 112/444  loss=4.4574
  train [##########------------------------------] 116/444  loss=4.4626
  train [##########------------------------------] 120/444  loss=4.4635
  train [###########-----------------------------] 124/444  loss=4.4625
  train [###########-----------------------------] 128/444  loss=4.4707
  train [###########-----------------------------] 132/444  loss=4.4669
  train [############----------------------------] 136/444  loss=4.4642
  train [############----------------------------] 140/444  loss=4.4657
  train [############----------------------------] 144/444  loss=4.4704
  train [#############---------------------------] 148/444  loss=4.4705
  train [#############---------------------------] 152/444  loss=4.4717
  train [##############--------------------------] 156/444  loss=4.4729
  train [##############--------------------------] 160/444  loss=4.4735
  train [##############--------------------------] 164/444  loss=4.4736
  train [###############-------------------------] 168/444  loss=4.4731
  train [###############-------------------------] 172/444  loss=4.4720
  train [###############-------------------------] 176/444  loss=4.4742
  train [################------------------------] 180/444  loss=4.4750
  train [################------------------------] 184/444  loss=4.4730
  train [################------------------------] 188/444  loss=4.4748
  train [#################-----------------------] 192/444  loss=4.4737
  train [#################-----------------------] 196/444  loss=4.4736
  train [##################----------------------] 200/444  loss=4.4720
  train [##################----------------------] 204/444  loss=4.4746
  train [##################----------------------] 208/444  loss=4.4740
  train [###################---------------------] 212/444  loss=4.4739
  train [###################---------------------] 216/444  loss=4.4744
  train [###################---------------------] 220/444  loss=4.4731
  train [####################--------------------] 224/444  loss=4.4739
  train [####################--------------------] 228/444  loss=4.4738
  train [####################--------------------] 232/444  loss=4.4751
  train [#####################-------------------] 236/444  loss=4.4790
  train [#####################-------------------] 240/444  loss=4.4793
  train [#####################-------------------] 244/444  loss=4.4780
  train [######################------------------] 248/444  loss=4.4778
  train [######################------------------] 252/444  loss=4.4798
  train [#######################-----------------] 256/444  loss=4.4815
  train [#######################-----------------] 260/444  loss=4.4828
  train [#######################-----------------] 264/444  loss=4.4829
  train [########################----------------] 268/444  loss=4.4816
  train [########################----------------] 272/444  loss=4.4810
  train [########################----------------] 276/444  loss=4.4817
  train [#########################---------------] 280/444  loss=4.4838
  train [#########################---------------] 284/444  loss=4.4834
  train [#########################---------------] 288/444  loss=4.4817
  train [##########################--------------] 292/444  loss=4.4802
  train [##########################--------------] 296/444  loss=4.4804
  train [###########################-------------] 300/444  loss=4.4819
  train [###########################-------------] 304/444  loss=4.4810
  train [###########################-------------] 308/444  loss=4.4812
  train [############################------------] 312/444  loss=4.4820
  train [############################------------] 316/444  loss=4.4818
  train [############################------------] 320/444  loss=4.4842
  train [#############################-----------] 324/444  loss=4.4853
  train [#############################-----------] 328/444  loss=4.4835
  train [#############################-----------] 332/444  loss=4.4834
  train [##############################----------] 336/444  loss=4.4824
  train [##############################----------] 340/444  loss=4.4829
  train [##############################----------] 344/444  loss=4.4814
  train [###############################---------] 348/444  loss=4.4831
  train [###############################---------] 352/444  loss=4.4822
  train [################################--------] 356/444  loss=4.4817
  train [################################--------] 360/444  loss=4.4819
  train [################################--------] 364/444  loss=4.4807
  train [#################################-------] 368/444  loss=4.4802
  train [#################################-------] 372/444  loss=4.4803
  train [#################################-------] 376/444  loss=4.4801
  train [##################################------] 380/444  loss=4.4795
  train [##################################------] 384/444  loss=4.4800
  train [##################################------] 388/444  loss=4.4798
  train [###################################-----] 392/444  loss=4.4792
  train [###################################-----] 396/444  loss=4.4792
  train [####################################----] 400/444  loss=4.4779
  train [####################################----] 404/444  loss=4.4773
  train [####################################----] 408/444  loss=4.4767
  train [#####################################---] 412/444  loss=4.4783
  train [#####################################---] 416/444  loss=4.4809
  train [#####################################---] 420/444  loss=4.4797
  train [######################################--] 424/444  loss=4.4805
  train [######################################--] 428/444  loss=4.4817
  train [######################################--] 432/444  loss=4.4826
  train [#######################################-] 436/444  loss=4.4825
  train [#######################################-] 440/444  loss=4.4825
  train [########################################] 444/444  loss=4.4763
  val   [----------------------------------------] 1/93
  val   [----------------------------------------] 2/93
  val   [#---------------------------------------] 3/93
  val   [#---------------------------------------] 4/93
  val   [##--------------------------------------] 5/93
  val   [##--------------------------------------] 6/93
  val   [###-------------------------------------] 7/93
  val   [###-------------------------------------] 8/93
  val   [###-------------------------------------] 9/93
  val   [####------------------------------------] 10/93
  val   [####------------------------------------] 11/93
  val   [#####-----------------------------------] 12/93
  val   [#####-----------------------------------] 13/93
  val   [######----------------------------------] 14/93
  val   [######----------------------------------] 15/93
  val   [######----------------------------------] 16/93
  val   [#######---------------------------------] 17/93
  val   [#######---------------------------------] 18/93
  val   [########--------------------------------] 19/93
  val   [########--------------------------------] 20/93
  val   [#########-------------------------------] 21/93
  val   [#########-------------------------------] 22/93
  val   [#########-------------------------------] 23/93
  val   [##########------------------------------] 24/93
  val   [##########------------------------------] 25/93
  val   [###########-----------------------------] 26/93
  val   [###########-----------------------------] 27/93
  val   [############----------------------------] 28/93
  val   [############----------------------------] 29/93
  val   [############----------------------------] 30/93
  val   [#############---------------------------] 31/93
  val   [#############---------------------------] 32/93
  val   [##############--------------------------] 33/93
  val   [##############--------------------------] 34/93
  val   [###############-------------------------] 35/93
  val   [###############-------------------------] 36/93
  val   [###############-------------------------] 37/93
  val   [################------------------------] 38/93
  val   [################------------------------] 39/93
  val   [#################-----------------------] 40/93
  val   [#################-----------------------] 41/93
  val   [##################----------------------] 42/93
  val   [##################----------------------] 43/93
  val   [##################----------------------] 44/93
  val   [###################---------------------] 45/93
  val   [###################---------------------] 46/93
  val   [####################--------------------] 47/93
  val   [####################--------------------] 48/93
  val   [#####################-------------------] 49/93
  val   [#####################-------------------] 50/93
  val   [#####################-------------------] 51/93
  val   [######################------------------] 52/93
  val   [######################------------------] 53/93
  val   [#######################-----------------] 54/93
  val   [#######################-----------------] 55/93
  val   [########################----------------] 56/93
  val   [########################----------------] 57/93
  val   [########################----------------] 58/93
  val   [#########################---------------] 59/93
  val   [#########################---------------] 60/93
  val   [##########################--------------] 61/93
  val   [##########################--------------] 62/93
  val   [###########################-------------] 63/93
  val   [###########################-------------] 64/93
  val   [###########################-------------] 65/93
  val   [############################------------] 66/93
  val   [############################------------] 67/93
  val   [#############################-----------] 68/93
  val   [#############################-----------] 69/93
  val   [##############################----------] 70/93
  val   [##############################----------] 71/93
  val   [##############################----------] 72/93
  val   [###############################---------] 73/93
  val   [###############################---------] 74/93
  val   [################################--------] 75/93
  val   [################################--------] 76/93
  val   [#################################-------] 77/93
  val   [#################################-------] 78/93
  val   [#################################-------] 79/93
  val   [##################################------] 80/93
  val   [##################################------] 81/93
  val   [###################################-----] 82/93
  val   [###################################-----] 83/93
  val   [####################################----] 84/93
  val   [####################################----] 85/93
  val   [####################################----] 86/93
  val   [#####################################---] 87/93
  val   [#####################################---] 88/93
  val   [######################################--] 89/93
  val   [######################################--] 90/93
  val   [#######################################-] 91/93
  val   [#######################################-] 92/93
  val   [########################################] 93/93
Epoch   5 | train_loss=4.4836 | val_loss=4.5680 | val_acc=0.0651
  -> best model saved (val_loss=4.5680)
  train [----------------------------------------] 4/444  loss=4.3159
  train [----------------------------------------] 8/444  loss=4.2889
  train [#---------------------------------------] 12/444  loss=4.3438
  train [#---------------------------------------] 16/444  loss=4.3692
  train [#---------------------------------------] 20/444  loss=4.3879
  train [##--------------------------------------] 24/444  loss=4.3685
  train [##--------------------------------------] 28/444  loss=4.3646
  train [##--------------------------------------] 32/444  loss=4.3818
  train [###-------------------------------------] 36/444  loss=4.4004
  train [###-------------------------------------] 40/444  loss=4.4065
  train [###-------------------------------------] 44/444  loss=4.4211
  train [####------------------------------------] 48/444  loss=4.4247
  train [####------------------------------------] 52/444  loss=4.4343
  train [#####-----------------------------------] 56/444  loss=4.4411
  train [#####-----------------------------------] 60/444  loss=4.4473
  train [#####-----------------------------------] 64/444  loss=4.4479
  train [######----------------------------------] 68/444  loss=4.4444
  train [######----------------------------------] 72/444  loss=4.4462
  train [######----------------------------------] 76/444  loss=4.4561
  train [#######---------------------------------] 80/444  loss=4.4516
  train [#######---------------------------------] 84/444  loss=4.4447
  train [#######---------------------------------] 88/444  loss=4.4441
  train [########--------------------------------] 92/444  loss=4.4385
  train [########--------------------------------] 96/444  loss=4.4433
  train [#########-------------------------------] 100/444  loss=4.4415
  train [#########-------------------------------] 104/444  loss=4.4359
  train [#########-------------------------------] 108/444  loss=4.4385
  train [##########------------------------------] 112/444  loss=4.4347
  train [##########------------------------------] 116/444  loss=4.4355
  train [##########------------------------------] 120/444  loss=4.4358
  train [###########-----------------------------] 124/444  loss=4.4344
  train [###########-----------------------------] 128/444  loss=4.4367
  train [###########-----------------------------] 132/444  loss=4.4357
  train [############----------------------------] 136/444  loss=4.4308
  train [############----------------------------] 140/444  loss=4.4321
  train [############----------------------------] 144/444  loss=4.4354
  train [#############---------------------------] 148/444  loss=4.4357
  train [#############---------------------------] 152/444  loss=4.4385
  train [##############--------------------------] 156/444  loss=4.4396
  train [##############--------------------------] 160/444  loss=4.4429
  train [##############--------------------------] 164/444  loss=4.4463
  train [###############-------------------------] 168/444  loss=4.4423
  train [###############-------------------------] 172/444  loss=4.4388
  train [###############-------------------------] 176/444  loss=4.4384
  train [################------------------------] 180/444  loss=4.4388
  train [################------------------------] 184/444  loss=4.4371
  train [################------------------------] 188/444  loss=4.4390
  train [#################-----------------------] 192/444  loss=4.4378
  train [#################-----------------------] 196/444  loss=4.4360
  train [##################----------------------] 200/444  loss=4.4348
  train [##################----------------------] 204/444  loss=4.4379
  train [##################----------------------] 208/444  loss=4.4417
  train [###################---------------------] 212/444  loss=4.4424
  train [###################---------------------] 216/444  loss=4.4445
  train [###################---------------------] 220/444  loss=4.4426
  train [####################--------------------] 224/444  loss=4.4424
  train [####################--------------------] 228/444  loss=4.4428
  train [####################--------------------] 232/444  loss=4.4427
  train [#####################-------------------] 236/444  loss=4.4390
  train [#####################-------------------] 240/444  loss=4.4406
  train [#####################-------------------] 244/444  loss=4.4375
  train [######################------------------] 248/444  loss=4.4383
  train [######################------------------] 252/444  loss=4.4381
  train [#######################-----------------] 256/444  loss=4.4392
  train [#######################-----------------] 260/444  loss=4.4394
  train [#######################-----------------] 264/444  loss=4.4363
  train [########################----------------] 268/444  loss=4.4361
  train [########################----------------] 272/444  loss=4.4371
  train [########################----------------] 276/444  loss=4.4377
  train [#########################---------------] 280/444  loss=4.4362
  train [#########################---------------] 284/444  loss=4.4375
  train [#########################---------------] 288/444  loss=4.4347
  train [##########################--------------] 292/444  loss=4.4351
  train [##########################--------------] 296/444  loss=4.4343
  train [###########################-------------] 300/444  loss=4.4344
  train [###########################-------------] 304/444  loss=4.4331
  train [###########################-------------] 308/444  loss=4.4318
  train [############################------------] 312/444  loss=4.4332
  train [############################------------] 316/444  loss=4.4359
  train [############################------------] 320/444  loss=4.4382
  train [#############################-----------] 324/444  loss=4.4374
  train [#############################-----------] 328/444  loss=4.4369
  train [#############################-----------] 332/444  loss=4.4368
  train [##############################----------] 336/444  loss=4.4369
  train [##############################----------] 340/444  loss=4.4381
  train [##############################----------] 344/444  loss=4.4387
  train [###############################---------] 348/444  loss=4.4388
  train [###############################---------] 352/444  loss=4.4385
  train [################################--------] 356/444  loss=4.4396
  train [################################--------] 360/444  loss=4.4409
  train [################################--------] 364/444  loss=4.4413
  train [#################################-------] 368/444  loss=4.4400
  train [#################################-------] 372/444  loss=4.4394
  train [#################################-------] 376/444  loss=4.4411
  train [##################################------] 380/444  loss=4.4413
  train [##################################------] 384/444  loss=4.4429
  train [##################################------] 388/444  loss=4.4414
  train [###################################-----] 392/444  loss=4.4434
  train [###################################-----] 396/444  loss=4.4424
  train [####################################----] 400/444  loss=4.4430
  train [####################################----] 404/444  loss=4.4449
  train [####################################----] 408/444  loss=4.4441
  train [#####################################---] 412/444  loss=4.4431
  train [#####################################---] 416/444  loss=4.4422
  train [#####################################---] 420/444  loss=4.4420
  train [######################################--] 424/444  loss=4.4408
  train [######################################--] 428/444  loss=4.4412
  train [######################################--] 432/444  loss=4.4432
  train [#######################################-] 436/444  loss=4.4436
  train [#######################################-] 440/444  loss=4.4457
  train [########################################] 444/444  loss=4.4404
  val   [----------------------------------------] 1/93
  val   [----------------------------------------] 2/93
  val   [#---------------------------------------] 3/93
  val   [#---------------------------------------] 4/93
  val   [##--------------------------------------] 5/93
  val   [##--------------------------------------] 6/93
  val   [###-------------------------------------] 7/93
  val   [###-------------------------------------] 8/93
  val   [###-------------------------------------] 9/93
  val   [####------------------------------------] 10/93
  val   [####------------------------------------] 11/93
  val   [#####-----------------------------------] 12/93
  val   [#####-----------------------------------] 13/93
  val   [######----------------------------------] 14/93
  val   [######----------------------------------] 15/93
  val   [######----------------------------------] 16/93
  val   [#######---------------------------------] 17/93
  val   [#######---------------------------------] 18/93
  val   [########--------------------------------] 19/93
  val   [########--------------------------------] 20/93
  val   [#########-------------------------------] 21/93
  val   [#########-------------------------------] 22/93
  val   [#########-------------------------------] 23/93
  val   [##########------------------------------] 24/93
  val   [##########------------------------------] 25/93
  val   [###########-----------------------------] 26/93
  val   [###########-----------------------------] 27/93
  val   [############----------------------------] 28/93
  val   [############----------------------------] 29/93
  val   [############----------------------------] 30/93
  val   [#############---------------------------] 31/93
  val   [#############---------------------------] 32/93
  val   [##############--------------------------] 33/93
  val   [##############--------------------------] 34/93
  val   [###############-------------------------] 35/93
  val   [###############-------------------------] 36/93
  val   [###############-------------------------] 37/93
  val   [################------------------------] 38/93
  val   [################------------------------] 39/93
  val   [#################-----------------------] 40/93
  val   [#################-----------------------] 41/93
  val   [##################----------------------] 42/93
  val   [##################----------------------] 43/93
  val   [##################----------------------] 44/93
  val   [###################---------------------] 45/93
  val   [###################---------------------] 46/93
  val   [####################--------------------] 47/93
  val   [####################--------------------] 48/93
  val   [#####################-------------------] 49/93
  val   [#####################-------------------] 50/93
  val   [#####################-------------------] 51/93
  val   [######################------------------] 52/93
  val   [######################------------------] 53/93
  val   [#######################-----------------] 54/93
  val   [#######################-----------------] 55/93
  val   [########################----------------] 56/93
  val   [########################----------------] 57/93
  val   [########################----------------] 58/93
  val   [#########################---------------] 59/93
  val   [#########################---------------] 60/93
  val   [##########################--------------] 61/93
  val   [##########################--------------] 62/93
  val   [###########################-------------] 63/93
  val   [###########################-------------] 64/93
  val   [###########################-------------] 65/93
  val   [############################------------] 66/93
  val   [############################------------] 67/93
  val   [#############################-----------] 68/93
  val   [#############################-----------] 69/93
  val   [##############################----------] 70/93
  val   [##############################----------] 71/93
  val   [##############################----------] 72/93
  val   [###############################---------] 73/93
  val   [###############################---------] 74/93
  val   [################################--------] 75/93
  val   [################################--------] 76/93
  val   [#################################-------] 77/93
  val   [#################################-------] 78/93
  val   [#################################-------] 79/93
  val   [##################################------] 80/93
  val   [##################################------] 81/93
  val   [###################################-----] 82/93
  val   [###################################-----] 83/93
  val   [####################################----] 84/93
  val   [####################################----] 85/93
  val   [####################################----] 86/93
  val   [#####################################---] 87/93
  val   [#####################################---] 88/93
  val   [######################################--] 89/93
  val   [######################################--] 90/93
  val   [#######################################-] 91/93
  val   [#######################################-] 92/93
  val   [########################################] 93/93
Epoch   6 | train_loss=4.4476 | val_loss=4.5574 | val_acc=0.0681
  -> best model saved (val_loss=4.5574)
  train [----------------------------------------] 4/444  loss=4.3852
  train [----------------------------------------] 8/444  loss=4.4137
  train [#---------------------------------------] 12/444  loss=4.4188
  train [#---------------------------------------] 16/444  loss=4.4092
  train [#---------------------------------------] 20/444  loss=4.4049
  train [##--------------------------------------] 24/444  loss=4.4233
  train [##--------------------------------------] 28/444  loss=4.3988
  train [##--------------------------------------] 32/444  loss=4.4018
  train [###-------------------------------------] 36/444  loss=4.3886
  train [###-------------------------------------] 40/444  loss=4.3970
  train [###-------------------------------------] 44/444  loss=4.3916
  train [####------------------------------------] 48/444  loss=4.4048
  train [####------------------------------------] 52/444  loss=4.3970
  train [#####-----------------------------------] 56/444  loss=4.3913
  train [#####-----------------------------------] 60/444  loss=4.3956
  train [#####-----------------------------------] 64/444  loss=4.3946
  train [######----------------------------------] 68/444  loss=4.3876
  train [######----------------------------------] 72/444  loss=4.3831
  train [######----------------------------------] 76/444  loss=4.3880
  train [#######---------------------------------] 80/444  loss=4.3952
  train [#######---------------------------------] 84/444  loss=4.3967
  train [#######---------------------------------] 88/444  loss=4.3962
  train [########--------------------------------] 92/444  loss=4.3984
  train [########--------------------------------] 96/444  loss=4.4057
  train [#########-------------------------------] 100/444  loss=4.4091
  train [#########-------------------------------] 104/444  loss=4.4079
  train [#########-------------------------------] 108/444  loss=4.4090
  train [##########------------------------------] 112/444  loss=4.4122
  train [##########------------------------------] 116/444  loss=4.4090
  train [##########------------------------------] 120/444  loss=4.4069
  train [###########-----------------------------] 124/444  loss=4.4066
  train [###########-----------------------------] 128/444  loss=4.4049
  train [###########-----------------------------] 132/444  loss=4.4101
  train [############----------------------------] 136/444  loss=4.4067
  train [############----------------------------] 140/444  loss=4.4130
  train [############----------------------------] 144/444  loss=4.4120
  train [#############---------------------------] 148/444  loss=4.4120
  train [#############---------------------------] 152/444  loss=4.4115
  train [##############--------------------------] 156/444  loss=4.4097
  train [##############--------------------------] 160/444  loss=4.4070
  train [##############--------------------------] 164/444  loss=4.4075
  train [###############-------------------------] 168/444  loss=4.4081
  train [###############-------------------------] 172/444  loss=4.4067
  train [###############-------------------------] 176/444  loss=4.4069
  train [################------------------------] 180/444  loss=4.4058
  train [################------------------------] 184/444  loss=4.4076
  train [################------------------------] 188/444  loss=4.4075
  train [#################-----------------------] 192/444  loss=4.4048
  train [#################-----------------------] 196/444  loss=4.4043
  train [##################----------------------] 200/444  loss=4.4032
  train [##################----------------------] 204/444  loss=4.4079
  train [##################----------------------] 208/444  loss=4.4099
  train [###################---------------------] 212/444  loss=4.4073
  train [###################---------------------] 216/444  loss=4.4050
  train [###################---------------------] 220/444  loss=4.4074
  train [####################--------------------] 224/444  loss=4.4058
  train [####################--------------------] 228/444  loss=4.4098
  train [####################--------------------] 232/444  loss=4.4103
  train [#####################-------------------] 236/444  loss=4.4095
  train [#####################-------------------] 240/444  loss=4.4125
  train [#####################-------------------] 244/444  loss=4.4145
  train [######################------------------] 248/444  loss=4.4159
  train [######################------------------] 252/444  loss=4.4165
  train [#######################-----------------] 256/444  loss=4.4157
  train [#######################-----------------] 260/444  loss=4.4152
  train [#######################-----------------] 264/444  loss=4.4154
  train [########################----------------] 268/444  loss=4.4168
  train [########################----------------] 272/444  loss=4.4174
  train [########################----------------] 276/444  loss=4.4189
  train [#########################---------------] 280/444  loss=4.4201
  train [#########################---------------] 284/444  loss=4.4204
  train [#########################---------------] 288/444  loss=4.4201
  train [##########################--------------] 292/444  loss=4.4184
  train [##########################--------------] 296/444  loss=4.4199
  train [###########################-------------] 300/444  loss=4.4220
  train [###########################-------------] 304/444  loss=4.4211
  train [###########################-------------] 308/444  loss=4.4196
  train [############################------------] 312/444  loss=4.4195
  train [############################------------] 316/444  loss=4.4199
  train [############################------------] 320/444  loss=4.4201
  train [#############################-----------] 324/444  loss=4.4198
  train [#############################-----------] 328/444  loss=4.4207
  train [#############################-----------] 332/444  loss=4.4199
  train [##############################----------] 336/444  loss=4.4196
  train [##############################----------] 340/444  loss=4.4200
  train [##############################----------] 344/444  loss=4.4194
  train [###############################---------] 348/444  loss=4.4181
  train [###############################---------] 352/444  loss=4.4188
  train [################################--------] 356/444  loss=4.4166
  train [################################--------] 360/444  loss=4.4173
  train [################################--------] 364/444  loss=4.4171
  train [#################################-------] 368/444  loss=4.4169
  train [#################################-------] 372/444  loss=4.4170
  train [#################################-------] 376/444  loss=4.4162
  train [##################################------] 380/444  loss=4.4161
  train [##################################------] 384/444  loss=4.4169
  train [##################################------] 388/444  loss=4.4171
  train [###################################-----] 392/444  loss=4.4165
  train [###################################-----] 396/444  loss=4.4161
  train [####################################----] 400/444  loss=4.4163
  train [####################################----] 404/444  loss=4.4163
  train [####################################----] 408/444  loss=4.4165
  train [#####################################---] 412/444  loss=4.4175
  train [#####################################---] 416/444  loss=4.4194
  train [#####################################---] 420/444  loss=4.4186
  train [######################################--] 424/444  loss=4.4177
  train [######################################--] 428/444  loss=4.4182
  train [######################################--] 432/444  loss=4.4193
  train [#######################################-] 436/444  loss=4.4178
  train [#######################################-] 440/444  loss=4.4174
  train [########################################] 444/444  loss=4.4110
  val   [----------------------------------------] 1/93
  val   [----------------------------------------] 2/93
  val   [#---------------------------------------] 3/93
  val   [#---------------------------------------] 4/93
  val   [##--------------------------------------] 5/93
  val   [##--------------------------------------] 6/93
  val   [###-------------------------------------] 7/93
  val   [###-------------------------------------] 8/93
  val   [###-------------------------------------] 9/93
  val   [####------------------------------------] 10/93
  val   [####------------------------------------] 11/93
  val   [#####-----------------------------------] 12/93
  val   [#####-----------------------------------] 13/93
  val   [######----------------------------------] 14/93
  val   [######----------------------------------] 15/93
  val   [######----------------------------------] 16/93
  val   [#######---------------------------------] 17/93
  val   [#######---------------------------------] 18/93
  val   [########--------------------------------] 19/93
  val   [########--------------------------------] 20/93
  val   [#########-------------------------------] 21/93
  val   [#########-------------------------------] 22/93
  val   [#########-------------------------------] 23/93
  val   [##########------------------------------] 24/93
  val   [##########------------------------------] 25/93
  val   [###########-----------------------------] 26/93
  val   [###########-----------------------------] 27/93
  val   [############----------------------------] 28/93
  val   [############----------------------------] 29/93
  val   [############----------------------------] 30/93
  val   [#############---------------------------] 31/93
  val   [#############---------------------------] 32/93
  val   [##############--------------------------] 33/93
  val   [##############--------------------------] 34/93
  val   [###############-------------------------] 35/93
  val   [###############-------------------------] 36/93
  val   [###############-------------------------] 37/93
  val   [################------------------------] 38/93
  val   [################------------------------] 39/93
  val   [#################-----------------------] 40/93
  val   [#################-----------------------] 41/93
  val   [##################----------------------] 42/93
  val   [##################----------------------] 43/93
  val   [##################----------------------] 44/93
  val   [###################---------------------] 45/93
  val   [###################---------------------] 46/93
  val   [####################--------------------] 47/93
  val   [####################--------------------] 48/93
  val   [#####################-------------------] 49/93
  val   [#####################-------------------] 50/93
  val   [#####################-------------------] 51/93
  val   [######################------------------] 52/93
  val   [######################------------------] 53/93
  val   [#######################-----------------] 54/93
  val   [#######################-----------------] 55/93
  val   [########################----------------] 56/93
  val   [########################----------------] 57/93
  val   [########################----------------] 58/93
  val   [#########################---------------] 59/93
  val   [#########################---------------] 60/93
  val   [##########################--------------] 61/93
  val   [##########################--------------] 62/93
  val   [###########################-------------] 63/93
  val   [###########################-------------] 64/93
  val   [###########################-------------] 65/93
  val   [############################------------] 66/93
  val   [############################------------] 67/93
  val   [#############################-----------] 68/93
  val   [#############################-----------] 69/93
  val   [##############################----------] 70/93
  val   [##############################----------] 71/93
  val   [##############################----------] 72/93
  val   [###############################---------] 73/93
  val   [###############################---------] 74/93
  val   [################################--------] 75/93
  val   [################################--------] 76/93
  val   [#################################-------] 77/93
  val   [#################################-------] 78/93
  val   [#################################-------] 79/93
  val   [##################################------] 80/93
  val   [##################################------] 81/93
  val   [###################################-----] 82/93
  val   [###################################-----] 83/93
  val   [####################################----] 84/93
  val   [####################################----] 85/93
  val   [####################################----] 86/93
  val   [#####################################---] 87/93
  val   [#####################################---] 88/93
  val   [######################################--] 89/93
  val   [######################################--] 90/93
  val   [#######################################-] 91/93
  val   [#######################################-] 92/93
  val   [########################################] 93/93
Epoch   7 | train_loss=4.4181 | val_loss=4.5465 | val_acc=0.0703
  -> best model saved (val_loss=4.5465)
  train [----------------------------------------] 4/444  loss=4.5716
  train [----------------------------------------] 8/444  loss=4.3997
  train [#---------------------------------------] 12/444  loss=4.3955
  train [#---------------------------------------] 16/444  loss=4.3909
  train [#---------------------------------------] 20/444  loss=4.3986
  train [##--------------------------------------] 24/444  loss=4.4070
  train [##--------------------------------------] 28/444  loss=4.3983
  train [##--------------------------------------] 32/444  loss=4.3870
  train [###-------------------------------------] 36/444  loss=4.3760
  train [###-------------------------------------] 40/444  loss=4.3604
  train [###-------------------------------------] 44/444  loss=4.3653
  train [####------------------------------------] 48/444  loss=4.3629
  train [####------------------------------------] 52/444  loss=4.3641
  train [#####-----------------------------------] 56/444  loss=4.3705
  train [#####-----------------------------------] 60/444  loss=4.3864
  train [#####-----------------------------------] 64/444  loss=4.3914
  train [######----------------------------------] 68/444  loss=4.3975
  train [######----------------------------------] 72/444  loss=4.3998
  train [######----------------------------------] 76/444  loss=4.3960
  train [#######---------------------------------] 80/444  loss=4.3973
  train [#######---------------------------------] 84/444  loss=4.3983
  train [#######---------------------------------] 88/444  loss=4.3951
  train [########--------------------------------] 92/444  loss=4.3950
  train [########--------------------------------] 96/444  loss=4.3879
  train [#########-------------------------------] 100/444  loss=4.3886
  train [#########-------------------------------] 104/444  loss=4.3834
  train [#########-------------------------------] 108/444  loss=4.3806
  train [##########------------------------------] 112/444  loss=4.3732
  train [##########------------------------------] 116/444  loss=4.3798
  train [##########------------------------------] 120/444  loss=4.3761
  train [###########-----------------------------] 124/444  loss=4.3770
  train [###########-----------------------------] 128/444  loss=4.3790
  train [###########-----------------------------] 132/444  loss=4.3785
  train [############----------------------------] 136/444  loss=4.3797
  train [############----------------------------] 140/444  loss=4.3805
  train [############----------------------------] 144/444  loss=4.3836
  train [#############---------------------------] 148/444  loss=4.3859
  train [#############---------------------------] 152/444  loss=4.3859
  train [##############--------------------------] 156/444  loss=4.3897
  train [##############--------------------------] 160/444  loss=4.3919
  train [##############--------------------------] 164/444  loss=4.3915
  train [###############-------------------------] 168/444  loss=4.3912
  train [###############-------------------------] 172/444  loss=4.3926
  train [###############-------------------------] 176/444  loss=4.3911
  train [################------------------------] 180/444  loss=4.3889
  train [################------------------------] 184/444  loss=4.3916
  train [################------------------------] 188/444  loss=4.3889
  train [#################-----------------------] 192/444  loss=4.3854
  train [#################-----------------------] 196/444  loss=4.3849
  train [##################----------------------] 200/444  loss=4.3859
  train [##################----------------------] 204/444  loss=4.3865
  train [##################----------------------] 208/444  loss=4.3870
  train [###################---------------------] 212/444  loss=4.3839
  train [###################---------------------] 216/444  loss=4.3810
  train [###################---------------------] 220/444  loss=4.3827
  train [####################--------------------] 224/444  loss=4.3817
  train [####################--------------------] 228/444  loss=4.3843
  train [####################--------------------] 232/444  loss=4.3826
  train [#####################-------------------] 236/444  loss=4.3830
  train [#####################-------------------] 240/444  loss=4.3857
  train [#####################-------------------] 244/444  loss=4.3855
  train [######################------------------] 248/444  loss=4.3865
  train [######################------------------] 252/444  loss=4.3889
  train [#######################-----------------] 256/444  loss=4.3899
  train [#######################-----------------] 260/444  loss=4.3882
  train [#######################-----------------] 264/444  loss=4.3880
  train [########################----------------] 268/444  loss=4.3897
  train [########################----------------] 272/444  loss=4.3907
  train [########################----------------] 276/444  loss=4.3920
  train [#########################---------------] 280/444  loss=4.3930
  train [#########################---------------] 284/444  loss=4.3919
  train [#########################---------------] 288/444  loss=4.3927
  train [##########################--------------] 292/444  loss=4.3920
  train [##########################--------------] 296/444  loss=4.3919
  train [###########################-------------] 300/444  loss=4.3917
  train [###########################-------------] 304/444  loss=4.3947
  train [###########################-------------] 308/444  loss=4.3942
  train [############################------------] 312/444  loss=4.3913
  train [############################------------] 316/444  loss=4.3921
  train [############################------------] 320/444  loss=4.3929
  train [#############################-----------] 324/444  loss=4.3913
  train [#############################-----------] 328/444  loss=4.3914
  train [#############################-----------] 332/444  loss=4.3906
  train [##############################----------] 336/444  loss=4.3916
  train [##############################----------] 340/444  loss=4.3946
  train [##############################----------] 344/444  loss=4.3947
  train [###############################---------] 348/444  loss=4.3948
  train [###############################---------] 352/444  loss=4.3943
  train [################################--------] 356/444  loss=4.3934
  train [################################--------] 360/444  loss=4.3939
  train [################################--------] 364/444  loss=4.3939
  train [#################################-------] 368/444  loss=4.3933
  train [#################################-------] 372/444  loss=4.3949
  train [#################################-------] 376/444  loss=4.3935
  train [##################################------] 380/444  loss=4.3944
  train [##################################------] 384/444  loss=4.3937
  train [##################################------] 388/444  loss=4.3927
  train [###################################-----] 392/444  loss=4.3920
  train [###################################-----] 396/444  loss=4.3914
  train [####################################----] 400/444  loss=4.3908
  train [####################################----] 404/444  loss=4.3912
  train [####################################----] 408/444  loss=4.3923
  train [#####################################---] 412/444  loss=4.3921
  train [#####################################---] 416/444  loss=4.3925
  train [#####################################---] 420/444  loss=4.3921
  train [######################################--] 424/444  loss=4.3921
  train [######################################--] 428/444  loss=4.3924
  train [######################################--] 432/444  loss=4.3925
  train [#######################################-] 436/444  loss=4.3928
  train [#######################################-] 440/444  loss=4.3935
  train [########################################] 444/444  loss=4.3854
  val   [----------------------------------------] 1/93
  val   [----------------------------------------] 2/93
  val   [#---------------------------------------] 3/93
  val   [#---------------------------------------] 4/93
  val   [##--------------------------------------] 5/93
  val   [##--------------------------------------] 6/93
  val   [###-------------------------------------] 7/93
  val   [###-------------------------------------] 8/93
  val   [###-------------------------------------] 9/93
  val   [####------------------------------------] 10/93
  val   [####------------------------------------] 11/93
  val   [#####-----------------------------------] 12/93
  val   [#####-----------------------------------] 13/93
  val   [######----------------------------------] 14/93
  val   [######----------------------------------] 15/93
  val   [######----------------------------------] 16/93
  val   [#######---------------------------------] 17/93
  val   [#######---------------------------------] 18/93
  val   [########--------------------------------] 19/93
  val   [########--------------------------------] 20/93
  val   [#########-------------------------------] 21/93
  val   [#########-------------------------------] 22/93
  val   [#########-------------------------------] 23/93
  val   [##########------------------------------] 24/93
  val   [##########------------------------------] 25/93
  val   [###########-----------------------------] 26/93
  val   [###########-----------------------------] 27/93
  val   [############----------------------------] 28/93
  val   [############----------------------------] 29/93
  val   [############----------------------------] 30/93
  val   [#############---------------------------] 31/93
  val   [#############---------------------------] 32/93
  val   [##############--------------------------] 33/93
  val   [##############--------------------------] 34/93
  val   [###############-------------------------] 35/93
  val   [###############-------------------------] 36/93
  val   [###############-------------------------] 37/93
  val   [################------------------------] 38/93
  val   [################------------------------] 39/93
  val   [#################-----------------------] 40/93
  val   [#################-----------------------] 41/93
  val   [##################----------------------] 42/93
  val   [##################----------------------] 43/93
  val   [##################----------------------] 44/93
  val   [###################---------------------] 45/93
  val   [###################---------------------] 46/93
  val   [####################--------------------] 47/93
  val   [####################--------------------] 48/93
  val   [#####################-------------------] 49/93
  val   [#####################-------------------] 50/93
  val   [#####################-------------------] 51/93
  val   [######################------------------] 52/93
  val   [######################------------------] 53/93
  val   [#######################-----------------] 54/93
  val   [#######################-----------------] 55/93
  val   [########################----------------] 56/93
  val   [########################----------------] 57/93
  val   [########################----------------] 58/93
  val   [#########################---------------] 59/93
  val   [#########################---------------] 60/93
  val   [##########################--------------] 61/93
  val   [##########################--------------] 62/93
  val   [###########################-------------] 63/93
  val   [###########################-------------] 64/93
  val   [###########################-------------] 65/93
  val   [############################------------] 66/93
  val   [############################------------] 67/93
  val   [#############################-----------] 68/93
  val   [#############################-----------] 69/93
  val   [##############################----------] 70/93
  val   [##############################----------] 71/93
  val   [##############################----------] 72/93
  val   [###############################---------] 73/93
  val   [###############################---------] 74/93
  val   [################################--------] 75/93
  val   [################################--------] 76/93
  val   [#################################-------] 77/93
  val   [#################################-------] 78/93
  val   [#################################-------] 79/93
  val   [##################################------] 80/93
  val   [##################################------] 81/93
  val   [###################################-----] 82/93
  val   [###################################-----] 83/93
  val   [####################################----] 84/93
  val   [####################################----] 85/93
  val   [####################################----] 86/93
  val   [#####################################---] 87/93
  val   [#####################################---] 88/93
  val   [######################################--] 89/93
  val   [######################################--] 90/93
  val   [#######################################-] 91/93
  val   [#######################################-] 92/93
  val   [########################################] 93/93
Epoch   8 | train_loss=4.3925 | val_loss=4.5510 | val_acc=0.0659
  train [----------------------------------------] 4/444  loss=4.3266
  train [----------------------------------------] 8/444  loss=4.2965
  train [#---------------------------------------] 12/444  loss=4.2908
  train [#---------------------------------------] 16/444  loss=4.2420
  train [#---------------------------------------] 20/444  loss=4.2566
  train [##--------------------------------------] 24/444  loss=4.2598
  train [##--------------------------------------] 28/444  loss=4.2872
  train [##--------------------------------------] 32/444  loss=4.2730
  train [###-------------------------------------] 36/444  loss=4.2909
  train [###-------------------------------------] 40/444  loss=4.2932
  train [###-------------------------------------] 44/444  loss=4.2834
  train [####------------------------------------] 48/444  loss=4.2853
  train [####------------------------------------] 52/444  loss=4.2876
  train [#####-----------------------------------] 56/444  loss=4.2945
  train [#####-----------------------------------] 60/444  loss=4.2935
  train [#####-----------------------------------] 64/444  loss=4.3020
  train [######----------------------------------] 68/444  loss=4.3030
  train [######----------------------------------] 72/444  loss=4.2952
  train [######----------------------------------] 76/444  loss=4.3024
  train [#######---------------------------------] 80/444  loss=4.3028
  train [#######---------------------------------] 84/444  loss=4.2964
  train [#######---------------------------------] 88/444  loss=4.3009
  train [########--------------------------------] 92/444  loss=4.3107
  train [########--------------------------------] 96/444  loss=4.3163
  train [#########-------------------------------] 100/444  loss=4.3170
  train [#########-------------------------------] 104/444  loss=4.3212
  train [#########-------------------------------] 108/444  loss=4.3267
  train [##########------------------------------] 112/444  loss=4.3307
  train [##########------------------------------] 116/444  loss=4.3266
  train [##########------------------------------] 120/444  loss=4.3294
  train [###########-----------------------------] 124/444  loss=4.3290
  train [###########-----------------------------] 128/444  loss=4.3275
  train [###########-----------------------------] 132/444  loss=4.3275
  train [############----------------------------] 136/444  loss=4.3328
  train [############----------------------------] 140/444  loss=4.3326
  train [############----------------------------] 144/444  loss=4.3328
  train [#############---------------------------] 148/444  loss=4.3342
  train [#############---------------------------] 152/444  loss=4.3407
  train [##############--------------------------] 156/444  loss=4.3404
  train [##############--------------------------] 160/444  loss=4.3435
  train [##############--------------------------] 164/444  loss=4.3414
  train [###############-------------------------] 168/444  loss=4.3409
  train [###############-------------------------] 172/444  loss=4.3394
  train [###############-------------------------] 176/444  loss=4.3413
  train [################------------------------] 180/444  loss=4.3397
  train [################------------------------] 184/444  loss=4.3374
  train [################------------------------] 188/444  loss=4.3423
  train [#################-----------------------] 192/444  loss=4.3445
  train [#################-----------------------] 196/444  loss=4.3452
  train [##################----------------------] 200/444  loss=4.3474
  train [##################----------------------] 204/444  loss=4.3480
  train [##################----------------------] 208/444  loss=4.3493
  train [###################---------------------] 212/444  loss=4.3492
  train [###################---------------------] 216/444  loss=4.3508
  train [###################---------------------] 220/444  loss=4.3494
  train [####################--------------------] 224/444  loss=4.3513
  train [####################--------------------] 228/444  loss=4.3523
  train [####################--------------------] 232/444  loss=4.3529
  train [#####################-------------------] 236/444  loss=4.3537
  train [#####################-------------------] 240/444  loss=4.3528
  train [#####################-------------------] 244/444  loss=4.3560
  train [######################------------------] 248/444  loss=4.3555
  train [######################------------------] 252/444  loss=4.3599
  train [#######################-----------------] 256/444  loss=4.3588
  train [#######################-----------------] 260/444  loss=4.3576
  train [#######################-----------------] 264/444  loss=4.3584
  train [########################----------------] 268/444  loss=4.3579
  train [########################----------------] 272/444  loss=4.3563
  train [########################----------------] 276/444  loss=4.3569
  train [#########################---------------] 280/444  loss=4.3596
  train [#########################---------------] 284/444  loss=4.3566
  train [#########################---------------] 288/444  loss=4.3568
  train [##########################--------------] 292/444  loss=4.3548
  train [##########################--------------] 296/444  loss=4.3555
  train [###########################-------------] 300/444  loss=4.3555
  train [###########################-------------] 304/444  loss=4.3563
  train [###########################-------------] 308/444  loss=4.3547
  train [############################------------] 312/444  loss=4.3555
  train [############################------------] 316/444  loss=4.3554
  train [############################------------] 320/444  loss=4.3556
  train [#############################-----------] 324/444  loss=4.3580
  train [#############################-----------] 328/444  loss=4.3570
  train [#############################-----------] 332/444  loss=4.3584
  train [##############################----------] 336/444  loss=4.3584
  train [##############################----------] 340/444  loss=4.3590
  train [##############################----------] 344/444  loss=4.3609
  train [###############################---------] 348/444  loss=4.3630
  train [###############################---------] 352/444  loss=4.3647
  train [################################--------] 356/444  loss=4.3655
  train [################################--------] 360/444  loss=4.3660
  train [################################--------] 364/444  loss=4.3663
  train [#################################-------] 368/444  loss=4.3653
  train [#################################-------] 372/444  loss=4.3659
  train [#################################-------] 376/444  loss=4.3658
  train [##################################------] 380/444  loss=4.3676
  train [##################################------] 384/444  loss=4.3673
  train [##################################------] 388/444  loss=4.3674
  train [###################################-----] 392/444  loss=4.3687
  train [###################################-----] 396/444  loss=4.3682
  train [####################################----] 400/444  loss=4.3686
  train [####################################----] 404/444  loss=4.3693
  train [####################################----] 408/444  loss=4.3684
  train [#####################################---] 412/444  loss=4.3681
  train [#####################################---] 416/444  loss=4.3681
  train [#####################################---] 420/444  loss=4.3679
  train [######################################--] 424/444  loss=4.3669
  train [######################################--] 428/444  loss=4.3659
  train [######################################--] 432/444  loss=4.3660
  train [#######################################-] 436/444  loss=4.3660
  train [#######################################-] 440/444  loss=4.3652
  train [########################################] 444/444  loss=4.3593
  val   [----------------------------------------] 1/93
  val   [----------------------------------------] 2/93
  val   [#---------------------------------------] 3/93
  val   [#---------------------------------------] 4/93
  val   [##--------------------------------------] 5/93
  val   [##--------------------------------------] 6/93
  val   [###-------------------------------------] 7/93
  val   [###-------------------------------------] 8/93
  val   [###-------------------------------------] 9/93
  val   [####------------------------------------] 10/93
  val   [####------------------------------------] 11/93
  val   [#####-----------------------------------] 12/93
  val   [#####-----------------------------------] 13/93
  val   [######----------------------------------] 14/93
  val   [######----------------------------------] 15/93
  val   [######----------------------------------] 16/93
  val   [#######---------------------------------] 17/93
  val   [#######---------------------------------] 18/93
  val   [########--------------------------------] 19/93
  val   [########--------------------------------] 20/93
  val   [#########-------------------------------] 21/93
  val   [#########-------------------------------] 22/93
  val   [#########-------------------------------] 23/93
  val   [##########------------------------------] 24/93
  val   [##########------------------------------] 25/93
  val   [###########-----------------------------] 26/93
  val   [###########-----------------------------] 27/93
  val   [############----------------------------] 28/93
  val   [############----------------------------] 29/93
  val   [############----------------------------] 30/93
  val   [#############---------------------------] 31/93
  val   [#############---------------------------] 32/93
  val   [##############--------------------------] 33/93
  val   [##############--------------------------] 34/93
  val   [###############-------------------------] 35/93
  val   [###############-------------------------] 36/93
  val   [###############-------------------------] 37/93
  val   [################------------------------] 38/93
  val   [################------------------------] 39/93
  val   [#################-----------------------] 40/93
  val   [#################-----------------------] 41/93
  val   [##################----------------------] 42/93
  val   [##################----------------------] 43/93
  val   [##################----------------------] 44/93
  val   [###################---------------------] 45/93
  val   [###################---------------------] 46/93
  val   [####################--------------------] 47/93
  val   [####################--------------------] 48/93
  val   [#####################-------------------] 49/93
  val   [#####################-------------------] 50/93
  val   [#####################-------------------] 51/93
  val   [######################------------------] 52/93
  val   [######################------------------] 53/93
  val   [#######################-----------------] 54/93
  val   [#######################-----------------] 55/93
  val   [########################----------------] 56/93
  val   [########################----------------] 57/93
  val   [########################----------------] 58/93
  val   [#########################---------------] 59/93
  val   [#########################---------------] 60/93
  val   [##########################--------------] 61/93
  val   [##########################--------------] 62/93
  val   [###########################-------------] 63/93
  val   [###########################-------------] 64/93
  val   [###########################-------------] 65/93
  val   [############################------------] 66/93
  val   [############################------------] 67/93
  val   [#############################-----------] 68/93
  val   [#############################-----------] 69/93
  val   [##############################----------] 70/93
  val   [##############################----------] 71/93
  val   [##############################----------] 72/93
  val   [###############################---------] 73/93
  val   [###############################---------] 74/93
  val   [################################--------] 75/93
  val   [################################--------] 76/93
  val   [#################################-------] 77/93
  val   [#################################-------] 78/93
  val   [#################################-------] 79/93
  val   [##################################------] 80/93
  val   [##################################------] 81/93
  val   [###################################-----] 82/93
  val   [###################################-----] 83/93
  val   [####################################----] 84/93
  val   [####################################----] 85/93
  val   [####################################----] 86/93
  val   [#####################################---] 87/93
  val   [#####################################---] 88/93
  val   [######################################--] 89/93
  val   [######################################--] 90/93
  val   [#######################################-] 91/93
  val   [#######################################-] 92/93
  val   [########################################] 93/93
Epoch   9 | train_loss=4.3663 | val_loss=4.5381 | val_acc=0.0726
  -> best model saved (val_loss=4.5381)
  train [----------------------------------------] 4/444  loss=4.3626
  train [----------------------------------------] 8/444  loss=4.3656
  train [#---------------------------------------] 12/444  loss=4.3814
  train [#---------------------------------------] 16/444  loss=4.3718
  train [#---------------------------------------] 20/444  loss=4.3671
  train [##--------------------------------------] 24/444  loss=4.3614
  train [##--------------------------------------] 28/444  loss=4.3348
  train [##--------------------------------------] 32/444  loss=4.3460
  train [###-------------------------------------] 36/444  loss=4.3386
  train [###-------------------------------------] 40/444  loss=4.3444
  train [###-------------------------------------] 44/444  loss=4.3367
  train [####------------------------------------] 48/444  loss=4.3460
  train [####------------------------------------] 52/444  loss=4.3391
  train [#####-----------------------------------] 56/444  loss=4.3555
  train [#####-----------------------------------] 60/444  loss=4.3544
  train [#####-----------------------------------] 64/444  loss=4.3472
  train [######----------------------------------] 68/444  loss=4.3439
  train [######----------------------------------] 72/444  loss=4.3368
  train [######----------------------------------] 76/444  loss=4.3467
  train [#######---------------------------------] 80/444  loss=4.3511
  train [#######---------------------------------] 84/444  loss=4.3456
  train [#######---------------------------------] 88/444  loss=4.3468
  train [########--------------------------------] 92/444  loss=4.3511
  train [########--------------------------------] 96/444  loss=4.3511
  train [#########-------------------------------] 100/444  loss=4.3531
  train [#########-------------------------------] 104/444  loss=4.3599
  train [#########-------------------------------] 108/444  loss=4.3562
  train [##########------------------------------] 112/444  loss=4.3513
  train [##########------------------------------] 116/444  loss=4.3528
  train [##########------------------------------] 120/444  loss=4.3522
  train [###########-----------------------------] 124/444  loss=4.3535
  train [###########-----------------------------] 128/444  loss=4.3599
  train [###########-----------------------------] 132/444  loss=4.3505
  train [############----------------------------] 136/444  loss=4.3491
  train [############----------------------------] 140/444  loss=4.3451
  train [############----------------------------] 144/444  loss=4.3426
  train [#############---------------------------] 148/444  loss=4.3460
  train [#############---------------------------] 152/444  loss=4.3458
  train [##############--------------------------] 156/444  loss=4.3453
  train [##############--------------------------] 160/444  loss=4.3409
  train [##############--------------------------] 164/444  loss=4.3374
  train [###############-------------------------] 168/444  loss=4.3405
  train [###############-------------------------] 172/444  loss=4.3371
  train [###############-------------------------] 176/444  loss=4.3374
  train [################------------------------] 180/444  loss=4.3403
  train [################------------------------] 184/444  loss=4.3430
  train [################------------------------] 188/444  loss=4.3416
  train [#################-----------------------] 192/444  loss=4.3383
  train [#################-----------------------] 196/444  loss=4.3383
  train [##################----------------------] 200/444  loss=4.3380
  train [##################----------------------] 204/444  loss=4.3379
  train [##################----------------------] 208/444  loss=4.3389
  train [###################---------------------] 212/444  loss=4.3375
  train [###################---------------------] 216/444  loss=4.3358
  train [###################---------------------] 220/444  loss=4.3374
  train [####################--------------------] 224/444  loss=4.3387
  train [####################--------------------] 228/444  loss=4.3412
  train [####################--------------------] 232/444  loss=4.3429
  train [#####################-------------------] 236/444  loss=4.3436
  train [#####################-------------------] 240/444  loss=4.3443
  train [#####################-------------------] 244/444  loss=4.3466
  train [######################------------------] 248/444  loss=4.3454
  train [######################------------------] 252/444  loss=4.3480
  train [#######################-----------------] 256/444  loss=4.3495
  train [#######################-----------------] 260/444  loss=4.3505
  train [#######################-----------------] 264/444  loss=4.3524
  train [########################----------------] 268/444  loss=4.3530
  train [########################----------------] 272/444  loss=4.3523
  train [########################----------------] 276/444  loss=4.3513
  train [#########################---------------] 280/444  loss=4.3497
  train [#########################---------------] 284/444  loss=4.3496
  train [#########################---------------] 288/444  loss=4.3491
  train [##########################--------------] 292/444  loss=4.3482
  train [##########################--------------] 296/444  loss=4.3465
  train [###########################-------------] 300/444  loss=4.3464
  train [###########################-------------] 304/444  loss=4.3462
  train [###########################-------------] 308/444  loss=4.3453
  train [############################------------] 312/444  loss=4.3450
  train [############################------------] 316/444  loss=4.3457
  train [############################------------] 320/444  loss=4.3451
  train [#############################-----------] 324/444  loss=4.3468
  train [#############################-----------] 328/444  loss=4.3459
  train [#############################-----------] 332/444  loss=4.3464
  train [##############################----------] 336/444  loss=4.3468
  train [##############################----------] 340/444  loss=4.3458
  train [##############################----------] 344/444  loss=4.3450
  train [###############################---------] 348/444  loss=4.3455
  train [###############################---------] 352/444  loss=4.3452
  train [################################--------] 356/444  loss=4.3430
  train [################################--------] 360/444  loss=4.3439
  train [################################--------] 364/444  loss=4.3445
  train [#################################-------] 368/444  loss=4.3437
  train [#################################-------] 372/444  loss=4.3444
  train [#################################-------] 376/444  loss=4.3451
  train [##################################------] 380/444  loss=4.3452
  train [##################################------] 384/444  loss=4.3447
  train [##################################------] 388/444  loss=4.3439
  train [###################################-----] 392/444  loss=4.3426
  train [###################################-----] 396/444  loss=4.3431
  train [####################################----] 400/444  loss=4.3418
  train [####################################----] 404/444  loss=4.3424
  train [####################################----] 408/444  loss=4.3421
  train [#####################################---] 412/444  loss=4.3436
  train [#####################################---] 416/444  loss=4.3444
  train [#####################################---] 420/444  loss=4.3442
  train [######################################--] 424/444  loss=4.3440
  train [######################################--] 428/444  loss=4.3425
  train [######################################--] 432/444  loss=4.3440
  train [#######################################-] 436/444  loss=4.3437
  train [#######################################-] 440/444  loss=4.3451
  train [########################################] 444/444  loss=4.3385
  val   [----------------------------------------] 1/93
  val   [----------------------------------------] 2/93
  val   [#---------------------------------------] 3/93
  val   [#---------------------------------------] 4/93
  val   [##--------------------------------------] 5/93
  val   [##--------------------------------------] 6/93
  val   [###-------------------------------------] 7/93
  val   [###-------------------------------------] 8/93
  val   [###-------------------------------------] 9/93
  val   [####------------------------------------] 10/93
  val   [####------------------------------------] 11/93
  val   [#####-----------------------------------] 12/93
  val   [#####-----------------------------------] 13/93
  val   [######----------------------------------] 14/93
  val   [######----------------------------------] 15/93
  val   [######----------------------------------] 16/93
  val   [#######---------------------------------] 17/93
  val   [#######---------------------------------] 18/93
  val   [########--------------------------------] 19/93
  val   [########--------------------------------] 20/93
  val   [#########-------------------------------] 21/93
  val   [#########-------------------------------] 22/93
  val   [#########-------------------------------] 23/93
  val   [##########------------------------------] 24/93
  val   [##########------------------------------] 25/93
  val   [###########-----------------------------] 26/93
  val   [###########-----------------------------] 27/93
  val   [############----------------------------] 28/93
  val   [############----------------------------] 29/93
  val   [############----------------------------] 30/93
  val   [#############---------------------------] 31/93
  val   [#############---------------------------] 32/93
  val   [##############--------------------------] 33/93
  val   [##############--------------------------] 34/93
  val   [###############-------------------------] 35/93
  val   [###############-------------------------] 36/93
  val   [###############-------------------------] 37/93
  val   [################------------------------] 38/93
  val   [################------------------------] 39/93
  val   [#################-----------------------] 40/93
  val   [#################-----------------------] 41/93
  val   [##################----------------------] 42/93
  val   [##################----------------------] 43/93
  val   [##################----------------------] 44/93
  val   [###################---------------------] 45/93
  val   [###################---------------------] 46/93
  val   [####################--------------------] 47/93
  val   [####################--------------------] 48/93
  val   [#####################-------------------] 49/93
  val   [#####################-------------------] 50/93
  val   [#####################-------------------] 51/93
  val   [######################------------------] 52/93
  val   [######################------------------] 53/93
  val   [#######################-----------------] 54/93
  val   [#######################-----------------] 55/93
  val   [########################----------------] 56/93
  val   [########################----------------] 57/93
  val   [########################----------------] 58/93
  val   [#########################---------------] 59/93
  val   [#########################---------------] 60/93
  val   [##########################--------------] 61/93
  val   [##########################--------------] 62/93
  val   [###########################-------------] 63/93
  val   [###########################-------------] 64/93
  val   [###########################-------------] 65/93
  val   [############################------------] 66/93
  val   [############################------------] 67/93
  val   [#############################-----------] 68/93
  val   [#############################-----------] 69/93
  val   [##############################----------] 70/93
  val   [##############################----------] 71/93
  val   [##############################----------] 72/93
  val   [###############################---------] 73/93
  val   [###############################---------] 74/93
  val   [################################--------] 75/93
  val   [################################--------] 76/93
  val   [#################################-------] 77/93
  val   [#################################-------] 78/93
  val   [#################################-------] 79/93
  val   [##################################------] 80/93
  val   [##################################------] 81/93
  val   [###################################-----] 82/93
  val   [###################################-----] 83/93
  val   [####################################----] 84/93
  val   [####################################----] 85/93
  val   [####################################----] 86/93
  val   [#####################################---] 87/93
  val   [#####################################---] 88/93
  val   [######################################--] 89/93
  val   [######################################--] 90/93
  val   [#######################################-] 91/93
  val   [#######################################-] 92/93
  val   [########################################] 93/93
Epoch  10 | train_loss=4.3455 | val_loss=4.5436 | val_acc=0.0725
  train [----------------------------------------] 4/444  loss=4.3613
  train [----------------------------------------] 8/444  loss=4.4049
  train [#---------------------------------------] 12/444  loss=4.3560
  train [#---------------------------------------] 16/444  loss=4.3561
  train [#---------------------------------------] 20/444  loss=4.3354
  train [##--------------------------------------] 24/444  loss=4.3121
  train [##--------------------------------------] 28/444  loss=4.3107
  train [##--------------------------------------] 32/444  loss=4.3072
  train [###-------------------------------------] 36/444  loss=4.2925
  train [###-------------------------------------] 40/444  loss=4.2915
  train [###-------------------------------------] 44/444  loss=4.3005
  train [####------------------------------------] 48/444  loss=4.2959
  train [####------------------------------------] 52/444  loss=4.2964
  train [#####-----------------------------------] 56/444  loss=4.2965
  train [#####-----------------------------------] 60/444  loss=4.2906
  train [#####-----------------------------------] 64/444  loss=4.3093
  train [######----------------------------------] 68/444  loss=4.3024
  train [######----------------------------------] 72/444  loss=4.3096
  train [######----------------------------------] 76/444  loss=4.3037
  train [#######---------------------------------] 80/444  loss=4.3050
  train [#######---------------------------------] 84/444  loss=4.2997
  train [#######---------------------------------] 88/444  loss=4.3068
  train [########--------------------------------] 92/444  loss=4.3046
  train [########--------------------------------] 96/444  loss=4.3034
  train [#########-------------------------------] 100/444  loss=4.3039
  train [#########-------------------------------] 104/444  loss=4.3066
  train [#########-------------------------------] 108/444  loss=4.3092
  train [##########------------------------------] 112/444  loss=4.3103
  train [##########------------------------------] 116/444  loss=4.3070
  train [##########------------------------------] 120/444  loss=4.3072
  train [###########-----------------------------] 124/444  loss=4.3126
  train [###########-----------------------------] 128/444  loss=4.3148
  train [###########-----------------------------] 132/444  loss=4.3096
  train [############----------------------------] 136/444  loss=4.3125
  train [############----------------------------] 140/444  loss=4.3174
  train [############----------------------------] 144/444  loss=4.3137
  train [#############---------------------------] 148/444  loss=4.3132
  train [#############---------------------------] 152/444  loss=4.3138
  train [##############--------------------------] 156/444  loss=4.3124
  train [##############--------------------------] 160/444  loss=4.3114
  train [##############--------------------------] 164/444  loss=4.3107
  train [###############-------------------------] 168/444  loss=4.3160
  train [###############-------------------------] 172/444  loss=4.3166
  train [###############-------------------------] 176/444  loss=4.3175
  train [################------------------------] 180/444  loss=4.3182
  train [################------------------------] 184/444  loss=4.3193
  train [################------------------------] 188/444  loss=4.3189
  train [#################-----------------------] 192/444  loss=4.3183
  train [#################-----------------------] 196/444  loss=4.3199
  train [##################----------------------] 200/444  loss=4.3175
  train [##################----------------------] 204/444  loss=4.3189
  train [##################----------------------] 208/444  loss=4.3207
  train [###################---------------------] 212/444  loss=4.3219
  train [###################---------------------] 216/444  loss=4.3237
  train [###################---------------------] 220/444  loss=4.3266
  train [####################--------------------] 224/444  loss=4.3265
  train [####################--------------------] 228/444  loss=4.3254
  train [####################--------------------] 232/444  loss=4.3254
  train [#####################-------------------] 236/444  loss=4.3271
  train [#####################-------------------] 240/444  loss=4.3259
  train [#####################-------------------] 244/444  loss=4.3255
  train [######################------------------] 248/444  loss=4.3247
  train [######################------------------] 252/444  loss=4.3214
  train [#######################-----------------] 256/444  loss=4.3210
  train [#######################-----------------] 260/444  loss=4.3202
  train [#######################-----------------] 264/444  loss=4.3191
  train [########################----------------] 268/444  loss=4.3186
  train [########################----------------] 272/444  loss=4.3179
  train [########################----------------] 276/444  loss=4.3176
  train [#########################---------------] 280/444  loss=4.3185
  train [#########################---------------] 284/444  loss=4.3181
  train [#########################---------------] 288/444  loss=4.3175
  train [##########################--------------] 292/444  loss=4.3179
  train [##########################--------------] 296/444  loss=4.3166
  train [###########################-------------] 300/444  loss=4.3158
  train [###########################-------------] 304/444  loss=4.3161
  train [###########################-------------] 308/444  loss=4.3187
  train [############################------------] 312/444  loss=4.3196
  train [############################------------] 316/444  loss=4.3200
  train [############################------------] 320/444  loss=4.3203
  train [#############################-----------] 324/444  loss=4.3196
  train [#############################-----------] 328/444  loss=4.3192
  train [#############################-----------] 332/444  loss=4.3196
  train [##############################----------] 336/444  loss=4.3191
  train [##############################----------] 340/444  loss=4.3205
  train [##############################----------] 344/444  loss=4.3188
  train [###############################---------] 348/444  loss=4.3176
  train [###############################---------] 352/444  loss=4.3185
  train [################################--------] 356/444  loss=4.3174
  train [################################--------] 360/444  loss=4.3151
  train [################################--------] 364/444  loss=4.3148
  train [#################################-------] 368/444  loss=4.3163
  train [#################################-------] 372/444  loss=4.3149
  train [#################################-------] 376/444  loss=4.3155
  train [##################################------] 380/444  loss=4.3157
  train [##################################------] 384/444  loss=4.3177
  train [##################################------] 388/444  loss=4.3187
  train [###################################-----] 392/444  loss=4.3204
  train [###################################-----] 396/444  loss=4.3207
  train [####################################----] 400/444  loss=4.3206
  train [####################################----] 404/444  loss=4.3206
  train [####################################----] 408/444  loss=4.3199
  train [#####################################---] 412/444  loss=4.3217
  train [#####################################---] 416/444  loss=4.3203
  train [#####################################---] 420/444  loss=4.3205
  train [######################################--] 424/444  loss=4.3216
  train [######################################--] 428/444  loss=4.3236
  train [######################################--] 432/444  loss=4.3230
  train [#######################################-] 436/444  loss=4.3244
  train [#######################################-] 440/444  loss=4.3258
  train [########################################] 444/444  loss=4.3191
  val   [----------------------------------------] 1/93
  val   [----------------------------------------] 2/93
  val   [#---------------------------------------] 3/93
  val   [#---------------------------------------] 4/93
  val   [##--------------------------------------] 5/93
  val   [##--------------------------------------] 6/93
  val   [###-------------------------------------] 7/93
  val   [###-------------------------------------] 8/93
  val   [###-------------------------------------] 9/93
  val   [####------------------------------------] 10/93
  val   [####------------------------------------] 11/93
  val   [#####-----------------------------------] 12/93
  val   [#####-----------------------------------] 13/93
  val   [######----------------------------------] 14/93
  val   [######----------------------------------] 15/93
  val   [######----------------------------------] 16/93
  val   [#######---------------------------------] 17/93
  val   [#######---------------------------------] 18/93
  val   [########--------------------------------] 19/93
  val   [########--------------------------------] 20/93
  val   [#########-------------------------------] 21/93
  val   [#########-------------------------------] 22/93
  val   [#########-------------------------------] 23/93
  val   [##########------------------------------] 24/93
  val   [##########------------------------------] 25/93
  val   [###########-----------------------------] 26/93
  val   [###########-----------------------------] 27/93
  val   [############----------------------------] 28/93
  val   [############----------------------------] 29/93
  val   [############----------------------------] 30/93
  val   [#############---------------------------] 31/93
  val   [#############---------------------------] 32/93
  val   [##############--------------------------] 33/93
  val   [##############--------------------------] 34/93
  val   [###############-------------------------] 35/93
  val   [###############-------------------------] 36/93
  val   [###############-------------------------] 37/93
  val   [################------------------------] 38/93
  val   [################------------------------] 39/93
  val   [#################-----------------------] 40/93
  val   [#################-----------------------] 41/93
  val   [##################----------------------] 42/93
  val   [##################----------------------] 43/93
  val   [##################----------------------] 44/93
  val   [###################---------------------] 45/93
  val   [###################---------------------] 46/93
  val   [####################--------------------] 47/93
  val   [####################--------------------] 48/93
  val   [#####################-------------------] 49/93
  val   [#####################-------------------] 50/93
  val   [#####################-------------------] 51/93
  val   [######################------------------] 52/93
  val   [######################------------------] 53/93
  val   [#######################-----------------] 54/93
  val   [#######################-----------------] 55/93
  val   [########################----------------] 56/93
  val   [########################----------------] 57/93
  val   [########################----------------] 58/93
  val   [#########################---------------] 59/93
  val   [#########################---------------] 60/93
  val   [##########################--------------] 61/93
  val   [##########################--------------] 62/93
  val   [###########################-------------] 63/93
  val   [###########################-------------] 64/93
  val   [###########################-------------] 65/93
  val   [############################------------] 66/93
  val   [############################------------] 67/93
  val   [#############################-----------] 68/93
  val   [#############################-----------] 69/93
  val   [##############################----------] 70/93
  val   [##############################----------] 71/93
  val   [##############################----------] 72/93
  val   [###############################---------] 73/93
  val   [###############################---------] 74/93
  val   [################################--------] 75/93
  val   [################################--------] 76/93
  val   [#################################-------] 77/93
  val   [#################################-------] 78/93
  val   [#################################-------] 79/93
  val   [##################################------] 80/93
  val   [##################################------] 81/93
  val   [###################################-----] 82/93
  val   [###################################-----] 83/93
  val   [####################################----] 84/93
  val   [####################################----] 85/93
  val   [####################################----] 86/93
  val   [#####################################---] 87/93
  val   [#####################################---] 88/93
  val   [######################################--] 89/93
  val   [######################################--] 90/93
  val   [#######################################-] 91/93
  val   [#######################################-] 92/93
  val   [########################################] 93/93
Epoch  11 | train_loss=4.3261 | val_loss=4.5334 | val_acc=0.0752
  -> best model saved (val_loss=4.5334)
  train [----------------------------------------] 4/444  loss=4.2572
  train [----------------------------------------] 8/444  loss=4.3733
  train [#---------------------------------------] 12/444  loss=4.3035
  train [#---------------------------------------] 16/444  loss=4.2896
  train [#---------------------------------------] 20/444  loss=4.2704
  train [##--------------------------------------] 24/444  loss=4.2765
  train [##--------------------------------------] 28/444  loss=4.2875
  train [##--------------------------------------] 32/444  loss=4.2886
  train [###-------------------------------------] 36/444  loss=4.2941
  train [###-------------------------------------] 40/444  loss=4.2939
  train [###-------------------------------------] 44/444  loss=4.3000
  train [####------------------------------------] 48/444  loss=4.3008
  train [####------------------------------------] 52/444  loss=4.2894
  train [#####-----------------------------------] 56/444  loss=4.2895
  train [#####-----------------------------------] 60/444  loss=4.2819
  train [#####-----------------------------------] 64/444  loss=4.2948
  train [######----------------------------------] 68/444  loss=4.2973
  train [######----------------------------------] 72/444  loss=4.2935
  train [######----------------------------------] 76/444  loss=4.2909
  train [#######---------------------------------] 80/444  loss=4.2854
  train [#######---------------------------------] 84/444  loss=4.2858
  train [#######---------------------------------] 88/444  loss=4.2837
  train [########--------------------------------] 92/444  loss=4.2824
  train [########--------------------------------] 96/444  loss=4.2859
  train [#########-------------------------------] 100/444  loss=4.2872
  train [#########-------------------------------] 104/444  loss=4.2948
  train [#########-------------------------------] 108/444  loss=4.2923
  train [##########------------------------------] 112/444  loss=4.2931
  train [##########------------------------------] 116/444  loss=4.2951
  train [##########------------------------------] 120/444  loss=4.2979
  train [###########-----------------------------] 124/444  loss=4.2922
  train [###########-----------------------------] 128/444  loss=4.2888
  train [###########-----------------------------] 132/444  loss=4.2879
  train [############----------------------------] 136/444  loss=4.2844
  train [############----------------------------] 140/444  loss=4.2805
  train [############----------------------------] 144/444  loss=4.2845
  train [#############---------------------------] 148/444  loss=4.2846
  train [#############---------------------------] 152/444  loss=4.2802
  train [##############--------------------------] 156/444  loss=4.2822
  train [##############--------------------------] 160/444  loss=4.2845
  train [##############--------------------------] 164/444  loss=4.2889
  train [###############-------------------------] 168/444  loss=4.2882
  train [###############-------------------------] 172/444  loss=4.2881
  train [###############-------------------------] 176/444  loss=4.2894
  train [################------------------------] 180/444  loss=4.2862
  train [################------------------------] 184/444  loss=4.2901
  train [################------------------------] 188/444  loss=4.2921
  train [#################-----------------------] 192/444  loss=4.2953
  train [#################-----------------------] 196/444  loss=4.2951
  train [##################----------------------] 200/444  loss=4.2901
  train [##################----------------------] 204/444  loss=4.2886
  train [##################----------------------] 208/444  loss=4.2884
  train [###################---------------------] 212/444  loss=4.2882
  train [###################---------------------] 216/444  loss=4.2893
  train [###################---------------------] 220/444  loss=4.2893
  train [####################--------------------] 224/444  loss=4.2897
  train [####################--------------------] 228/444  loss=4.2866
  train [####################--------------------] 232/444  loss=4.2882
  train [#####################-------------------] 236/444  loss=4.2909
  train [#####################-------------------] 240/444  loss=4.2929
  train [#####################-------------------] 244/444  loss=4.2939
  train [######################------------------] 248/444  loss=4.2943
  train [######################------------------] 252/444  loss=4.2946
  train [#######################-----------------] 256/444  loss=4.2955
  train [#######################-----------------] 260/444  loss=4.2958
  train [#######################-----------------] 264/444  loss=4.2955
  train [########################----------------] 268/444  loss=4.2963
  train [########################----------------] 272/444  loss=4.2955
  train [########################----------------] 276/444  loss=4.2960
  train [#########################---------------] 280/444  loss=4.2954
  train [#########################---------------] 284/444  loss=4.2973
  train [#########################---------------] 288/444  loss=4.2981
  train [##########################--------------] 292/444  loss=4.2975
  train [##########################--------------] 296/444  loss=4.2970
  train [###########################-------------] 300/444  loss=4.2969
  train [###########################-------------] 304/444  loss=4.2984
  train [###########################-------------] 308/444  loss=4.3011
  train [############################------------] 312/444  loss=4.3010
  train [############################------------] 316/444  loss=4.3034
  train [############################------------] 320/444  loss=4.3047
  train [#############################-----------] 324/444  loss=4.3044
  train [#############################-----------] 328/444  loss=4.3042
  train [#############################-----------] 332/444  loss=4.3044
  train [##############################----------] 336/444  loss=4.3045
  train [##############################----------] 340/444  loss=4.3042
  train [##############################----------] 344/444  loss=4.3045
  train [###############################---------] 348/444  loss=4.3035
  train [###############################---------] 352/444  loss=4.3042
  train [################################--------] 356/444  loss=4.3057
  train [################################--------] 360/444  loss=4.3036
  train [################################--------] 364/444  loss=4.3049
  train [#################################-------] 368/444  loss=4.3041
  train [#################################-------] 372/444  loss=4.3038
  train [#################################-------] 376/444  loss=4.3050
  train [##################################------] 380/444  loss=4.3056
  train [##################################------] 384/444  loss=4.3079
  train [##################################------] 388/444  loss=4.3087
  train [###################################-----] 392/444  loss=4.3094
  train [###################################-----] 396/444  loss=4.3083
  train [####################################----] 400/444  loss=4.3098
  train [####################################----] 404/444  loss=4.3109
  train [####################################----] 408/444  loss=4.3122
  train [#####################################---] 412/444  loss=4.3133
  train [#####################################---] 416/444  loss=4.3132
  train [#####################################---] 420/444  loss=4.3141
  train [######################################--] 424/444  loss=4.3113
  train [######################################--] 428/444  loss=4.3106
  train [######################################--] 432/444  loss=4.3108
  train [#######################################-] 436/444  loss=4.3103
  train [#######################################-] 440/444  loss=4.3089
  train [########################################] 444/444  loss=4.3015
  val   [----------------------------------------] 1/93
  val   [----------------------------------------] 2/93
  val   [#---------------------------------------] 3/93
  val   [#---------------------------------------] 4/93
  val   [##--------------------------------------] 5/93
  val   [##--------------------------------------] 6/93
  val   [###-------------------------------------] 7/93
  val   [###-------------------------------------] 8/93
  val   [###-------------------------------------] 9/93
  val   [####------------------------------------] 10/93
  val   [####------------------------------------] 11/93
  val   [#####-----------------------------------] 12/93
  val   [#####-----------------------------------] 13/93
  val   [######----------------------------------] 14/93
  val   [######----------------------------------] 15/93
  val   [######----------------------------------] 16/93
  val   [#######---------------------------------] 17/93
  val   [#######---------------------------------] 18/93
  val   [########--------------------------------] 19/93
  val   [########--------------------------------] 20/93
  val   [#########-------------------------------] 21/93
  val   [#########-------------------------------] 22/93
  val   [#########-------------------------------] 23/93
  val   [##########------------------------------] 24/93
  val   [##########------------------------------] 25/93
  val   [###########-----------------------------] 26/93
  val   [###########-----------------------------] 27/93
  val   [############----------------------------] 28/93
  val   [############----------------------------] 29/93
  val   [############----------------------------] 30/93
  val   [#############---------------------------] 31/93
  val   [#############---------------------------] 32/93
  val   [##############--------------------------] 33/93
  val   [##############--------------------------] 34/93
  val   [###############-------------------------] 35/93
  val   [###############-------------------------] 36/93
  val   [###############-------------------------] 37/93
  val   [################------------------------] 38/93
  val   [################------------------------] 39/93
  val   [#################-----------------------] 40/93
  val   [#################-----------------------] 41/93
  val   [##################----------------------] 42/93
  val   [##################----------------------] 43/93
  val   [##################----------------------] 44/93
  val   [###################---------------------] 45/93
  val   [###################---------------------] 46/93
  val   [####################--------------------] 47/93
  val   [####################--------------------] 48/93
  val   [#####################-------------------] 49/93
  val   [#####################-------------------] 50/93
  val   [#####################-------------------] 51/93
  val   [######################------------------] 52/93
  val   [######################------------------] 53/93
  val   [#######################-----------------] 54/93
  val   [#######################-----------------] 55/93
  val   [########################----------------] 56/93
  val   [########################----------------] 57/93
  val   [########################----------------] 58/93
  val   [#########################---------------] 59/93
  val   [#########################---------------] 60/93
  val   [##########################--------------] 61/93
  val   [##########################--------------] 62/93
  val   [###########################-------------] 63/93
  val   [###########################-------------] 64/93
  val   [###########################-------------] 65/93
  val   [############################------------] 66/93
  val   [############################------------] 67/93
  val   [#############################-----------] 68/93
  val   [#############################-----------] 69/93
  val   [##############################----------] 70/93
  val   [##############################----------] 71/93
  val   [##############################----------] 72/93
  val   [###############################---------] 73/93
  val   [###############################---------] 74/93
  val   [################################--------] 75/93
  val   [################################--------] 76/93
  val   [#################################-------] 77/93
  val   [#################################-------] 78/93
  val   [#################################-------] 79/93
  val   [##################################------] 80/93
  val   [##################################------] 81/93
  val   [###################################-----] 82/93
  val   [###################################-----] 83/93
  val   [####################################----] 84/93
  val   [####################################----] 85/93
  val   [####################################----] 86/93
  val   [#####################################---] 87/93
  val   [#####################################---] 88/93
  val   [######################################--] 89/93
  val   [######################################--] 90/93
  val   [#######################################-] 91/93
  val   [#######################################-] 92/93
  val   [########################################] 93/93
Epoch  12 | train_loss=4.3085 | val_loss=4.5257 | val_acc=0.0726
  -> best model saved (val_loss=4.5257)
  train [----------------------------------------] 4/444  loss=4.3510
  train [----------------------------------------] 8/444  loss=4.2175
  train [#---------------------------------------] 12/444  loss=4.3008
  train [#---------------------------------------] 16/444  loss=4.3023
  train [#---------------------------------------] 20/444  loss=4.2814
  train [##--------------------------------------] 24/444  loss=4.2783
  train [##--------------------------------------] 28/444  loss=4.2704
  train [##--------------------------------------] 32/444  loss=4.2792
  train [###-------------------------------------] 36/444  loss=4.2696
  train [###-------------------------------------] 40/444  loss=4.2664
  train [###-------------------------------------] 44/444  loss=4.2661
  train [####------------------------------------] 48/444  loss=4.2647
  train [####------------------------------------] 52/444  loss=4.2723
  train [#####-----------------------------------] 56/444  loss=4.2701
  train [#####-----------------------------------] 60/444  loss=4.2722
  train [#####-----------------------------------] 64/444  loss=4.2766
  train [######----------------------------------] 68/444  loss=4.2756
  train [######----------------------------------] 72/444  loss=4.2849
  train [######----------------------------------] 76/444  loss=4.2934
  train [#######---------------------------------] 80/444  loss=4.2939
  train [#######---------------------------------] 84/444  loss=4.2968
  train [#######---------------------------------] 88/444  loss=4.2995
  train [########--------------------------------] 92/444  loss=4.2974
  train [########--------------------------------] 96/444  loss=4.3029
  train [#########-------------------------------] 100/444  loss=4.2986
  train [#########-------------------------------] 104/444  loss=4.2968
  train [#########-------------------------------] 108/444  loss=4.2919
  train [##########------------------------------] 112/444  loss=4.2910
  train [##########------------------------------] 116/444  loss=4.2944
  train [##########------------------------------] 120/444  loss=4.2934
  train [###########-----------------------------] 124/444  loss=4.2883
  train [###########-----------------------------] 128/444  loss=4.2898
  train [###########-----------------------------] 132/444  loss=4.2931
  train [############----------------------------] 136/444  loss=4.2881
  train [############----------------------------] 140/444  loss=4.2873
  train [############----------------------------] 144/444  loss=4.2884
  train [#############---------------------------] 148/444  loss=4.2907
  train [#############---------------------------] 152/444  loss=4.2924
  train [##############--------------------------] 156/444  loss=4.2952
  train [##############--------------------------] 160/444  loss=4.2969
  train [##############--------------------------] 164/444  loss=4.2968
  train [###############-------------------------] 168/444  loss=4.2972
  train [###############-------------------------] 172/444  loss=4.2996
  train [###############-------------------------] 176/444  loss=4.2961
  train [################------------------------] 180/444  loss=4.2975
  train [################------------------------] 184/444  loss=4.2998
  train [################------------------------] 188/444  loss=4.2982
  train [#################-----------------------] 192/444  loss=4.2990
  train [#################-----------------------] 196/444  loss=4.2988
  train [##################----------------------] 200/444  loss=4.3018
  train [##################----------------------] 204/444  loss=4.3030
  train [##################----------------------] 208/444  loss=4.3019
  train [###################---------------------] 212/444  loss=4.3047
  train [###################---------------------] 216/444  loss=4.3061
  train [###################---------------------] 220/444  loss=4.3041
  train [####################--------------------] 224/444  loss=4.3027
  train [####################--------------------] 228/444  loss=4.3006
  train [####################--------------------] 232/444  loss=4.2990
  train [#####################-------------------] 236/444  loss=4.2977
  train [#####################-------------------] 240/444  loss=4.2981
  train [#####################-------------------] 244/444  loss=4.2978
  train [######################------------------] 248/444  loss=4.2961
  train [######################------------------] 252/444  loss=4.2936
  train [#######################-----------------] 256/444  loss=4.2937
  train [#######################-----------------] 260/444  loss=4.2954
  train [#######################-----------------] 264/444  loss=4.2948
  train [########################----------------] 268/444  loss=4.2946
  train [########################----------------] 272/444  loss=4.2947
  train [########################----------------] 276/444  loss=4.2921
  train [#########################---------------] 280/444  loss=4.2904
  train [#########################---------------] 284/444  loss=4.2912
  train [#########################---------------] 288/444  loss=4.2909
  train [##########################--------------] 292/444  loss=4.2890
  train [##########################--------------] 296/444  loss=4.2910
  train [###########################-------------] 300/444  loss=4.2913
  train [###########################-------------] 304/444  loss=4.2908
  train [###########################-------------] 308/444  loss=4.2907
  train [############################------------] 312/444  loss=4.2903
  train [############################------------] 316/444  loss=4.2886
  train [############################------------] 320/444  loss=4.2885
  train [#############################-----------] 324/444  loss=4.2886
  train [#############################-----------] 328/444  loss=4.2870
  train [#############################-----------] 332/444  loss=4.2874
  train [##############################----------] 336/444  loss=4.2872
  train [##############################----------] 340/444  loss=4.2875
  train [##############################----------] 344/444  loss=4.2899
  train [###############################---------] 348/444  loss=4.2892
  train [###############################---------] 352/444  loss=4.2884
  train [################################--------] 356/444  loss=4.2891
  train [################################--------] 360/444  loss=4.2899
  train [################################--------] 364/444  loss=4.2903
  train [#################################-------] 368/444  loss=4.2899
  train [#################################-------] 372/444  loss=4.2885
  train [#################################-------] 376/444  loss=4.2893
  train [##################################------] 380/444  loss=4.2895
  train [##################################------] 384/444  loss=4.2885
  train [##################################------] 388/444  loss=4.2898
  train [###################################-----] 392/444  loss=4.2896
  train [###################################-----] 396/444  loss=4.2896
  train [####################################----] 400/444  loss=4.2904
  train [####################################----] 404/444  loss=4.2904
  train [####################################----] 408/444  loss=4.2897
  train [#####################################---] 412/444  loss=4.2903
  train [#####################################---] 416/444  loss=4.2896
  train [#####################################---] 420/444  loss=4.2898
  train [######################################--] 424/444  loss=4.2909
  train [######################################--] 428/444  loss=4.2916
  train [######################################--] 432/444  loss=4.2907
  train [#######################################-] 436/444  loss=4.2919
  train [#######################################-] 440/444  loss=4.2929
  train [########################################] 444/444  loss=4.2870
  val   [----------------------------------------] 1/93
  val   [----------------------------------------] 2/93
  val   [#---------------------------------------] 3/93
  val   [#---------------------------------------] 4/93
  val   [##--------------------------------------] 5/93
  val   [##--------------------------------------] 6/93
  val   [###-------------------------------------] 7/93
  val   [###-------------------------------------] 8/93
  val   [###-------------------------------------] 9/93
  val   [####------------------------------------] 10/93
  val   [####------------------------------------] 11/93
  val   [#####-----------------------------------] 12/93
  val   [#####-----------------------------------] 13/93
  val   [######----------------------------------] 14/93
  val   [######----------------------------------] 15/93
  val   [######----------------------------------] 16/93
  val   [#######---------------------------------] 17/93
  val   [#######---------------------------------] 18/93
  val   [########--------------------------------] 19/93
  val   [########--------------------------------] 20/93
  val   [#########-------------------------------] 21/93
  val   [#########-------------------------------] 22/93
  val   [#########-------------------------------] 23/93
  val   [##########------------------------------] 24/93
  val   [##########------------------------------] 25/93
  val   [###########-----------------------------] 26/93
  val   [###########-----------------------------] 27/93
  val   [############----------------------------] 28/93
  val   [############----------------------------] 29/93
  val   [############----------------------------] 30/93
  val   [#############---------------------------] 31/93
  val   [#############---------------------------] 32/93
  val   [##############--------------------------] 33/93
  val   [##############--------------------------] 34/93
  val   [###############-------------------------] 35/93
  val   [###############-------------------------] 36/93
  val   [###############-------------------------] 37/93
  val   [################------------------------] 38/93
  val   [################------------------------] 39/93
  val   [#################-----------------------] 40/93
  val   [#################-----------------------] 41/93
  val   [##################----------------------] 42/93
  val   [##################----------------------] 43/93
  val   [##################----------------------] 44/93
  val   [###################---------------------] 45/93
  val   [###################---------------------] 46/93
  val   [####################--------------------] 47/93
  val   [####################--------------------] 48/93
  val   [#####################-------------------] 49/93
  val   [#####################-------------------] 50/93
  val   [#####################-------------------] 51/93
  val   [######################------------------] 52/93
  val   [######################------------------] 53/93
  val   [#######################-----------------] 54/93
  val   [#######################-----------------] 55/93
  val   [########################----------------] 56/93
  val   [########################----------------] 57/93
  val   [########################----------------] 58/93
  val   [#########################---------------] 59/93
  val   [#########################---------------] 60/93
  val   [##########################--------------] 61/93
  val   [##########################--------------] 62/93
  val   [###########################-------------] 63/93
  val   [###########################-------------] 64/93
  val   [###########################-------------] 65/93
  val   [############################------------] 66/93
  val   [############################------------] 67/93
  val   [#############################-----------] 68/93
  val   [#############################-----------] 69/93
  val   [##############################----------] 70/93
  val   [##############################----------] 71/93
  val   [##############################----------] 72/93
  val   [###############################---------] 73/93
  val   [###############################---------] 74/93
  val   [################################--------] 75/93
  val   [################################--------] 76/93
  val   [#################################-------] 77/93
  val   [#################################-------] 78/93
  val   [#################################-------] 79/93
  val   [##################################------] 80/93
  val   [##################################------] 81/93
  val   [###################################-----] 82/93
  val   [###################################-----] 83/93
  val   [####################################----] 84/93
  val   [####################################----] 85/93
  val   [####################################----] 86/93
  val   [#####################################---] 87/93
  val   [#####################################---] 88/93
  val   [######################################--] 89/93
  val   [######################################--] 90/93
  val   [#######################################-] 91/93
  val   [#######################################-] 92/93
  val   [########################################] 93/93
Epoch  13 | train_loss=4.2940 | val_loss=4.5274 | val_acc=0.0730
  train [----------------------------------------] 4/444  loss=4.1493
  train [----------------------------------------] 8/444  loss=4.1864
  train [#---------------------------------------] 12/444  loss=4.2352
  train [#---------------------------------------] 16/444  loss=4.2495
  train [#---------------------------------------] 20/444  loss=4.2587
  train [##--------------------------------------] 24/444  loss=4.2483
  train [##--------------------------------------] 28/444  loss=4.2762
  train [##--------------------------------------] 32/444  loss=4.2838
  train [###-------------------------------------] 36/444  loss=4.2562
  train [###-------------------------------------] 40/444  loss=4.2590
  train [###-------------------------------------] 44/444  loss=4.2661
  train [####------------------------------------] 48/444  loss=4.2566
  train [####------------------------------------] 52/444  loss=4.2575
  train [#####-----------------------------------] 56/444  loss=4.2510
  train [#####-----------------------------------] 60/444  loss=4.2511
  train [#####-----------------------------------] 64/444  loss=4.2444
  train [######----------------------------------] 68/444  loss=4.2431
  train [######----------------------------------] 72/444  loss=4.2465
  train [######----------------------------------] 76/444  loss=4.2537
  train [#######---------------------------------] 80/444  loss=4.2579
  train [#######---------------------------------] 84/444  loss=4.2621
  train [#######---------------------------------] 88/444  loss=4.2627
  train [########--------------------------------] 92/444  loss=4.2664
  train [########--------------------------------] 96/444  loss=4.2686
  train [#########-------------------------------] 100/444  loss=4.2727
  train [#########-------------------------------] 104/444  loss=4.2747
  train [#########-------------------------------] 108/444  loss=4.2820
  train [##########------------------------------] 112/444  loss=4.2791
  train [##########------------------------------] 116/444  loss=4.2787
  train [##########------------------------------] 120/444  loss=4.2738
  train [###########-----------------------------] 124/444  loss=4.2733
  train [###########-----------------------------] 128/444  loss=4.2733
  train [###########-----------------------------] 132/444  loss=4.2691
  train [############----------------------------] 136/444  loss=4.2698
  train [############----------------------------] 140/444  loss=4.2677
  train [############----------------------------] 144/444  loss=4.2646
  train [#############---------------------------] 148/444  loss=4.2669
  train [#############---------------------------] 152/444  loss=4.2668
  train [##############--------------------------] 156/444  loss=4.2696
  train [##############--------------------------] 160/444  loss=4.2712
  train [##############--------------------------] 164/444  loss=4.2676
  train [###############-------------------------] 168/444  loss=4.2713
  train [###############-------------------------] 172/444  loss=4.2717
  train [###############-------------------------] 176/444  loss=4.2739
  train [################------------------------] 180/444  loss=4.2745
  train [################------------------------] 184/444  loss=4.2783
  train [################------------------------] 188/444  loss=4.2795
  train [#################-----------------------] 192/444  loss=4.2790
  train [#################-----------------------] 196/444  loss=4.2769
  train [##################----------------------] 200/444  loss=4.2746
  train [##################----------------------] 204/444  loss=4.2779
  train [##################----------------------] 208/444  loss=4.2776
  train [###################---------------------] 212/444  loss=4.2795
  train [###################---------------------] 216/444  loss=4.2760
  train [###################---------------------] 220/444  loss=4.2755
  train [####################--------------------] 224/444  loss=4.2743
  train [####################--------------------] 228/444  loss=4.2729
  train [####################--------------------] 232/444  loss=4.2718
  train [#####################-------------------] 236/444  loss=4.2702
  train [#####################-------------------] 240/444  loss=4.2709
  train [#####################-------------------] 244/444  loss=4.2722
  train [######################------------------] 248/444  loss=4.2719
  train [######################------------------] 252/444  loss=4.2720
  train [#######################-----------------] 256/444  loss=4.2721
  train [#######################-----------------] 260/444  loss=4.2747
  train [#######################-----------------] 264/444  loss=4.2732
  train [########################----------------] 268/444  loss=4.2736
  train [########################----------------] 272/444  loss=4.2750
  train [########################----------------] 276/444  loss=4.2750
  train [#########################---------------] 280/444  loss=4.2765
  train [#########################---------------] 284/444  loss=4.2781
  train [#########################---------------] 288/444  loss=4.2772
  train [##########################--------------] 292/444  loss=4.2776
  train [##########################--------------] 296/444  loss=4.2764
  train [###########################-------------] 300/444  loss=4.2741
  train [###########################-------------] 304/444  loss=4.2731
  train [###########################-------------] 308/444  loss=4.2728
  train [############################------------] 312/444  loss=4.2733
  train [############################------------] 316/444  loss=4.2755
  train [############################------------] 320/444  loss=4.2772
  train [#############################-----------] 324/444  loss=4.2762
  train [#############################-----------] 328/444  loss=4.2770
  train [#############################-----------] 332/444  loss=4.2761
  train [##############################----------] 336/444  loss=4.2747
  train [##############################----------] 340/444  loss=4.2735
  train [##############################----------] 344/444  loss=4.2751
  train [###############################---------] 348/444  loss=4.2759
  train [###############################---------] 352/444  loss=4.2772
  train [################################--------] 356/444  loss=4.2759
  train [################################--------] 360/444  loss=4.2755
  train [################################--------] 364/444  loss=4.2761
  train [#################################-------] 368/444  loss=4.2760
  train [#################################-------] 372/444  loss=4.2753
  train [#################################-------] 376/444  loss=4.2748
  train [##################################------] 380/444  loss=4.2738
  train [##################################------] 384/444  loss=4.2741
  train [##################################------] 388/444  loss=4.2743
  train [###################################-----] 392/444  loss=4.2737
  train [###################################-----] 396/444  loss=4.2750
  train [####################################----] 400/444  loss=4.2739
  train [####################################----] 404/444  loss=4.2745
  train [####################################----] 408/444  loss=4.2749
  train [#####################################---] 412/444  loss=4.2755
  train [#####################################---] 416/444  loss=4.2751
  train [#####################################---] 420/444  loss=4.2757
  train [######################################--] 424/444  loss=4.2772
  train [######################################--] 428/444  loss=4.2759
  train [######################################--] 432/444  loss=4.2769
  train [#######################################-] 436/444  loss=4.2765
  train [#######################################-] 440/444  loss=4.2765
  train [########################################] 444/444  loss=4.2704
  val   [----------------------------------------] 1/93
  val   [----------------------------------------] 2/93
  val   [#---------------------------------------] 3/93
  val   [#---------------------------------------] 4/93
  val   [##--------------------------------------] 5/93
  val   [##--------------------------------------] 6/93
  val   [###-------------------------------------] 7/93
  val   [###-------------------------------------] 8/93
  val   [###-------------------------------------] 9/93
  val   [####------------------------------------] 10/93
  val   [####------------------------------------] 11/93
  val   [#####-----------------------------------] 12/93
  val   [#####-----------------------------------] 13/93
  val   [######----------------------------------] 14/93
  val   [######----------------------------------] 15/93
  val   [######----------------------------------] 16/93
  val   [#######---------------------------------] 17/93
  val   [#######---------------------------------] 18/93
  val   [########--------------------------------] 19/93
  val   [########--------------------------------] 20/93
  val   [#########-------------------------------] 21/93
  val   [#########-------------------------------] 22/93
  val   [#########-------------------------------] 23/93
  val   [##########------------------------------] 24/93
  val   [##########------------------------------] 25/93
  val   [###########-----------------------------] 26/93
  val   [###########-----------------------------] 27/93
  val   [############----------------------------] 28/93
  val   [############----------------------------] 29/93
  val   [############----------------------------] 30/93
  val   [#############---------------------------] 31/93
  val   [#############---------------------------] 32/93
  val   [##############--------------------------] 33/93
  val   [##############--------------------------] 34/93
  val   [###############-------------------------] 35/93
  val   [###############-------------------------] 36/93
  val   [###############-------------------------] 37/93
  val   [################------------------------] 38/93
  val   [################------------------------] 39/93
  val   [#################-----------------------] 40/93
  val   [#################-----------------------] 41/93
  val   [##################----------------------] 42/93
  val   [##################----------------------] 43/93
  val   [##################----------------------] 44/93
  val   [###################---------------------] 45/93
  val   [###################---------------------] 46/93
  val   [####################--------------------] 47/93
  val   [####################--------------------] 48/93
  val   [#####################-------------------] 49/93
  val   [#####################-------------------] 50/93
  val   [#####################-------------------] 51/93
  val   [######################------------------] 52/93
  val   [######################------------------] 53/93
  val   [#######################-----------------] 54/93
  val   [#######################-----------------] 55/93
  val   [########################----------------] 56/93
  val   [########################----------------] 57/93
  val   [########################----------------] 58/93
  val   [#########################---------------] 59/93
  val   [#########################---------------] 60/93
  val   [##########################--------------] 61/93
  val   [##########################--------------] 62/93
  val   [###########################-------------] 63/93
  val   [###########################-------------] 64/93
  val   [###########################-------------] 65/93
  val   [############################------------] 66/93
  val   [############################------------] 67/93
  val   [#############################-----------] 68/93
  val   [#############################-----------] 69/93
  val   [##############################----------] 70/93
  val   [##############################----------] 71/93
  val   [##############################----------] 72/93
  val   [###############################---------] 73/93
  val   [###############################---------] 74/93
  val   [################################--------] 75/93
  val   [################################--------] 76/93
  val   [#################################-------] 77/93
  val   [#################################-------] 78/93
  val   [#################################-------] 79/93
  val   [##################################------] 80/93
  val   [##################################------] 81/93
  val   [###################################-----] 82/93
  val   [###################################-----] 83/93
  val   [####################################----] 84/93
  val   [####################################----] 85/93
  val   [####################################----] 86/93
  val   [#####################################---] 87/93
  val   [#####################################---] 88/93
  val   [######################################--] 89/93
  val   [######################################--] 90/93
  val   [#######################################-] 91/93
  val   [#######################################-] 92/93
  val   [########################################] 93/93
Epoch  14 | train_loss=4.2773 | val_loss=4.5307 | val_acc=0.0782
  train [----------------------------------------] 4/444  loss=4.2320
  train [----------------------------------------] 8/444  loss=4.1742
  train [#---------------------------------------] 12/444  loss=4.1967
  train [#---------------------------------------] 16/444  loss=4.1985
  train [#---------------------------------------] 20/444  loss=4.2084
  train [##--------------------------------------] 24/444  loss=4.2218
  train [##--------------------------------------] 28/444  loss=4.2259
  train [##--------------------------------------] 32/444  loss=4.2097
  train [###-------------------------------------] 36/444  loss=4.2028
  train [###-------------------------------------] 40/444  loss=4.1910
  train [###-------------------------------------] 44/444  loss=4.1981
  train [####------------------------------------] 48/444  loss=4.1990
  train [####------------------------------------] 52/444  loss=4.2050
  train [#####-----------------------------------] 56/444  loss=4.2054
  train [#####-----------------------------------] 60/444  loss=4.2105
  train [#####-----------------------------------] 64/444  loss=4.2081
  train [######----------------------------------] 68/444  loss=4.2133
  train [######----------------------------------] 72/444  loss=4.2094
  train [######----------------------------------] 76/444  loss=4.2093
  train [#######---------------------------------] 80/444  loss=4.2054
  train [#######---------------------------------] 84/444  loss=4.2142
  train [#######---------------------------------] 88/444  loss=4.2201
  train [########--------------------------------] 92/444  loss=4.2128
  train [########--------------------------------] 96/444  loss=4.2177
  train [#########-------------------------------] 100/444  loss=4.2233
  train [#########-------------------------------] 104/444  loss=4.2285
  train [#########-------------------------------] 108/444  loss=4.2295
  train [##########------------------------------] 112/444  loss=4.2277
  train [##########------------------------------] 116/444  loss=4.2294
  train [##########------------------------------] 120/444  loss=4.2305
  train [###########-----------------------------] 124/444  loss=4.2300
  train [###########-----------------------------] 128/444  loss=4.2316
  train [###########-----------------------------] 132/444  loss=4.2325
  train [############----------------------------] 136/444  loss=4.2290
  train [############----------------------------] 140/444  loss=4.2333
  train [############----------------------------] 144/444  loss=4.2329
  train [#############---------------------------] 148/444  loss=4.2323
  train [#############---------------------------] 152/444  loss=4.2333
  train [##############--------------------------] 156/444  loss=4.2353
  train [##############--------------------------] 160/444  loss=4.2312
  train [##############--------------------------] 164/444  loss=4.2294
  train [###############-------------------------] 168/444  loss=4.2278
  train [###############-------------------------] 172/444  loss=4.2281
  train [###############-------------------------] 176/444  loss=4.2284
  train [################------------------------] 180/444  loss=4.2275
  train [################------------------------] 184/444  loss=4.2308
  train [################------------------------] 188/444  loss=4.2349
  train [#################-----------------------] 192/444  loss=4.2348
  train [#################-----------------------] 196/444  loss=4.2350
  train [##################----------------------] 200/444  loss=4.2341
  train [##################----------------------] 204/444  loss=4.2361
  train [##################----------------------] 208/444  loss=4.2348
  train [###################---------------------] 212/444  loss=4.2332
  train [###################---------------------] 216/444  loss=4.2396
  train [###################---------------------] 220/444  loss=4.2398
  train [####################--------------------] 224/444  loss=4.2392
  train [####################--------------------] 228/444  loss=4.2433
  train [####################--------------------] 232/444  loss=4.2447
  train [#####################-------------------] 236/444  loss=4.2444
  train [#####################-------------------] 240/444  loss=4.2445
  train [#####################-------------------] 244/444  loss=4.2463
  train [######################------------------] 248/444  loss=4.2478
  train [######################------------------] 252/444  loss=4.2481
  train [#######################-----------------] 256/444  loss=4.2497
  train [#######################-----------------] 260/444  loss=4.2505
  train [#######################-----------------] 264/444  loss=4.2522
  train [########################----------------] 268/444  loss=4.2515
  train [########################----------------] 272/444  loss=4.2528
  train [########################----------------] 276/444  loss=4.2545
  train [#########################---------------] 280/444  loss=4.2548
  train [#########################---------------] 284/444  loss=4.2546
  train [#########################---------------] 288/444  loss=4.2561
  train [##########################--------------] 292/444  loss=4.2547
  train [##########################--------------] 296/444  loss=4.2547
  train [###########################-------------] 300/444  loss=4.2546
  train [###########################-------------] 304/444  loss=4.2529
  train [###########################-------------] 308/444  loss=4.2557
  train [############################------------] 312/444  loss=4.2569
  train [############################------------] 316/444  loss=4.2600
  train [############################------------] 320/444  loss=4.2599
  train [#############################-----------] 324/444  loss=4.2617
  train [#############################-----------] 328/444  loss=4.2631
  train [#############################-----------] 332/444  loss=4.2630
  train [##############################----------] 336/444  loss=4.2616
  train [##############################----------] 340/444  loss=4.2609
  train [##############################----------] 344/444  loss=4.2629
  train [###############################---------] 348/444  loss=4.2646
  train [###############################---------] 352/444  loss=4.2632
  train [################################--------] 356/444  loss=4.2641
  train [################################--------] 360/444  loss=4.2635
  train [################################--------] 364/444  loss=4.2628
  train [#################################-------] 368/444  loss=4.2614
  train [#################################-------] 372/444  loss=4.2608
  train [#################################-------] 376/444  loss=4.2623
  train [##################################------] 380/444  loss=4.2639
  train [##################################------] 384/444  loss=4.2632
  train [##################################------] 388/444  loss=4.2639
  train [###################################-----] 392/444  loss=4.2651
  train [###################################-----] 396/444  loss=4.2651
  train [####################################----] 400/444  loss=4.2654
  train [####################################----] 404/444  loss=4.2645
  train [####################################----] 408/444  loss=4.2665
  train [#####################################---] 412/444  loss=4.2672
  train [#####################################---] 416/444  loss=4.2672
  train [#####################################---] 420/444  loss=4.2687
  train [######################################--] 424/444  loss=4.2692
  train [######################################--] 428/444  loss=4.2693
  train [######################################--] 432/444  loss=4.2690
  train [#######################################-] 436/444  loss=4.2697
  train [#######################################-] 440/444  loss=4.2695
  train [########################################] 444/444  loss=4.2604
  val   [----------------------------------------] 1/93
  val   [----------------------------------------] 2/93
  val   [#---------------------------------------] 3/93
  val   [#---------------------------------------] 4/93
  val   [##--------------------------------------] 5/93
  val   [##--------------------------------------] 6/93
  val   [###-------------------------------------] 7/93
  val   [###-------------------------------------] 8/93
  val   [###-------------------------------------] 9/93
  val   [####------------------------------------] 10/93
  val   [####------------------------------------] 11/93
  val   [#####-----------------------------------] 12/93
  val   [#####-----------------------------------] 13/93
  val   [######----------------------------------] 14/93
  val   [######----------------------------------] 15/93
  val   [######----------------------------------] 16/93
  val   [#######---------------------------------] 17/93
  val   [#######---------------------------------] 18/93
  val   [########--------------------------------] 19/93
  val   [########--------------------------------] 20/93
  val   [#########-------------------------------] 21/93
  val   [#########-------------------------------] 22/93
  val   [#########-------------------------------] 23/93
  val   [##########------------------------------] 24/93
  val   [##########------------------------------] 25/93
  val   [###########-----------------------------] 26/93
  val   [###########-----------------------------] 27/93
  val   [############----------------------------] 28/93
  val   [############----------------------------] 29/93
  val   [############----------------------------] 30/93
  val   [#############---------------------------] 31/93
  val   [#############---------------------------] 32/93
  val   [##############--------------------------] 33/93
  val   [##############--------------------------] 34/93
  val   [###############-------------------------] 35/93
  val   [###############-------------------------] 36/93
  val   [###############-------------------------] 37/93
  val   [################------------------------] 38/93
  val   [################------------------------] 39/93
  val   [#################-----------------------] 40/93
  val   [#################-----------------------] 41/93
  val   [##################----------------------] 42/93
  val   [##################----------------------] 43/93
  val   [##################----------------------] 44/93
  val   [###################---------------------] 45/93
  val   [###################---------------------] 46/93
  val   [####################--------------------] 47/93
  val   [####################--------------------] 48/93
  val   [#####################-------------------] 49/93
  val   [#####################-------------------] 50/93
  val   [#####################-------------------] 51/93
  val   [######################------------------] 52/93
  val   [######################------------------] 53/93
  val   [#######################-----------------] 54/93
  val   [#######################-----------------] 55/93
  val   [########################----------------] 56/93
  val   [########################----------------] 57/93
  val   [########################----------------] 58/93
  val   [#########################---------------] 59/93
  val   [#########################---------------] 60/93
  val   [##########################--------------] 61/93
  val   [##########################--------------] 62/93
  val   [###########################-------------] 63/93
  val   [###########################-------------] 64/93
  val   [###########################-------------] 65/93
  val   [############################------------] 66/93
  val   [############################------------] 67/93
  val   [#############################-----------] 68/93
  val   [#############################-----------] 69/93
  val   [##############################----------] 70/93
  val   [##############################----------] 71/93
  val   [##############################----------] 72/93
  val   [###############################---------] 73/93
  val   [###############################---------] 74/93
  val   [################################--------] 75/93
  val   [################################--------] 76/93
  val   [#################################-------] 77/93
  val   [#################################-------] 78/93
  val   [#################################-------] 79/93
  val   [##################################------] 80/93
  val   [##################################------] 81/93
  val   [###################################-----] 82/93
  val   [###################################-----] 83/93
  val   [####################################----] 84/93
  val   [####################################----] 85/93
  val   [####################################----] 86/93
  val   [#####################################---] 87/93
  val   [#####################################---] 88/93
  val   [######################################--] 89/93
  val   [######################################--] 90/93
  val   [#######################################-] 91/93
  val   [#######################################-] 92/93
  val   [########################################] 93/93
Epoch  15 | train_loss=4.2673 | val_loss=4.5313 | val_acc=0.0747
  train [----------------------------------------] 4/444  loss=4.2170
  train [----------------------------------------] 8/444  loss=4.2618
  train [#---------------------------------------] 12/444  loss=4.2763
  train [#---------------------------------------] 16/444  loss=4.2679
  train [#---------------------------------------] 20/444  loss=4.2593
  train [##--------------------------------------] 24/444  loss=4.2607
  train [##--------------------------------------] 28/444  loss=4.2447
  train [##--------------------------------------] 32/444  loss=4.2471
  train [###-------------------------------------] 36/444  loss=4.2426
  train [###-------------------------------------] 40/444  loss=4.2472
  train [###-------------------------------------] 44/444  loss=4.2639
  train [####------------------------------------] 48/444  loss=4.2654
  train [####------------------------------------] 52/444  loss=4.2632
  train [#####-----------------------------------] 56/444  loss=4.2669
  train [#####-----------------------------------] 60/444  loss=4.2625
  train [#####-----------------------------------] 64/444  loss=4.2652
  train [######----------------------------------] 68/444  loss=4.2560
  train [######----------------------------------] 72/444  loss=4.2583
  train [######----------------------------------] 76/444  loss=4.2552
  train [#######---------------------------------] 80/444  loss=4.2579
  train [#######---------------------------------] 84/444  loss=4.2536
  train [#######---------------------------------] 88/444  loss=4.2576
  train [########--------------------------------] 92/444  loss=4.2556
  train [########--------------------------------] 96/444  loss=4.2555
  train [#########-------------------------------] 100/444  loss=4.2550
  train [#########-------------------------------] 104/444  loss=4.2557
  train [#########-------------------------------] 108/444  loss=4.2532
  train [##########------------------------------] 112/444  loss=4.2505
  train [##########------------------------------] 116/444  loss=4.2514
  train [##########------------------------------] 120/444  loss=4.2468
  train [###########-----------------------------] 124/444  loss=4.2463
  train [###########-----------------------------] 128/444  loss=4.2451
  train [###########-----------------------------] 132/444  loss=4.2468
  train [############----------------------------] 136/444  loss=4.2425
  train [############----------------------------] 140/444  loss=4.2454
  train [############----------------------------] 144/444  loss=4.2477
  train [#############---------------------------] 148/444  loss=4.2483
  train [#############---------------------------] 152/444  loss=4.2483
  train [##############--------------------------] 156/444  loss=4.2486
  train [##############--------------------------] 160/444  loss=4.2448
  train [##############--------------------------] 164/444  loss=4.2456
  train [###############-------------------------] 168/444  loss=4.2415
  train [###############-------------------------] 172/444  loss=4.2425
  train [###############-------------------------] 176/444  loss=4.2401
  train [################------------------------] 180/444  loss=4.2425
  train [################------------------------] 184/444  loss=4.2417
  train [################------------------------] 188/444  loss=4.2434
  train [#################-----------------------] 192/444  loss=4.2405
  train [#################-----------------------] 196/444  loss=4.2419
  train [##################----------------------] 200/444  loss=4.2411
  train [##################----------------------] 204/444  loss=4.2401
  train [##################----------------------] 208/444  loss=4.2430
  train [###################---------------------] 212/444  loss=4.2423
  train [###################---------------------] 216/444  loss=4.2435
  train [###################---------------------] 220/444  loss=4.2440
  train [####################--------------------] 224/444  loss=4.2421
  train [####################--------------------] 228/444  loss=4.2398
  train [####################--------------------] 232/444  loss=4.2405
  train [#####################-------------------] 236/444  loss=4.2391
  train [#####################-------------------] 240/444  loss=4.2374
  train [#####################-------------------] 244/444  loss=4.2332
  train [######################------------------] 248/444  loss=4.2335
  train [######################------------------] 252/444  loss=4.2317
  train [#######################-----------------] 256/444  loss=4.2323
  train [#######################-----------------] 260/444  loss=4.2335
  train [#######################-----------------] 264/444  loss=4.2344
  train [########################----------------] 268/444  loss=4.2348
  train [########################----------------] 272/444  loss=4.2345
  train [########################----------------] 276/444  loss=4.2332
  train [#########################---------------] 280/444  loss=4.2356
  train [#########################---------------] 284/444  loss=4.2367
  train [#########################---------------] 288/444  loss=4.2378
  train [##########################--------------] 292/444  loss=4.2377
  train [##########################--------------] 296/444  loss=4.2400
  train [###########################-------------] 300/444  loss=4.2399
  train [###########################-------------] 304/444  loss=4.2388
  train [###########################-------------] 308/444  loss=4.2379
  train [############################------------] 312/444  loss=4.2395
  train [############################------------] 316/444  loss=4.2388
  train [############################------------] 320/444  loss=4.2384
  train [#############################-----------] 324/444  loss=4.2396
  train [#############################-----------] 328/444  loss=4.2390
  train [#############################-----------] 332/444  loss=4.2402
  train [##############################----------] 336/444  loss=4.2419
  train [##############################----------] 340/444  loss=4.2419
  train [##############################----------] 344/444  loss=4.2448
  train [###############################---------] 348/444  loss=4.2449
  train [###############################---------] 352/444  loss=4.2444
  train [################################--------] 356/444  loss=4.2453
  train [################################--------] 360/444  loss=4.2456
  train [################################--------] 364/444  loss=4.2458
  train [#################################-------] 368/444  loss=4.2469
  train [#################################-------] 372/444  loss=4.2453
  train [#################################-------] 376/444  loss=4.2464
  train [##################################------] 380/444  loss=4.2455
  train [##################################------] 384/444  loss=4.2456
  train [##################################------] 388/444  loss=4.2434
  train [###################################-----] 392/444  loss=4.2440
  train [###################################-----] 396/444  loss=4.2448
  train [####################################----] 400/444  loss=4.2455
  train [####################################----] 404/444  loss=4.2471
  train [####################################----] 408/444  loss=4.2462
  train [#####################################---] 412/444  loss=4.2470
  train [#####################################---] 416/444  loss=4.2483
  train [#####################################---] 420/444  loss=4.2501
  train [######################################--] 424/444  loss=4.2507
  train [######################################--] 428/444  loss=4.2504
  train [######################################--] 432/444  loss=4.2520
  train [#######################################-] 436/444  loss=4.2537
  train [#######################################-] 440/444  loss=4.2544
  train [########################################] 444/444  loss=4.2464
  val   [----------------------------------------] 1/93
  val   [----------------------------------------] 2/93
  val   [#---------------------------------------] 3/93
  val   [#---------------------------------------] 4/93
  val   [##--------------------------------------] 5/93
  val   [##--------------------------------------] 6/93
  val   [###-------------------------------------] 7/93
  val   [###-------------------------------------] 8/93
  val   [###-------------------------------------] 9/93
  val   [####------------------------------------] 10/93
  val   [####------------------------------------] 11/93
  val   [#####-----------------------------------] 12/93
  val   [#####-----------------------------------] 13/93
  val   [######----------------------------------] 14/93
  val   [######----------------------------------] 15/93
  val   [######----------------------------------] 16/93
  val   [#######---------------------------------] 17/93
  val   [#######---------------------------------] 18/93
  val   [########--------------------------------] 19/93
  val   [########--------------------------------] 20/93
  val   [#########-------------------------------] 21/93
  val   [#########-------------------------------] 22/93
  val   [#########-------------------------------] 23/93
  val   [##########------------------------------] 24/93
  val   [##########------------------------------] 25/93
  val   [###########-----------------------------] 26/93
  val   [###########-----------------------------] 27/93
  val   [############----------------------------] 28/93
  val   [############----------------------------] 29/93
  val   [############----------------------------] 30/93
  val   [#############---------------------------] 31/93
  val   [#############---------------------------] 32/93
  val   [##############--------------------------] 33/93
  val   [##############--------------------------] 34/93
  val   [###############-------------------------] 35/93
  val   [###############-------------------------] 36/93
  val   [###############-------------------------] 37/93
  val   [################------------------------] 38/93
  val   [################------------------------] 39/93
  val   [#################-----------------------] 40/93
  val   [#################-----------------------] 41/93
  val   [##################----------------------] 42/93
  val   [##################----------------------] 43/93
  val   [##################----------------------] 44/93
  val   [###################---------------------] 45/93
  val   [###################---------------------] 46/93
  val   [####################--------------------] 47/93
  val   [####################--------------------] 48/93
  val   [#####################-------------------] 49/93
  val   [#####################-------------------] 50/93
  val   [#####################-------------------] 51/93
  val   [######################------------------] 52/93
  val   [######################------------------] 53/93
  val   [#######################-----------------] 54/93
  val   [#######################-----------------] 55/93
  val   [########################----------------] 56/93
  val   [########################----------------] 57/93
  val   [########################----------------] 58/93
  val   [#########################---------------] 59/93
  val   [#########################---------------] 60/93
  val   [##########################--------------] 61/93
  val   [##########################--------------] 62/93
  val   [###########################-------------] 63/93
  val   [###########################-------------] 64/93
  val   [###########################-------------] 65/93
  val   [############################------------] 66/93
  val   [############################------------] 67/93
  val   [#############################-----------] 68/93
  val   [#############################-----------] 69/93
  val   [##############################----------] 70/93
  val   [##############################----------] 71/93
  val   [##############################----------] 72/93
  val   [###############################---------] 73/93
  val   [###############################---------] 74/93
  val   [################################--------] 75/93
  val   [################################--------] 76/93
  val   [#################################-------] 77/93
  val   [#################################-------] 78/93
  val   [#################################-------] 79/93
  val   [##################################------] 80/93
  val   [##################################------] 81/93
  val   [###################################-----] 82/93
  val   [###################################-----] 83/93
  val   [####################################----] 84/93
  val   [####################################----] 85/93
  val   [####################################----] 86/93
  val   [#####################################---] 87/93
  val   [#####################################---] 88/93
  val   [######################################--] 89/93
  val   [######################################--] 90/93
  val   [#######################################-] 91/93
  val   [#######################################-] 92/93
  val   [########################################] 93/93
Epoch  16 | train_loss=4.2533 | val_loss=4.5332 | val_acc=0.0748
  train [----------------------------------------] 4/444  loss=4.2283
  train [----------------------------------------] 8/444  loss=4.2087
  train [#---------------------------------------] 12/444  loss=4.2376
  train [#---------------------------------------] 16/444  loss=4.2418
  train [#---------------------------------------] 20/444  loss=4.2623
  train [##--------------------------------------] 24/444  loss=4.2541
  train [##--------------------------------------] 28/444  loss=4.2614
  train [##--------------------------------------] 32/444  loss=4.2613
  train [###-------------------------------------] 36/444  loss=4.2562
  train [###-------------------------------------] 40/444  loss=4.2424
  train [###-------------------------------------] 44/444  loss=4.2319
  train [####------------------------------------] 48/444  loss=4.2253
  train [####------------------------------------] 52/444  loss=4.2310
  train [#####-----------------------------------] 56/444  loss=4.2299
  train [#####-----------------------------------] 60/444  loss=4.2466
  train [#####-----------------------------------] 64/444  loss=4.2454
  train [######----------------------------------] 68/444  loss=4.2408
  train [######----------------------------------] 72/444  loss=4.2366
  train [######----------------------------------] 76/444  loss=4.2461
  train [#######---------------------------------] 80/444  loss=4.2504
  train [#######---------------------------------] 84/444  loss=4.2527
  train [#######---------------------------------] 88/444  loss=4.2434
  train [########--------------------------------] 92/444  loss=4.2417
  train [########--------------------------------] 96/444  loss=4.2417
  train [#########-------------------------------] 100/444  loss=4.2455
  train [#########-------------------------------] 104/444  loss=4.2447
  train [#########-------------------------------] 108/444  loss=4.2458
  train [##########------------------------------] 112/444  loss=4.2431
  train [##########------------------------------] 116/444  loss=4.2454
  train [##########------------------------------] 120/444  loss=4.2496
  train [###########-----------------------------] 124/444  loss=4.2529
  train [###########-----------------------------] 128/444  loss=4.2484
  train [###########-----------------------------] 132/444  loss=4.2492
  train [############----------------------------] 136/444  loss=4.2566
  train [############----------------------------] 140/444  loss=4.2555
  train [############----------------------------] 144/444  loss=4.2549
  train [#############---------------------------] 148/444  loss=4.2529
  train [#############---------------------------] 152/444  loss=4.2552
  train [##############--------------------------] 156/444  loss=4.2541
  train [##############--------------------------] 160/444  loss=4.2521
  train [##############--------------------------] 164/444  loss=4.2538
  train [###############-------------------------] 168/444  loss=4.2541
  train [###############-------------------------] 172/444  loss=4.2535
  train [###############-------------------------] 176/444  loss=4.2513
  train [################------------------------] 180/444  loss=4.2486
  train [################------------------------] 184/444  loss=4.2454
  train [################------------------------] 188/444  loss=4.2455
  train [#################-----------------------] 192/444  loss=4.2445
  train [#################-----------------------] 196/444  loss=4.2439
  train [##################----------------------] 200/444  loss=4.2433
  train [##################----------------------] 204/444  loss=4.2432
  train [##################----------------------] 208/444  loss=4.2409
  train [###################---------------------] 212/444  loss=4.2424
  train [###################---------------------] 216/444  loss=4.2435
  train [###################---------------------] 220/444  loss=4.2435
  train [####################--------------------] 224/444  loss=4.2437
  train [####################--------------------] 228/444  loss=4.2438
  train [####################--------------------] 232/444  loss=4.2395
  train [#####################-------------------] 236/444  loss=4.2390
  train [#####################-------------------] 240/444  loss=4.2391
  train [#####################-------------------] 244/444  loss=4.2395
  train [######################------------------] 248/444  loss=4.2383
  train [######################------------------] 252/444  loss=4.2360
  train [#######################-----------------] 256/444  loss=4.2382
  train [#######################-----------------] 260/444  loss=4.2380
  train [#######################-----------------] 264/444  loss=4.2380
  train [########################----------------] 268/444  loss=4.2394
  train [########################----------------] 272/444  loss=4.2407
  train [########################----------------] 276/444  loss=4.2412
  train [#########################---------------] 280/444  loss=4.2429
  train [#########################---------------] 284/444  loss=4.2420
  train [#########################---------------] 288/444  loss=4.2437
  train [##########################--------------] 292/444  loss=4.2443
  train [##########################--------------] 296/444  loss=4.2434
  train [###########################-------------] 300/444  loss=4.2437
  train [###########################-------------] 304/444  loss=4.2423
  train [###########################-------------] 308/444  loss=4.2439
  train [############################------------] 312/444  loss=4.2433
  train [############################------------] 316/444  loss=4.2432
  train [############################------------] 320/444  loss=4.2431
  train [#############################-----------] 324/444  loss=4.2440
  train [#############################-----------] 328/444  loss=4.2454
  train [#############################-----------] 332/444  loss=4.2456
  train [##############################----------] 336/444  loss=4.2441
  train [##############################----------] 340/444  loss=4.2439
  train [##############################----------] 344/444  loss=4.2441
  train [###############################---------] 348/444  loss=4.2429
  train [###############################---------] 352/444  loss=4.2421
  train [################################--------] 356/444  loss=4.2399
  train [################################--------] 360/444  loss=4.2404
  train [################################--------] 364/444  loss=4.2400
  train [#################################-------] 368/444  loss=4.2411
  train [#################################-------] 372/444  loss=4.2399
  train [#################################-------] 376/444  loss=4.2406
  train [##################################------] 380/444  loss=4.2405
  train [##################################------] 384/444  loss=4.2393
  train [##################################------] 388/444  loss=4.2387
  train [###################################-----] 392/444  loss=4.2394
  train [###################################-----] 396/444  loss=4.2400
  train [####################################----] 400/444  loss=4.2399
  train [####################################----] 404/444  loss=4.2400
  train [####################################----] 408/444  loss=4.2402
  train [#####################################---] 412/444  loss=4.2390
  train [#####################################---] 416/444  loss=4.2398
  train [#####################################---] 420/444  loss=4.2398
  train [######################################--] 424/444  loss=4.2420
  train [######################################--] 428/444  loss=4.2417
  train [######################################--] 432/444  loss=4.2416
  train [#######################################-] 436/444  loss=4.2429
  train [#######################################-] 440/444  loss=4.2432
  train [########################################] 444/444  loss=4.2369
  val   [----------------------------------------] 1/93
  val   [----------------------------------------] 2/93
  val   [#---------------------------------------] 3/93
  val   [#---------------------------------------] 4/93
  val   [##--------------------------------------] 5/93
  val   [##--------------------------------------] 6/93
  val   [###-------------------------------------] 7/93
  val   [###-------------------------------------] 8/93
  val   [###-------------------------------------] 9/93
  val   [####------------------------------------] 10/93
  val   [####------------------------------------] 11/93
  val   [#####-----------------------------------] 12/93
  val   [#####-----------------------------------] 13/93
  val   [######----------------------------------] 14/93
  val   [######----------------------------------] 15/93
  val   [######----------------------------------] 16/93
  val   [#######---------------------------------] 17/93
  val   [#######---------------------------------] 18/93
  val   [########--------------------------------] 19/93
  val   [########--------------------------------] 20/93
  val   [#########-------------------------------] 21/93
  val   [#########-------------------------------] 22/93
  val   [#########-------------------------------] 23/93
  val   [##########------------------------------] 24/93
  val   [##########------------------------------] 25/93
  val   [###########-----------------------------] 26/93
  val   [###########-----------------------------] 27/93
  val   [############----------------------------] 28/93
  val   [############----------------------------] 29/93
  val   [############----------------------------] 30/93
  val   [#############---------------------------] 31/93
  val   [#############---------------------------] 32/93
  val   [##############--------------------------] 33/93
  val   [##############--------------------------] 34/93
  val   [###############-------------------------] 35/93
  val   [###############-------------------------] 36/93
  val   [###############-------------------------] 37/93
  val   [################------------------------] 38/93
  val   [################------------------------] 39/93
  val   [#################-----------------------] 40/93
  val   [#################-----------------------] 41/93
  val   [##################----------------------] 42/93
  val   [##################----------------------] 43/93
  val   [##################----------------------] 44/93
  val   [###################---------------------] 45/93
  val   [###################---------------------] 46/93
  val   [####################--------------------] 47/93
  val   [####################--------------------] 48/93
  val   [#####################-------------------] 49/93
  val   [#####################-------------------] 50/93
  val   [#####################-------------------] 51/93
  val   [######################------------------] 52/93
  val   [######################------------------] 53/93
  val   [#######################-----------------] 54/93
  val   [#######################-----------------] 55/93
  val   [########################----------------] 56/93
  val   [########################----------------] 57/93
  val   [########################----------------] 58/93
  val   [#########################---------------] 59/93
  val   [#########################---------------] 60/93
  val   [##########################--------------] 61/93
  val   [##########################--------------] 62/93
  val   [###########################-------------] 63/93
  val   [###########################-------------] 64/93
  val   [###########################-------------] 65/93
  val   [############################------------] 66/93
  val   [############################------------] 67/93
  val   [#############################-----------] 68/93
  val   [#############################-----------] 69/93
  val   [##############################----------] 70/93
  val   [##############################----------] 71/93
  val   [##############################----------] 72/93
  val   [###############################---------] 73/93
  val   [###############################---------] 74/93
  val   [################################--------] 75/93
  val   [################################--------] 76/93
  val   [#################################-------] 77/93
  val   [#################################-------] 78/93
  val   [#################################-------] 79/93
  val   [##################################------] 80/93
  val   [##################################------] 81/93
  val   [###################################-----] 82/93
  val   [###################################-----] 83/93
  val   [####################################----] 84/93
  val   [####################################----] 85/93
  val   [####################################----] 86/93
  val   [#####################################---] 87/93
  val   [#####################################---] 88/93
  val   [######################################--] 89/93
  val   [######################################--] 90/93
  val   [#######################################-] 91/93
  val   [#######################################-] 92/93
  val   [########################################] 93/93
Epoch  17 | train_loss=4.2438 | val_loss=4.5332 | val_acc=0.0747
Early stopping at epoch 17 (no improvement for 5 epochs)

Done. Results in /zfsstore/courses/2025-2026/4343MMEBX/Group6/results/location_only/
Loading datasets...
Classes: 317, total samples: 40902
Discarded 247 species (1087 records) below MIN_GBIFIDS=10
Building model and loading best.pt...
Running inference on test set...
  inference [----------------------------------------] 1/104
  inference [----------------------------------------] 2/104
  inference [#---------------------------------------] 3/104
  inference [#---------------------------------------] 4/104
  inference [#---------------------------------------] 5/104
  inference [##--------------------------------------] 6/104
  inference [##--------------------------------------] 7/104
  inference [###-------------------------------------] 8/104
  inference [###-------------------------------------] 9/104
  inference [###-------------------------------------] 10/104
  inference [####------------------------------------] 11/104
  inference [####------------------------------------] 12/104
  inference [#####-----------------------------------] 13/104
  inference [#####-----------------------------------] 14/104
  inference [#####-----------------------------------] 15/104
  inference [######----------------------------------] 16/104
  inference [######----------------------------------] 17/104
  inference [######----------------------------------] 18/104
  inference [#######---------------------------------] 19/104
  inference [#######---------------------------------] 20/104
  inference [########--------------------------------] 21/104
  inference [########--------------------------------] 22/104
  inference [########--------------------------------] 23/104
  inference [#########-------------------------------] 24/104
  inference [#########-------------------------------] 25/104
  inference [##########------------------------------] 26/104
  inference [##########------------------------------] 27/104
  inference [##########------------------------------] 28/104
  inference [###########-----------------------------] 29/104
  inference [###########-----------------------------] 30/104
  inference [###########-----------------------------] 31/104
  inference [############----------------------------] 32/104
  inference [############----------------------------] 33/104
  inference [#############---------------------------] 34/104
  inference [#############---------------------------] 35/104
  inference [#############---------------------------] 36/104
  inference [##############--------------------------] 37/104
  inference [##############--------------------------] 38/104
  inference [###############-------------------------] 39/104
  inference [###############-------------------------] 40/104
  inference [###############-------------------------] 41/104
  inference [################------------------------] 42/104
  inference [################------------------------] 43/104
  inference [################------------------------] 44/104
  inference [#################-----------------------] 45/104
  inference [#################-----------------------] 46/104
  inference [##################----------------------] 47/104
  inference [##################----------------------] 48/104
  inference [##################----------------------] 49/104
  inference [###################---------------------] 50/104
  inference [###################---------------------] 51/104
  inference [####################--------------------] 52/104
  inference [####################--------------------] 53/104
  inference [####################--------------------] 54/104
  inference [#####################-------------------] 55/104
  inference [#####################-------------------] 56/104
  inference [#####################-------------------] 57/104
  inference [######################------------------] 58/104
  inference [######################------------------] 59/104
  inference [#######################-----------------] 60/104
  inference [#######################-----------------] 61/104
  inference [#######################-----------------] 62/104
  inference [########################----------------] 63/104
  inference [########################----------------] 64/104
  inference [#########################---------------] 65/104
  inference [#########################---------------] 66/104
  inference [#########################---------------] 67/104
  inference [##########################--------------] 68/104
  inference [##########################--------------] 69/104
  inference [##########################--------------] 70/104
  inference [###########################-------------] 71/104
  inference [###########################-------------] 72/104
  inference [############################------------] 73/104
  inference [############################------------] 74/104
  inference [############################------------] 75/104
  inference [#############################-----------] 76/104
  inference [#############################-----------] 77/104
  inference [##############################----------] 78/104
  inference [##############################----------] 79/104
  inference [##############################----------] 80/104
  inference [###############################---------] 81/104
  inference [###############################---------] 82/104
  inference [###############################---------] 83/104
  inference [################################--------] 84/104
  inference [################################--------] 85/104
  inference [#################################-------] 86/104
  inference [#################################-------] 87/104
  inference [#################################-------] 88/104
  inference [##################################------] 89/104
  inference [##################################------] 90/104
  inference [###################################-----] 91/104
  inference [###################################-----] 92/104
  inference [###################################-----] 93/104
  inference [####################################----] 94/104
  inference [####################################----] 95/104
  inference [####################################----] 96/104
  inference [#####################################---] 97/104
  inference [#####################################---] 98/104
  inference [######################################--] 99/104
  inference [######################################--] 100/104
  inference [######################################--] 101/104
  inference [#######################################-] 102/104
  inference [#######################################-] 103/104
  inference [########################################] 104/104
Macro-F1 (overall): 0.0247
  rare  : 0.0315
  medium: 0.0429
  common: 0.0846
Metrics saved to /zfsstore/courses/2025-2026/4343MMEBX/Group6/results/location_only/metrics.json
